決策 决策 [01\[ jué cè\]]	strategic decision;decision-making;policy decision;to determine policy
決策樹 决策树 [01\[ jué cè shù\]]	decision tree
決策者 决策者 [01\[ jué cè zhě\]]	policymaker
決算 决算 [01\[ jué suàn\]]	final account;to calculate the final bill;fig. to draw up plans to deal with sth
決裂 决裂 [01\[ jué liè\]]	to rupture;to burst open;to break;to break off relations with;a rupture
決議 决议 [01\[ jué yì\]]	resolution
決議案 决议案 [01\[ jué yì àn\]]	(pass a) resolution
決賽 决赛 [01\[ jué sài\]]	finals (of a competition)
決隄 决堤 [01\[ jué dī\]]	dam burst;breach of dike
決鬥 决斗 [01\[ jué dòu\]]	duel
汽 汽 [01\[ qì\]]	steam;vapor
汽化 汽化 [01\[ qì huà\]]	to boil;to vaporize
汽暖 汽暖 [01\[ qì nuǎn\]]	gas heating
汽水 汽水 [01\[ qì shuǐ\]]	soda;pop
汽油 汽油 [01\[ qì yóu\]]	gas;gasoline
汽燈 汽灯 [01\[ qì dēng\]]	gas lamp
汽碾 汽碾 [01\[ qì niǎn\]]	steam roller;steam-driven mill
汽笛 汽笛 [01\[ qì dí\]]	a whistle
汽缸 汽缸 [01\[ qì gāng\]]	cylinder (of steam engine or internal combustion engine)
汽船 汽船 [01\[ qì chuán\]]	steamboat;steamship
汽艇 汽艇 [01\[ qì tǐng\]]	motor boat
汽車 汽车 [01\[ qì chē\]]	car;automobile;bus
汽車夏利股份有限公司 汽车夏利股份有限公司 [01\[ qì chē xià lì gǔ fèn yǒu xiàn gōng sī\]]	tianjin faw xiali motor company
汽車展覽會 汽车展览会 [01\[ qì chē zhǎn lǎn huì\]]	car show;automobile expo
汽車廠 汽车厂 [01\[ qì chē chǎng\]]	car factory
汽車炸彈 汽车炸弹 [01\[ qì chē zhà dàn\]]	car bomb
汽車炸彈事件 汽车炸弹事件 [01\[ qì chē zhà dàn shì jiàn\]]	car bombing
汽車站 汽车站 [01\[ qì chē zhàn\]]	bus stop;bus station
汽輪機 汽轮机 [01\[ qì lún jī\]]	steam turbine
汽輪發電機 汽轮发电机 [01\[ qì lún fā diàn jī\]]	steam turbine electric generator
汽酒 汽酒 [01\[ qì jiǔ\]]	sparkling wine
汽鍋 汽锅 [01\[ qì guō\]]	steamer (for cooking)
汽閥 汽阀 [01\[ qì fá\]]	steam valve
汾 汾 [01\[ fén\]]	name of a river
汾河 汾河 [01\[ fén hé\]]	fen river
汾西 汾西 [01\[ fén xī\]]	(n) fenxi (place in shanxi)
汾陽 汾阳 [01\[ fén yáng\]]	(n) fenyang (place in shanxi)
沁 沁 [01\[ qìn\]]	name of a river
沁水 沁水 [01\[ qìn shuǐ\]]	(n) qinshui (place in shanxi)
沁源 沁源 [01\[ qìn yuán\]]	(n) qinyuan (place in shanxi)
沁縣 沁县 [01\[ qìn xiàn\]]	qin county in shanxi
沁陽 沁阳 [01\[ qìn yáng\]]	(n) qinyang (city in henan)
沂 沂 [01\[ yí\]]	name of a river
沂南 沂南 [01\[ yí nán\]]	(n) yinan (place in shandong)
沂水 沂水 [01\[ yí shuǐ\]]	(n) yishui (place in shandong)
沂源 沂源 [01\[ yí yuán\]]	(n) yiyuan (place in shandong)
沃 沃 [01\[ wò\]]	fertile;rich;to irrigate;to wash (of river)
沃倫・巴菲特 沃伦・巴菲特 [01\[ wò lún · bā fēi tè\]]	warren buffett (1930-)
沃土 沃土 [01\[ wò tǔ\]]	fertile land
沃壤 沃壤 [01\[ wò rǎng\]]	fertile soil
沃州 沃州 [01\[ wò zhōu\]]	vaud province of switzerland
沃水 沃水 [01\[ wò shuǐ\]]	wo river in shanxi
沃灌 沃灌 [01\[ wò guàn\]]	to irrigate;to wash with water
沃爾夫 沃尔夫 [01\[ wò ěr fū\]]	wolf
沃爾夫斯堡 沃尔夫斯堡 [01\[ wò ěr fū sī bǎo\]]	wolfsburg
沃爾夫獎 沃尔夫奖 [01\[ wò ěr fū jiǎng\]]	the wolf prize (for science and arts)
沃爾沃 沃尔沃 [01\[ wò ěr wò\]]	volvo (swedish car company)
沃爾瑪 沃尔玛 [01\[ wò ér mǎ\]]	wal-mart (us supermarket chain)
沃爾瑪 沃尔玛 [01\[ wò ěr mǎ\]]	walmart
沃爾芬森 沃尔芬森 [01\[ wò ěr fēn sēn\]]	wolfson
沃特森 沃特森 [01\[ wò tè sēn\]]	watson (name)
沃衍 沃衍 [01\[ wò yǎn\]]	rich and fertile (soil)
沃野 沃野 [01\[ wò yě\]]	fertile land
沃饒 沃饶 [01\[ wò ráo\]]	to fertilize
沄 沄 [01\[ yún\]]	rushing of a torrent
沅 沅 [01\[ yuán\]]	name of a river
沅水 沅水 [01\[ yuán shuǐ\]]	yuan river
沅江 沅江 [01\[ yuán jiāng\]]	(n) yuanjiang (city in hunan);river in hunan
沅江九肋 沅江九肋 [01\[ yuán jiāng jiǔ lèi\]]	rare talent;lit. legendary nine-ribbed turtle of yuan river
沅陵 沅陵 [01\[ yuán líng\]]	(n) yuanling (place in hunan)
沆 沆 [01\[ hàng\]]	a ferry;fog;flowing
沆瀣 沆瀣 [01\[ hàng xiè\]]	(lit.) evening mist
沆瀣一氣 沆瀣一气 [01\[ hàng xiè yī qì\]]	to act in collusion (成语 saw); in cahoots with;villains will look after one another
沇 沇 [01\[ yǎn\]]	surname yan
沈 沈 [01\[ chén\]]	variant of 沉;to sink
沈 沈 [01\[ shěn\]]	surname shen;place name
沈丘 沈丘 [01\[ shěn qiū\]]	(n) shenqiu (place in henan)
沈北新 沈北新 [01\[ shěn běi xīn\]]	shenbeixin district of shenyang city 沈陽市|沈阳市
沈北新區 沈北新区 [01\[ shěn běi xīn qū\]]	shenbeixin district of shenyang city 沈陽市|沈阳市
沈國放 沈国放 [01\[ shěn guó fàng\]]	chinese foreign ministry spokesperson
沈從文 沈从文 [01\[ shěn cóng wén\]]	shen congwen (1902-1988)
沈河 沈河 [01\[ shěn hé\]]	shenhe district of shenyang city 沈陽市|沈阳市
沈河區 沈河区 [01\[ shěn hé qū\]]	shenhe district of shenyang city 沈陽市|沈阳市
沈瑩 沈莹 [01\[ shěn yíng\]]	shen ying of wu
沈積 沈积 [01\[ chén jī\]]	to accumulate
沈約 沈约 [01\[ shěn yuē\]]	shen yue (441-513)
沈葆禎 沈葆祯 [01\[ shěn bǎo zhēn\]]	shen baozhen
沈重 沈重 [01\[ chén zhòng\]]	[of mood] heavy; serious; somber
沈陽市 沈阳市 [01\[ shěn yáng shì\]]	shenyang prefecture level city and capital of liaoning province 遼寧省|辽宁省 in northeast china;old names include fengtian 奉天
沈魚落雁 沈鱼落雁 [01\[ chén yú luò yàn\]]	lit. fish sink
沈默 沈默 [01\[ chén mò\]]	silence
沉 沉 [01\[ chén\]]	submerge;immerse;sink;deep;profound;to lower;to drop
沉寂 沉寂 [01\[ chén jí\]]	silence;stillness
沉思 沉思 [01\[ chén sī\]]	contemplate;contemplation;meditation;ponder
沉悶 沉闷 [01\[ chén mèn\]]	oppressive (of weather);heavy;depressed;not happy
沉沒 沉没 [01\[ chén mò\]]	to sink
沉浸 沉浸 [01\[ chén jìn\]]	permeate;immerse
沉淪 沉沦 [01\[ chén lún\]]	to sink into bad habits
沉湎酒色 沉湎酒色 [01\[ chén miǎn jiǔ sè\]]	to wallow in alcohol and sex (成语 saw); over-indulgence in wine and women;an incorrigible drunkard and lecher
沉溺 沉溺 [01\[ chén nì\]]	to indulge in;to wallow
沉潭 沉潭 [01\[ chén tán\]]	drowning sb tied to a rock (as a form of torture)
沉澱 沉淀 [01\[ chén diàn\]]	precipitate
沉甸甸 沉甸甸 [01\[ chén diàn diàn\]]	heavy
沉痛 沉痛 [01\[ chén tòng\]]	grief;remorse;deep in sorrow;bitter (anguish);profound (condolences)
沉睡 沉睡 [01\[ chén shuì\]]	to be fast asleep
沉積 沉积 [01\[ chén jī\]]	sediment;deposit;sedimentation (geol.)
沉積作用 沉积作用 [01\[ chén jī zuò yòng\]]	sedimentation (geol.)
沉積岩 沉积岩 [01\[ chén jī yán\]]	sedimentary rock (geol.)
沉積帶 沉积带 [01\[ chén jī dài\]]	sedimentary belt (geol.)
沉積物 沉积物 [01\[ chén jī wù\]]	sediment
沉穩 沉稳 [01\[ chén wěn\]]	steady;calm;unflustered
沉船事故 沉船事故 [01\[ chén chuán shì gù\]]	a shipwreck;a sinking
沉落 沉落 [01\[ chén luò\]]	sink
沉著 沉着 [01\[ chén zhuó\]]	steady;calm and collected;not nervous
沉迷 沉迷 [01\[ chén mí\]]	to indulge;to wallow
沉醉 沉醉 [01\[ chén zuì\]]	become intoxicated
沉重 沉重 [01\[ chén zhòng\]]	heavy;hard;serious;critical
沉重打擊 沉重打击 [01\[ chén zhòng dǎ jī\]]	to hit hard
沉陷 沉陷 [01\[ chén xiàn\]]	subsidence;caving in;fig. stranded;lost (in contemplation
沉靜 沉静 [01\[ chén jìng\]]	peaceful;quiet;calm;gentle
沉香 沉香 [01\[ chén xiāng\]]	chinese eaglewood;agarwood tree (aquilaria agallocha);lignum aloes
沉魚落雁 沉鱼落雁 [01\[ chén yú luò yàn\]]	lit. fish sink
沉默 沉默 [01\[ chén mò\]]	silence;uncommunicative
沉默寡言 沉默寡言 [01\[ chén mò guǎ yán\]]	habitually silent (成语 saw);reticent;uncommunicative
沌 沌 [01\[ dùn\]]	confused;turbid
沍 沍 [01\[ hù\]]	congealed;frozen
沏 沏 [01\[ qī\]]	to steep (tea)
沐 沐 [01\[ mù\]]	bathe;cleanse;receive favors
沐川 沐川 [01\[ mù chuān\]]	(n) muchuan (place in sichuan)
沐浴 沐浴 [01\[ mù yù\]]	bath
沒 没 [01\[ méi\]]	(negative prefix for verbs);have not;not
沒 没 [01\[ mò\]]	drowned;to end;to die;to inundate
沒上沒下 没上没下 [01\[ méi shàng méi xià\]]	no respect for seniors;lacking in manners
沒了 没了 [01\[ méi le\]]	to be dead;not to be
沒事 没事 [01\[ méi shì\]]	it's not important;it's nothing;never mind;to have nothing to do;to be free
沒事兒 没事儿 [01\[ méi shì 5r\]]	to have spare time;free from work;it's not important;it's nothing;never mind
沒人住 没人住 [01\[ méi rén zhù\]]	unoccupied
沒什麼 沒什麼 [01\[ méi shén me\]]	variant of 沒甚麼|没什么
沒分寸 没分寸 [01\[ méi fēn cùn\]]	inappropriate;bad-mannered
沒吃沒穿 没吃没穿 [01\[ méi chī méi chuān\]]	(idiom) to be without food and clothing; be very poor
沒問題 没问题 [01\[ méi wèn tí\]]	no problem
沒大改變 没大改变 [01\[ méi dà gǎi biàn\]]	not significantly changed
沒心眼 没心眼 [01\[ méi xīn yǎn\]]	(derogatory) inconsiderate
沒想到 没想到 [01\[ méi xiǎng dào\]]	didn't expect
沒意思 没意思 [01\[ méi yì si\]]	boring;of no interest
沒找到 没找到 [01\[ méi zhǎo dào\]]	didn't find
沒收 没收 [01\[ mò shōu\]]	confiscate
沒日沒夜 没日没夜 [01\[ méi rì méi yè\]]	day and night;regardless of the time of day or night
沒有 没有 [01\[ méi yǒu\]]	haven't;hasn't;doesn't exist;to not have;to not be
沒有事 没有事 [01\[ méi yǒu shì\]]	not a bit;nothing is up;nothing alarming is happening
沒有人 没有人 [01\[ méi yǒu rén\]]	nobody
沒有人煙 没有人烟 [01\[ méi yǒu rén yān\]]	uninhabited
沒有品味 没有品味 [01\[ méi yǒu pǐn wèi\]]	tasteless
沒有差別 没有差别 [01\[ méi yǒu chā bié\]]	there is no difference;it makes no difference
沒有形狀 没有形状 [01\[ méi yǒu xíng zhuàng\]]	shapeless
沒有必要 没有必要 [01\[ méi yǒu bì yào\]]	there is no need to (do sth)
沒有甚麼 没有什么 [01\[ méi yǒu shén me\]]	it is nothing;there's nothing ... about it
沒有甚麼不可能 没有什么不可能 [01\[ méi yǒu shén me bù kě néng\]]	nothing is impossible;there's nothing impossible about it
沒有生育能力 没有生育能力 [01\[ méi yǒu shēng yù néng lì\]]	infertile;unable to have children
沒有知覺 没有知觉 [01\[ méi yǒu zhī jué\]]	insensible
沒有聯繫 没有联系 [01\[ méi yǒu lián xì\]]	to be unrelated
沒有辦法 没有办法 [01\[ méi yǒu bàn fǎ\]]	there is nothing to be done;one can't do anything about it
沒水平 没水平 [01\[ méi shuǐ píng\]]	disgraceful;poor quality;sub-standard
沒法 没法 [01\[ méi fǎ\]]	at a loss;unable to do anything about it;to have no choice
沒準兒 没准儿 [01\[ méi zhǔn er\]]	not sure
沒甚麼 没什么 [01\[ méi shén me\]]	nothing;it doesn't matter;it's nothing;never mind
沒用 没用 [01\[ méi yòng\]]	useless
沒精打彩 没精打彩 [01\[ méi jīng dǎ cǎi\]]	listless;dispirited;washed out
沒精打采 没精打采 [01\[ méi jīng dǎ cǎi\]]	listless;dispirited;washed out;also written 沒精打彩|没精打彩
沒經驗 没经验 [01\[ méi jīng yàn\]]	inexperienced
沒落 没落 [01\[ mò luò\]]	downfall
沒藥 没药 [01\[ mò yào\]]	myrrh (commiphora myrrha)
沒說的 没说的 [01\[ méi shuō de\]]	really good
沒轍 没辙 [01\[ méi zhé\]]	(idiom) unable to solve; no way to escape a problem
沒辦法 没办法 [01\[ méi bàn fǎ\]]	there is nothing to be done;one can't do anything about it
沒錯 没错 [01\[ méi cuò\]]	that's right;sure!;rest assured!;that's good;can't go wrong
沒關係 没关系 [01\[ méi guān xi\]]	it doesn't matter
沒電 没电 [01\[ méi diàn\]]	flat;dead (of batteries)
沒齒不忘 没齿不忘 [01\[ mò chǐ bù wàng\]]	hard to forget even after one's teeth fall out (成语 saw); to remember a benefactor as long as one lives;undying gratitude
沒齒難忘 没齿难忘 [01\[ mò chǐ nán wàng\]]	hard to forget even after one's teeth fall out (成语 saw); to remember a benefactor as long as one lives;undying gratitude
沓 沓 [01\[ tà\]]	again and again;many;surname ta
沔 沔 [01\[ miǎn\]]	inundation;name of a river
沕 沕 [01\[ wù\]]	abstruse;profound
沖 冲 [01\[ chōng\]]	to rinse;to collide;to water;to rush;to dash (against);to wash out;to charge;highway;public road
沖 冲 [01\[ chòng\]]	strong;powerful;forceful;dynamic;to punch
沖劑 冲剂 [01\[ chōng jì\]]	to be taken dissolved in boiling water (of chinese herbal medicine)
沖塌 冲塌 [01\[ chōng tā\]]	to cause (a dam) to collapse
沖擊波 沖擊波 [01\[ chōng jī bō\]]	blast wave;shock wave;fig. having wide repercussions;also written 衝擊波|冲击波
沖昏頭腦 冲昏头脑 [01\[ chōng hūn tóu nǎo\]]	lit. victory muddles the brain (成语 saw); fig. excited and unable to act rationally
沖服 冲服 [01\[ chōng fú\]]	to take medicine in solution;infusion
沖服劑 冲服剂 [01\[ chōng fú jì\]]	dose of medicine to be taken in solution;infusion
沖決 冲决 [01\[ chōng jué\]]	to burst (e.g. a dam)
沖沖 冲冲 [01\[ chōng chōng\]]	excitedly
沖洗 冲洗 [01\[ chōng xǐ\]]	to rinse;to wash
沖淡 冲淡 [01\[ chōng dàn\]]	to dilute
沖積 冲积 [01\[ chōng jī\]]	alluvial
沖積層 冲积层 [01\[ chōng jī céng\]]	alluvial deposit
沖積平原 冲积平原 [01\[ chōng jī píng yuán\]]	alluvial plain
沖繩 冲绳 [01\[ chōng shéng\]]	okinawa
沖繩島 冲绳岛 [01\[ chōng shéng dǎo\]]	okinawa (island)
沖繩縣 冲绳县 [01\[ chōng shéng xiàn\]]	okinawa prefecture
沖繩群島 冲绳群岛 [01\[ chōng shéng qún dǎo\]]	the okinawa archipelago
沖走 冲走 [01\[ chōng zǒu\]]	to flush away
沖鋒 冲锋 [01\[ chōng fēng\]]	charge;assault
沘 沘 [01\[ bǐ\]]	name of a river
沙 沙 [01\[ shā\]]	granule;hoarse;raspy;sand;powder;abbr. for tsar or tsarist russia;surname sha
沙丁胺醇 沙丁胺醇 [01\[ shā dīng àn chún\]]	salbutamol (a beta 2 agonist used in treating asthma);also known as albuterol
沙丁魚 沙丁鱼 [01\[ shā dīng yú\]]	sardine
沙丘 沙丘 [01\[ shā qiū\]]	sand dune;sandy hill
沙俄 沙俄 [01\[ shā é\]]	tsarist russia
沙利科什維利 沙利科什维利 [01\[ shā lì kē shí wéi lì\]]	general shalikashvili (head of us joint chiefs of staff)
沙利邁度 沙利迈度 [01\[ shā lì mài dù\]]	thalidomide
沙啞 沙哑 [01\[ shā yǎ\]]	hoarse;rough
沙土 沙土 [01\[ shā tǔ\]]	sandy soil
沙地 沙地 [01\[ shā dì\]]	sandy beach or river bank;sand-dune;sandy land;sand-lot
沙坑 沙坑 [01\[ shā kēng\]]	sandbox;jumping pit (athletics);sand trap
沙坑桿 沙坑杆 [01\[ shā kēng gān\]]	sand wedge (golf)
沙場 沙场 [01\[ shā chǎng\]]	sandpit;battleground;battlefield
沙塵 沙尘 [01\[ shā chén\]]	sand;sandstorm (common in spring in north china)
沙塵天氣 沙尘天气 [01\[ shā chén tiān qì\]]	spring sandstorms (common in n china)
沙塵暴 沙尘暴 [01\[ shā chén bào\]]	sandstorm
沙壩 沙坝 [01\[ shā bà\]]	a sandbank;a sand bar
沙姆沙伊赫 沙姆沙伊赫 [01\[ shā mǔ shā yī hè\]]	sharm el-sheikh
沙子 沙子 [01\[ shā zi\]]	sand;grit
沙岩 沙岩 [01\[ shā yán\]]	sandstone
沙巴 沙巴 [01\[ shā bā\]]	sabah (malaysian state)
沙市 沙市 [01\[ shā shì\]]	(n) shashi (city in hubei)
沙彌 沙弥 [01\[ shā mí\]]	novice buddhist monk
沙拉 沙拉 [01\[ shā lā\]]	salad
沙文主義 沙文主义 [01\[ shā wén zhǔ yì\]]	chauvinism
沙暴 沙暴 [01\[ shā bào\]]	sandstorm
沙朗 沙朗 [01\[ shā lǎng\]]	sirloin (loan word)
沙朗牛排 沙朗牛排 [01\[ shā lǎng niú pái\]]	sirloin steak
沙林 沙林 [01\[ shā lín\]]	sarin
沙林水解酶 沙林水解酶 [01\[ shā lín shuǐ jiě méi\]]	sarinase
沙河 沙河 [01\[ shā hé\]]	(n) shahe (city in hebei)
沙洲 沙洲 [01\[ shā zhōu\]]	sandbank;sandbar
沙滩鞋 沙滩鞋 [01\[ shā tān xié\]]	beach shoes;wetsuit booties
沙漠 沙漠 [01\[ shā mò\]]	desert
沙漠之狐 沙漠之狐 [01\[ shā mò zhī hú\]]	desert fox
沙漠化 沙漠化 [01\[ shā mò huà\]]	desertification
沙灘 沙滩 [01\[ shā tān\]]	sand bar;beach
沙灣 沙湾 [01\[ shā wān\]]	(n) shawan (place in xinjiang)
沙灣區 沙湾区 [01\[ shā wān qū\]]	(n) shawan (area in sichuan)
沙爹 沙爹 [01\[ shā diē\]]	satay (sauce)
沙爹醬 沙爹酱 [01\[ shā diē jiàng\]]	satay sauce
沙特 沙特 [01\[ shā tè\]]	saudi arabia
沙特阿拉伯 沙特阿拉伯 [01\[ shā tè ā lā bó\]]	saudi arabia
沙特魯 沙特鲁 [01\[ shā tè lǔ\]]	châteauroux;chateauroux (french town)
沙畹 沙畹 [01\[ shā wǎn\]]	chavannes (name)
沙發 沙发 [01\[ shā fā\]]	sofa
沙皇 沙皇 [01\[ shā huáng\]]	tsar
沙皇俄國 沙皇俄国 [01\[ shā huáng é guó\]]	tsarist russia
沙眼 沙眼 [01\[ shā yǎn\]]	trachoma
沙石 沙石 [01\[ shā shí\]]	sand and stones
沙礫 沙砾 [01\[ shā lì\]]	grains of sand
沙祖康 沙祖康 [01\[ shā zǔ kāng\]]	sha zukang
沙縣 沙县 [01\[ shā xiàn\]]	sha county in fujian
沙蟲 沙虫 [01\[ shā chóng\]]	sandworm
沙蠶 沙蚕 [01\[ shā cán\]]	a sand worm (genus nereis)
沙袋 沙袋 [01\[ shā dài\]]	a sandbag
沙門 沙门 [01\[ shā mén\]]	monk (sanskrit: sramana
沙門氏菌 沙门氏菌 [01\[ shā mén shì jūn\]]	salmonella
沙雅 沙雅 [01\[ shā yǎ\]]	(n) shaya (place in xinjiang)
沙頭角 沙头角 [01\[ shā tóu jiǎo\]]	sha tau kok (town in hong kong)
沙鹿鎮 沙鹿镇 [01\[ shā lù zhèn\]]	(n) shalu (town in taiwan)
沙龍 沙龙 [01\[ shā lóng\]]	salon
沚 沚 [01\[ zhǐ\]]	islet
沛 沛 [01\[ pèi\]]	copious;abundant
沛縣 沛县 [01\[ pèi xiàn\]]	pei county in jiangsu
沢 沢 [01\[ zé\]]	japanese variant of 澤|泽
沫 沫 [01\[ mò\]]	foam;suds
沬 沬 [01\[ mèi\]]	dawn;place name
沭 沭 [01\[ shù\]]	river in shandong
沭陽 沭阳 [01\[ shù yáng\]]	(n) shuyang (place in jiangsu)
沮 沮 [01\[ jǔ\]]	destroy;to stop
沮喪 沮丧 [01\[ jǔ sàng\]]	dispirited;dejected;be dismayed
沰 沰 [01\[ tuō\]]	to let drop
沱 沱 [01\[ tuó\]]	tearful;to branch (of river)
河 河 [01\[ hé\]]	river
河伯 河伯 [01\[ hé bó\]]	name or river god associated with yellow river
河內 河内 [01\[ hé nèi\]]	hanoi (capital of vietnam)
河北 河北 [01\[ hé běi\]]	hebei province (hopeh) in north china surrounding beijing
河北日報 河北日报 [01\[ hé běi rì bào\]]	hebei daily
河北梆子 河北梆子 [01\[ hé běi bāng zǐ\]]	hebei opera
河北省 河北省 [01\[ hé běi shěng\]]	hebei province (hopeh) in north china surrounding beijing
河南 河南 [01\[ hé nán\]]	henan province (honan) in central china
河南省 河南省 [01\[ hé nán shěng\]]	henan province (honan) in central china
河南蒙古族自治縣 河南蒙古族自治县 [01\[ hé nán méng gǔ zú zì zhì xiàn\]]	he'nan mengguzu autonomous county in qinghai
河叉 河叉 [01\[ hé chà\]]	river mouth
河口 河口 [01\[ hé kǒu\]]	estuary;the mouth of a river
河口區 河口区 [01\[ hé kǒu qū\]]	(n) hekou (area in shandong)
河口瑤族自治縣 河口瑶族自治县 [01\[ hé kǒu yáo zú zì zhì xiàn\]]	hekou yaozu autonomous county in yunnan
河外星系 河外星系 [01\[ hé wài xīng xì\]]	galaxy
河姆渡 河姆渡 [01\[ hé mǔ dù\]]	hemudu archaeological site in zhejiang
河岸 河岸 [01\[ hé àn\]]	riverside;river bank
河川 河川 [01\[ hé chuān\]]	rivers
河床 河床 [01\[ hé chuáng\]]	riverbed
河曲 河曲 [01\[ hé qǔ\]]	(n) hequ (place in shanxi)
河槽 河槽 [01\[ hé cáo\]]	river bed;channel
河殤 河殇 [01\[ hé shāng\]]	river elegy (influential 1988 cctv documentary series
河水不犯井水 河水不犯井水 [01\[ hé shuǐ bù fàn jǐng shuǐ\]]	lit. river water does not interfere with well water (成语 saw); do not interfere with one another.;mind your own business.
河池 河池 [01\[ hé chí\]]	hechi prefecture level city in guangxi
河池地區 河池地区 [01\[ hé chí dì qū\]]	(n) hechi district (district in guangxi)
河沙 河沙 [01\[ hé shā\]]	gange reiver
河洛人 河洛人 [01\[ hé luò rén\]]	hoklo people
河津 河津 [01\[ hé jīn\]]	(n) hejin (city in shanxi)
河流 河流 [01\[ hé liú\]]	river
河源 河源 [01\[ hé yuán\]]	heyuan prefecture level city in guangdong
河源市 河源市 [01\[ hé yuán shì\]]	heyuan prefecture level city in guangdong province
河濱 河滨 [01\[ hé bīn\]]	brook;rivulet
河狸 河狸 [01\[ hé lí\]]	beaver
河畔 河畔 [01\[ hé pàn\]]	riverside;river plain
河粉 河粉 [01\[ hé fěn\]]	rice noodles in wide strips;also transliterated ho-fen
河西 河西 [01\[ hé xī\]]	land west of the yellow river;shaanxi
河西堡 河西堡 [01\[ hé xī bǎo\]]	(n) hexibao (place in gansu)
河西走廊 河西走廊 [01\[ hé xī zǒu láng\]]	gansu corridor
河谷 河谷 [01\[ hé gǔ\]]	river valley
河豚 河豚 [01\[ hé tún\]]	fugu (pufferfish)
河豚毒素 河豚毒素 [01\[ hé tún dú sù\]]	tetrodotoxin (ttx)
河道 河道 [01\[ hé dào\]]	river way;course of a river
河邊 河边 [01\[ hé biān\]]	river bank
河間 河间 [01\[ hé jiān\]]	(n) hejian (city in hebei)
河馬 河马 [01\[ hé mǎ\]]	hippopotamus
沴 沴 [01\[ lì\]]	miasma
沷 沷 [01\[ fā\]]	to remove evil;to cleanse;to wash away
沸 沸 [01\[ fèi\]]	boil
沸水 沸水 [01\[ fèi shuǐ\]]	boiling water
沸石 沸石 [01\[ fèi shí\]]	zeolite
沸騰 沸腾 [01\[ fèi téng\]]	boiling;ebullition
沸點 沸点 [01\[ fèi diǎn\]]	boiling point
油 油 [01\[ yóu\]]	oil;sly
油井 油井 [01\[ yóu jǐng\]]	oil well
油價 油价 [01\[ yóu jià\]]	oil (petroleum) price
油光漆 油光漆 [01\[ yóu guāng qī\]]	varnish
油嘴滑舌 油嘴滑舌 [01\[ yóu zuǐ huá shé\]]	glib;oily-mouthed and smooth talking
油布 油布 [01\[ yóu bù\]]	tarpaulin
油庫 油库 [01\[ yóu kù\]]	fuel depot;fuel farm
油料 油料 [01\[ yóu liào\]]	oil producer;vegetable material that can be pressed to extract oil
油料作物 油料作物 [01\[ yóu liào zuò wù\]]	oil crop (rape
油桃 油桃 [01\[ yóu táo\]]	nectarine
油條 油条 [01\[ yóu tiáo\]]	youtiao (deep-fried breadstick)
油棕 油棕 [01\[ yóu zōng\]]	oil palm
油氣 油气 [01\[ yóu qì\]]	oil and gas
油氣田 油气田 [01\[ yóu qì tián\]]	oilfields and gasfields
油汪汪 油汪汪 [01\[ yóu wāng wāng\]]	dripping with oil
油油 油油 [01\[ yóu yóu\]]	oily
油泵 油泵 [01\[ yóu bèng\]]	oil pump
油漆 油漆 [01\[ yóu qī\]]	oil paints;lacquer;to paint
油炸 油炸 [01\[ yóu zhá\]]	to deep fry
油炸圈餅 油炸圈饼 [01\[ yóu zhá quān bǐng\]]	doughnut
油燈 油灯 [01\[ yóu dēng\]]	oil lamp
油田 油田 [01\[ yóu tián\]]	oil field
油畫 油画 [01\[ yóu huà\]]	oil painting
油箱 油箱 [01\[ yóu xiāng\]]	oil tank
油罐車 油罐车 [01\[ yóu guàn chē\]]	oil tanker truck;fuel tanker
油耗 油耗 [01\[ yóu hào\]]	fuel consumption
油脂 油脂 [01\[ yóu zhī\]]	grease;oil;fat
油膏 油膏 [01\[ yóu gāo\]]	balm
油菜 油菜 [01\[ yóu cài\]]	oilseed rape (brassica campestris)
油菜籽 油菜籽 [01\[ yóu cài zǐ\]]	oilseed rape (brassica campestris);rapeseed;coleseed
油輪 油轮 [01\[ yóu lún\]]	tanker (ship)
油鍋 油锅 [01\[ yóu guō\]]	a deep fryer
油門 油门 [01\[ yóu mén\]]	accelerator (pedal);gas pedal;throttle
油鞋 油鞋 [01\[ yóu xié\]]	waterproof shoes;oiled shoes (for wet weather)
油餅 油饼 [01\[ yóu bǐng\]]	deep-fried pancake
油鬆 油松 [01\[ yóu sōng\]]	chinese red pine
油黑 油黑 [01\[ yóu hēi\]]	glossy black
沺 沺 [01\[ tián\]]	turbulent
治 治 [01\[ zhì\]]	to rule;to govern;to manage;to control;to harness (a river);cure;treatment;to heal
治下 治下 [01\[ zhì xià\]]	under the jurisdiction of
治外法權 治外法权 [01\[ zhì wài fǎ quán\]]	diplomatic immunity;(hist.) extraterritoriality
治多 治多 [01\[ zhì duō\]]	(n) zhiduo (place in qinghai)
治好 治好 [01\[ zhì hǎo\]]	to cure
治安 治安 [01\[ zhì ān\]]	law and order;public security
治本 治本 [01\[ zhì běn\]]	to take radical measures;to get to the root (of a problem etc)
治標不治本 治标不治本 [01\[ zhì biāo bù zhì běn\]]	to treat the symptoms but not the root cause
治死 治死 [01\[ zhì sǐ\]]	punish to death
治理 治理 [01\[ zhì lǐ\]]	to govern;to administer;to manage;to control
治病 治病 [01\[ zhì bìng\]]	treat an illness
治病救人 治病救人 [01\[ zhì bìng jiù rén\]]	cure the sickness to save the patient;criticize a person in order to help him
治療 治疗 [01\[ zhì liáo\]]	to treat;to cure;(medical) treatment;cure
治療法 治疗法 [01\[ zhì liáo fǎ\]]	therapy
治癒 治愈 [01\[ zhì yù\]]	cure
治隆唐宋 治隆唐宋 [01\[ zhì lóng táng sòng\]]	ruled better that tang and song;qing emperor kangxi's memorial tribute to the first ming emperor hongwu 洪武
沼 沼 [01\[ zhǎo\]]	pond;pool
沼氣 沼气 [01\[ zhǎo qì\]]	marsh gas;methane ch4
沼澤 沼泽 [01\[ zhǎo zé\]]	marsh;swamp;wetlands;glade
沼澤地 沼泽地 [01\[ zhǎo zé dì\]]	marsh;swamp;everglade
沼澤地帶 沼泽地带 [01\[ zhǎo zé dì dài\]]	marsh;swamp;everglade
沽 沽 [01\[ gū\]]	buy;sell;abbr. for tianjin 天津 (also 津沽)
沽源 沽源 [01\[ gū yuán\]]	(n) guyuan (place in hebei)
沾 沾 [01\[ zhān\]]	infected by;moisten;receive favors
沾光 沾光 [01\[ zhān guāng\]]	to bask in the light;fig. to benefit from association with sb or sth;reflected glory
沾化 沾化 [01\[ zhān huà\]]	(n) zhanhua (place in shandong)
沾染 沾染 [01\[ zhān rǎn\]]	to pollute (often fig.);to be infected by;to gain a small advantage
沾染控制 沾染控制 [01\[ zhān rǎn kòng zhì\]]	contamination control
沾染程度檢查儀 沾染程度检查仪 [01\[ zhān rǎn chéng dù jiǎn chá yí\]]	contamination meter
沾沾自喜 沾沾自喜 [01\[ zhān zhān zì xǐ\]]	immeasurably self-satisfied
沾濡 沾濡 [01\[ zhān rú\]]	to moisten
沿 沿 [01\[ yán\]]	along;following (a line)
沿 沿 [01\[ yàn\]]	riverside (often with 兒|儿 erhua)
沿例 沿例 [01\[ yán lì\]]	following the model;according to precedent
沿兒 沿儿 [01\[ yán er\]]	edge (used directly after a noun
沿岸 沿岸 [01\[ yán àn\]]	coastal area;littoral or riparian
沿岸地區 沿岸地区 [01\[ yán àn dì qū\]]	coastal area
沿條兒 沿条儿 [01\[ yán tiáo 5r\]]	tape seam (in dressmaking);tape trim
沿江 沿江 [01\[ yán jiāng\]]	along the river;the region around the river
沿河土家族自治縣 沿河土家族自治县 [01\[ yán hé tǔ jiā zú zì zhì xiàn\]]	yanhe tujiazu autonomous county in guizhou
沿洄 沿洄 [01\[ yán huí\]]	to go with the stream
沿海 沿海 [01\[ yán hǎi\]]	coastal
沿海地區 沿海地区 [01\[ yán hǎi dì qū\]]	coastland;coastal areas
沿用 沿用 [01\[ yán yòng\]]	to continue to use (old methods);to apply as before;according to usage
沿線 沿线 [01\[ yán xiàn\]]	along the line (e.g. railway);the region near the line
沿著 沿着 [01\[ yán zhe\]]	along
沿襲 沿袭 [01\[ yán xí\]]	carry on the same way as before
沿路 沿路 [01\[ yán lù\]]	along the way;the duration of a journey
沿途 沿途 [01\[ yán tú\]]	along the sides of the road;by the wayside
沿邊 沿边 [01\[ yán biān\]]	close to the border;along the border
沿邊兒 沿边儿 [01\[ yán biān 5r\]]	to trim (border with braid
沿革 沿革 [01\[ yán gé\]]	evolution of sth over time;course of development;history
況 况 [01\[ kuàng\]]	moreover;situation
況且 况且 [01\[ kuàng qiě\]]	moreover;besides;in addition
泂 泂 [01\[ jiǒng\]]	vast
泄殖肛孔 泄殖肛孔 [01\[ xiè zhí gāng kǒng\]]	cloaca (of bird or reptile)
泅 泅 [01\[ qiú\]]	submerge;swim under water
泆 泆 [01\[ yì\]]	licentious
泉 泉 [01\[ quán\]]	fountain;spring
泉州 泉州 [01\[ quán zhōu\]]	quanzhou prefecture level city in fujian
泉州市 泉州市 [01\[ quán zhōu shì\]]	quanzhou prefecture level city in fujian
泉水 泉水 [01\[ quán shuǐ\]]	spring water
泉源 泉源 [01\[ quán yuán\]]	(water) spring;source
泉石膏肓 泉石膏肓 [01\[ quán shí gāo huāng\]]	lit. mountain springs and rocks in one's heart (成语 saw); a deep love of mountain scenery
泊 泊 [01\[ bó\]]	to anchor;touch at;to moor
泊位 泊位 [01\[ bó wèi\]]	berth
泊車 泊车 [01\[ bó chē\]]	parking
泊頭 泊头 [01\[ pō tóu\]]	(n) potou (city in hebei)
泌 泌 [01\[ bì\]]	secrete;pour off
泌陽 泌阳 [01\[ bì yáng\]]	(n) biyang (place in henan)
泐 泐 [01\[ lè\]]	write
泑 泑 [01\[ yǒu\]]	the vitreous glaze on china
泒 泒 [01\[ gū\]]	name of a river
泓 泓 [01\[ hóng\]]	clear;vast and deep
泔 泔 [01\[ gān\]]	slop from rinsing rice
法 法 [01\[ fǎ\]]	law;method;way;buddhist teaching;legalist;abbr. for france
法人 法人 [01\[ fǎ rén\]]	legal person (legal)
法令 法令 [01\[ fǎ lìng\]]	decree;ordinance
法利賽人 法利赛人 [01\[ fǎ lì sài rén\]]	pharisee
法制 法制 [01\[ fǎ zhì\]]	legal system and institutions
法制日報 法制日报 [01\[ fǎ zhì rì bào\]]	legal daily
法則 法则 [01\[ fǎ zé\]]	law;rule;code
法力 法力 [01\[ fǎ lì\]]	magic power
法勒斯 法勒斯 [01\[ fǎ lè sī\]]	perez (son of judah)
法向量 法向量 [01\[ fǎ xiàng liàng\]]	normal vector
法國 法国 [01\[ fǎ guó\]]	france;french
法國人 法国人 [01\[ fǎ guó rén\]]	frenchman;french person
法國共產黨 法国共产党 [01\[ fǎ guó gòng chǎn dǎng\]]	french communist party
法國大革命 法国大革命 [01\[ fǎ guó dà gé mìng\]]	french revolution
法國航空 法国航空 [01\[ fǎ guó háng kōng\]]	air france
法國航空公司 法国航空公司 [01\[ fǎ guó háng kōng gōng sī\]]	air france
法國號 法国号 [01\[ fǎ guó hào\]]	french horn
法國長棍 法国长棍 [01\[ fǎ guó cháng gùn\]]	baguette
法國革命 法国革命 [01\[ fǎ guó gé mìng\]]	the french revolution (1789)
法場 法场 [01\[ fǎ chǎng\]]	execution ground
法塔赫 法塔赫 [01\[ fǎ tǎ hè\]]	fatah
法子 法子 [01\[ fǎ zi\]]	way;method
法學 法学 [01\[ fǎ xué\]]	law;legal studies
法學家 法学家 [01\[ fǎ xué jiā\]]	jurist
法學院 法学院 [01\[ fǎ xué yuàn\]]	law school
法官 法官 [01\[ fǎ guān\]]	a judge;judge;to judge
法定 法定 [01\[ fǎ dìng\]]	legal;statutory;rightful
法定貨幣 法定货币 [01\[ fǎ dìng huò bì\]]	fiat currency
法家 法家 [01\[ fǎ jiā\]]	legalist school of philosophy in pre-han times
法寶 法宝 [01\[ fǎ bǎo\]]	buddha's teaching;buddhist monk's apparel
法屬圭亞那 法属圭亚那 [01\[ fǎ shǔ guī yà nà\]]	french guiana
法師 法师 [01\[ fǎ shī\]]	master (in buddh.);one who has mastered the sutras
法庫 法库 [01\[ fǎ kù\]]	faku county in shenyang 沈陽|沈阳
法庫縣 法库县 [01\[ fǎ kù xiàn\]]	faku county in shenyang 沈陽|沈阳
法庭 法庭 [01\[ fǎ tíng\]]	court (of law)
法式 法式 [01\[ fǎ shì\]]	french style
法式色拉醬 法式色拉酱 [01\[ fǎ shì sè lā jiàng\]]	french dressing;vinaigrette
法律 法律 [01\[ fǎ lǜ\]]	law
法律約束力 法律约束力 [01\[ fǎ lǜ yuē shù lì\]]	legal force (i.e. binding in law)
法拉 法拉 [01\[ fǎ lā\]]	farad
法拉利 法拉利 [01\[ fǎ lā lì\]]	ferrari
法拉盛 法拉盛 [01\[ fǎ lā shèng\]]	flushing chinatown
法拉第 法拉第 [01\[ fǎ lā dì\]]	faraday (name);michael faraday (1791-1867)
法文 法文 [01\[ fǎ wén\]]	french language
法新社 法新社 [01\[ fǎ xīn shè\]]	agence france presse;afp news agency
法會 法会 [01\[ fǎ huì\]]	(buddhist) religious assembly
法案 法案 [01\[ fǎ àn\]]	bill;proposed law
法治 法治 [01\[ fǎ zhì\]]	rule by law
法治建設 法治建设 [01\[ fǎ zhì jiàn shè\]]	legislation;constructing legal institutions
法海 法海 [01\[ fà hǎi\]]	fahai
法源 法源 [01\[ fǎ yuán\]]	origin of dharma (in buddhism);source of the law
法源寺 法源寺 [01\[ fǎ yuán sì\]]	fayuan or source of the law temple in beijing
法爾卡什 法尔卡什 [01\[ fǎ ěr kǎ shí\]]	farkás (hungarian name)
法理 法理 [01\[ fǎ lǐ\]]	legal principle;jurisprudence
法紀 法纪 [01\[ fǎ jì\]]	law and order;rules and discipline
法網 法网 [01\[ fǎ wǎng\]]	the net of justice;rigorous process of the law;the long arm of the law
法網難逃 法网难逃 [01\[ fǎ wǎng nán táo\]]	it is hard to escape the net of justice
法線 法线 [01\[ fǎ xiàn\]]	normal line to a surface
法羅群島 法罗群岛 [01\[ fǎ luó qún dǎo\]]	faroe islands
法老 法老 [01\[ fǎ lǎo\]]	pharaoh
法耶德 法耶德 [01\[ fǎ yē dé\]]	fayed (name);mohamed abdel moneim fayed (1933-)
法航 法航 [01\[ fǎ háng\]]	air france
法蒂瑪 法蒂玛 [01\[ fǎ dì mǎ\]]	fatimah (name)
法蘭克 法兰克 [01\[ fǎ lán kè\]]	the franks (germanic people who arrived in europe from 600 ad and took over france)
法蘭克林 法兰克林 [01\[ fǎ lán kè lín\]]	franklin (name);benjamin franklin (1706-1790)
法蘭克福 法兰克福 [01\[ fǎ lán kè fú\]]	frankfurt (germany)
法蘭克福匯報 法兰克福汇报 [01\[ fǎ lán kè fú huì bào\]]	frankfurter allgemeine zeitung
法蘭克福學派 法兰克福学派 [01\[ fǎ lán kè fú xué pài\]]	frankfurt school
法蘭克福車展 法兰克福车展 [01\[ fǎ lán kè fú chē zhǎn\]]	the frankfurt motor show
法蘭斯 法兰斯 [01\[ fǎ lán sī\]]	france (phonetic transliteration)
法蘭西 法兰西 [01\[ fǎ lán xī\]]	france
法蘭西斯 法兰西斯 [01\[ fǎ lán xī sī\]]	francis (name)
法蘭西斯・培根 法兰西斯・培根 [01\[ fǎ lán xī sī · péi gēn\]]	francis bacon (1561-1626)
法蘭西體育場 法兰西体育场 [01\[ fǎ lán xī tǐ yù chǎng\]]	stade de france
法號 法号 [01\[ fǎ hào\]]	religious (as opposed to ordinary) name of a buddhist or daoist monk or nun
法術 法术 [01\[ fǎ shù\]]	magic
法製 法制 [01\[ fǎ zhì\]]	made in france
法西斯 法西斯 [01\[ fǎ xī sī\]]	fascist (loan word)
法西斯主義 法西斯主义 [01\[ fǎ xī sī zhǔ yì\]]	fascism
法規 法规 [01\[ fǎ guī\]]	legislation;statute
法語 法语 [01\[ fǎ yǔ\]]	french (language)
法赫德 法赫德 [01\[ fǎ hè dé\]]	king fahd of saudi arabia
法軍 法军 [01\[ fǎ jūn\]]	french army
法輪 法轮 [01\[ fǎ lún\]]	the eternal wheel of life in buddhism
法輪功 法轮功 [01\[ fǎ lún gōng\]]	falun gong (chinese spiritual practice)
法輪功組織 法轮功组织 [01\[ fǎ lún gōng zǔ zhī\]]	the falung gong organization
法辦 法办 [01\[ fǎ bàn\]]	to bring to justice;to punish according to the law
法郎 法郎 [01\[ fǎ láng\]]	franc
法醫 法医 [01\[ fǎ yī\]]	forensic investigator;forensic detective
法醫學 法医学 [01\[ fǎ yī xué\]]	forensics
法院 法院 [01\[ fǎ yuàn\]]	court of law;court
法隆寺 法隆寺 [01\[ fǎ lōng sì\]]	hōryūji
法魯克 法鲁克 [01\[ fǎ lǔ kè\]]	farouk of egypt
泖 泖 [01\[ mǎo\]]	still water
泗 泗 [01\[ sì\]]	place name;snivel
泗水 泗水 [01\[ sì shuǐ\]]	(n) sishui (place in shandong)
泗洪 泗洪 [01\[ sì hóng\]]	(n) sihong (place in jiangsu)
泗縣 泗县 [01\[ sì xiàn\]]	si county in anhui
泗陽 泗阳 [01\[ sì yáng\]]	(n) siyang (place in jiangsu)
泙 泙 [01\[ píng\]]	sound of water splashing
泚 泚 [01\[ cǐ\]]	clear;bright and brilliant;swea
泛 泛 [01\[ fàn\]]	float;general;vague
泛代數 泛代数 [01\[ fàn dài shù\]]	universal algebra
泛函分析 泛函分析 [01\[ fàn hán fēn xī\]]	(math.) functional analysis
泛大洋 泛大洋 [01\[ fàn dà yáng\]]	panthalassis (geol.
泛大陸 泛大陆 [01\[ fàn dà lù\]]	pangea (geol.
泛濫 泛滥 [01\[ fàn làn\]]	in flood;to overflow the banks;to inundate;to spread unchecked
泛珠江三角 泛珠江三角 [01\[ fàn zhū jiāng sān jiǎo\]]	the pan-pearl river delta (economic zone including the 5 provinces around guangzhou and hong kong)
泛神論 泛神论 [01\[ fàn shén lùn\]]	pantheism
泛自然神論 泛自然神论 [01\[ fàn zì rán shén lùn\]]	pandeism
泛讀 泛读 [01\[ fàn dú\]]	extensive reading
泛音 泛音 [01\[ fàn yīn\]]	overtone
泜 泜 [01\[ zhī\]]	a river in hebei province
泝 泝 [01\[ sù\]]	go upstream;trace the source
泠 泠 [01\[ líng\]]	sound of water flowing;surname ling
泡 泡 [01\[ pāo\]]	puffed;swollen;spongy;classifier for urine or feces
泡 泡 [01\[ pào\]]	to steep;to soak;bubble(s);foam;to dawdle
泡影 泡影 [01\[ pào yǐng\]]	lit. soap bubble;pie in the sky;nothing
泡桐 泡桐 [01\[ pāo tóng\]]	paulownia
泡沫 泡沫 [01\[ pào mò\]]	foam;(soap) bubble;(economic) bubble
泡沫經濟 泡沫经济 [01\[ pào mò jīng jì\]]	bubble economy
泡茶 泡茶 [01\[ pào chá\]]	make tea
泡菜 泡菜 [01\[ pào cài\]]	pickled cabbage;korean kimchhi
泡飯 泡饭 [01\[ pào fàn\]]	to soak cooked rice in soup or water;cooked rice reheated in boiling water
波 波 [01\[ bō\]]	wave;ripple;storm;surge;abbr. for 波蘭|波兰 poland
波什格倫 波什格伦 [01\[ bō shén gé lún\]]	porsgrunn (city in telemark
波利尼西亞 波利尼西亚 [01\[ bō lì ní xī yà\]]	polynesia
波動 波动 [01\[ bō dòng\]]	to undulate;to fluctuate;wave motion;rise and fall
波動性 波动性 [01\[ bō dòng xìng\]]	fluctuation
波及 波及 [01\[ bō jí\]]	spread to;involve;affect
波哥大 波哥大 [01\[ bō gē dà\]]	bogota (capital of colombia)
波塞冬 波塞冬 [01\[ bō sāi dōng\]]	poseidon
波士頓 波士顿 [01\[ bō shì dùn\]]	boston
波士頓大學 波士顿大学 [01\[ bō shì dùn dà xué\]]	boston university
波多黎各 波多黎各 [01\[ bō duō lí gè\]]	puerto rico
波密 波密 [01\[ bō mì\]]	(n) bomi (place in tibet)
波导 波導 [01\[ bō dǎo\]]	waveguide
波導 波导 [01\[ bō dǎo\]]	wave guide
波峰 波峰 [01\[ bō fēng\]]	wave crest
波希米亞 波希米亚 [01\[ bō xī mǐ yà\]]	bohemia
波幅 波幅 [01\[ bō fú\]]	amplitude
波弗特海 波弗特海 [01\[ bō fú tè hǎi\]]	beaufort sea (off alaska and british columbia)
波形 波形 [01\[ bō xíng\]]	wave form
波德 波德 [01\[ bō dé\]]	johann elert bode
波恩 波恩 [01\[ bō ēn\]]	bonn
波恩大學 波恩大学 [01\[ bō ēn dà xué\]]	university of bonn
波折 波折 [01\[ bō zhé\]]	twists and turns
波拿巴 波拿巴 [01\[ bō ná bā\]]	bonaparte (name);napoleon bonaparte (1769-1821)
波斯 波斯 [01\[ bō sī\]]	persia
波斯尼亞 波斯尼亚 [01\[ bō sī ní yà\]]	bosnia
波斯尼亞語 波斯尼亚语 [01\[ bō sī ní yà yǔ\]]	bosnian (language)
波斯教 波斯教 [01\[ bō sī jiào\]]	persian religion;zoroastrianism or manicheanism
波斯普魯斯 波斯普鲁斯 [01\[ bō sī pǔ lǔ sī\]]	the bosphorus
波斯普魯斯海峽 波斯普鲁斯海峡 [01\[ bō sī pǔ lǔ sī hǎi xiá\]]	the bosphorus (strait)
波斯灣 波斯湾 [01\[ bō sī wān\]]	persian gulf
波斯語 波斯语 [01\[ bō sī yǔ\]]	persian (language);farsi
波斯貓 波斯猫 [01\[ bō sī māo\]]	persian (cat)
波斯里亞 波斯里亚 [01\[ bō sī lǐ yà\]]	bosnia (former yugoslavia)
波束 波束 [01\[ bō shù\]]	beam
波森莓 波森莓 [01\[ bō sēn méi\]]	boysenberry (hybrid of raspberry and blackberry)
波段 波段 [01\[ bō duàn\]]	wave band
波江座 波江座 [01\[ bō jiāng zuò\]]	eridanus (constellation)
波浪 波浪 [01\[ bō làng\]]	wave
波濤 波涛 [01\[ bō tāo\]]	great waves;billows
波瀾 波澜 [01\[ bō lán\]]	billows;great waves (fig. of a story with great momentum)
波瀾壯闊 波澜壮阔 [01\[ bō lán zhuàng kuò\]]	surging forward with great momentum;unfolding on a magnificent scale
波瀾老成 波澜老成 [01\[ bō lán lǎo chéng\]]	splendid and powerful (of story);majestic;awesome
波瀾起伏 波澜起伏 [01\[ bō lán qǐ fú\]]	one climax follows another (of thrilling story)
波爾多 波尔多 [01\[ bō ěr duō\]]	bordeaux
波爾多液 波尔多液 [01\[ bō ěr duō yè\]]	bordeaux mixture
波爾布特 波尔布特 [01\[ bō ěr bù tè\]]	pol pot
波爾干 波尔干 [01\[ bō ěr gān\]]	the balkans
波爾干地區 波尔干地区 [01\[ bō ěr gān dì qū\]]	the balkans
波特 波特 [01\[ bō tè\]]	baud
波特率 波特率 [01\[ bō tè lǜ\]]	baud
波特蘭市 波特兰市 [01\[ bō tè lán shì\]]	portland (city)
波狀熱 波状热 [01\[ bō zhuàng rè\]]	undulant fever;brucellosis
波狀雲 波状云 [01\[ bō zhuàng yún\]]	undulatus
波紋 波纹 [01\[ bō wén\]]	ripple;corrugation
波羅的海 波罗的海 [01\[ bō luó dì hǎi\]]	baltic sea
波美度 波美度 [01\[ bō měi dù\]]	baume degrees
波美比重計 波美比重计 [01\[ bō měi bǐ zhòng jì\]]	baume hydrometer
波茨坦 波茨坦 [01\[ bō cí tǎn\]]	potsdam
波茨坦公告 波茨坦公告 [01\[ bō cí tǎn gōng gào\]]	potsdam declaration
波茨坦會議 波茨坦会议 [01\[ bō cí tǎn huì yì\]]	potsdam conference
波茲南 波兹南 [01\[ bō zī nán\]]	poznan (city in poland)
波茲坦 波兹坦 [01\[ bō zī tǎn\]]	potsdam
波茲曼 波兹曼 [01\[ bō zī màn\]]	ludwig boltzmann (1844-1906)
波蕩 波荡 [01\[ bō dàng\]]	heave;surge
波蘭 波兰 [01\[ bō lán\]]	poland
波蘭語 波兰语 [01\[ bō lán yǔ\]]	polish (language)
波語 波语 [01\[ bō yǔ\]]	polish language
波譜 波谱 [01\[ bō pǔ\]]	spectrum
波谷 波谷 [01\[ bō gǔ\]]	trough
波長 波长 [01\[ bō cháng\]]	wavelength
波阿斯 波阿斯 [01\[ bō ā sī\]]	boaz (son of salmon and rahab)
波阿次 波阿次 [01\[ bō ā cì\]]	boaz (name)
波陽 波阳 [01\[ bō yáng\]]	(n) boyang (place in jiangxi)
波霎 波霎 [01\[ bō shà\]]	(astr.) pulsar
波霸奶茶 波霸奶茶 [01\[ bō bà nǎi chá\]]	bubble milk tea (taiwan);tapioca milk tea;also known as pearl milk tea 珍珠奶茶
波音 波音 [01\[ bō yīn\]]	boeing (aircraft);mordent
波鴻 波鸿 [01\[ bō hóng\]]	bochum (city in germany)
波黑 波黑 [01\[ bō hēi\]]	bosnia-herzegovina
泣 泣 [01\[ qì\]]	to sob
泥 泥 [01\[ ní\]]	mud;paste;pulp
泥 泥 [01\[ nì\]]	restrained
泥刀 泥刀 [01\[ ní dāo\]]	trowel
泥古 泥古 [01\[ nì gǔ\]]	stick-in-the-mud;to stick to old ways;stubbornly conservative
泥古不化 泥古不化 [01\[ nì gǔ bù huà\]]	conservative and unable to adapt (成语 saw)
泥土 泥土 [01\[ ní tǔ\]]	earth;soil;clay
泥子 泥子 [01\[ nì zi\]]	putty (used by plumbers and glaziers)
泥孩 泥孩 [01\[ ní hái\]]	clay doll
泥守 泥守 [01\[ nì shǒu\]]	stubborn and conservative
泥封 泥封 [01\[ ní fēng\]]	to seal jars etc with mud
泥巴 泥巴 [01\[ ní bā\]]	mud
泥水匠 泥水匠 [01\[ ní shuǐ jiàng\]]	mason
泥沙 泥沙 [01\[ ní shā\]]	silt
泥沼 泥沼 [01\[ ní zhǎo\]]	swamp
泥淖 泥淖 [01\[ ní nào\]]	mud;muddy swamp;sump;fig. a sticky predicament
泥濘 泥泞 [01\[ ní nìng\]]	muddy;mud
泥炭 泥炭 [01\[ ní tàn\]]	peat
泥牛入海 泥牛入海 [01\[ ní niú rù hǎi\]]	lit. a clay ox enters the sea (成语 saw); fig. to disappear with no hope of returning
泥盆紀 泥盆纪 [01\[ ní pén jì\]]	devonian (geological period 417-354m years ago)
泥石流 泥石流 [01\[ ní shí liú\]]	landslide;torrent of mud and stones;mudslide
泥菩薩 泥菩萨 [01\[ ní pú sà\]]	clay bodhisattva
泥菩薩過江 泥菩萨过江 [01\[ ní pú sà guò jiāng\]]	clay boddhisattva passes through river;a snowball's chances in hell
泥質頁岩 泥质页岩 [01\[ ní zhì yè yán\]]	mudstone
泥金 泥金 [01\[ ní jīn\]]	to gild;gilt
注 注 [01\[ zhù\]]	to inject;to pour into;to concentrate;to pay attention;to note;to comment on;to record;to register;to annotate
注入 注入 [01\[ zhù rù\]]	pour in;empty into
注冊表 注册表 [01\[ zhù cè biǎo\]]	windows registry
注塑 注塑 [01\[ zhù sù\]]	injection molding
注射 注射 [01\[ zhù shè\]]	injection;to inject
注射器 注射器 [01\[ zhù shè qì\]]	syringe
注意 注意 [01\[ zhù yì\]]	take note of;(pay) attention (to)
注意力 注意力 [01\[ zhù yì lì\]]	attention
注意力缺陷過動症 注意力缺陷过动症 [01\[ zhù yì lì quē xiàn guò dòng zhèng\]]	attention deficit hyperactivity disorder (adhd)
注意看 注意看 [01\[ zhù yì kàn\]]	watch carefully
注目 注目 [01\[ zhù mù\]]	attention;to stare at;to fix attention on sth
注視 注视 [01\[ zhù shì\]]	watch attentively
注釋 注释 [01\[ zhù shì\]]	marginal notes;annotation;to annotate;to add comments to text
注重 注重 [01\[ zhù zhòng\]]	pay attention to;emphasize
注音符號 注音符号 [01\[ zhù yīn fú hào\]]	annotated sounds
泩 泩 [01\[ shēng\]]	rising of water
泫 泫 [01\[ xuàn\]]	weep
泭 泭 [01\[ fū\]]	a raft
泮 泮 [01\[ pàn\]]	melt
泯 泯 [01\[ mǐn\]]	obliterate;submerge
泰 泰 [01\[ tài\]]	safe;peaceful;most;mt thai 泰山 in shandong;abbr. for thailand;grand
泰來 泰来 [01\[ tài lái\]]	(n) tailai (place in heilongjiang)
泰勒 泰勒 [01\[ tài lè\]]	taylor (name)
泰半 泰半 [01\[ tài bàn\]]	more than half;a majority;most;mostly
泰和 泰和 [01\[ tài hé\]]	taihe county in ji'an 吉安
泰和縣 泰和县 [01\[ tài hé xiàn\]]	taihe county in ji'an 吉安
泰國 泰国 [01\[ tài guó\]]	thailand;thai
泰坦 泰坦 [01\[ tài tǎn\]]	titan
泰坦尼克號 泰坦尼克号 [01\[ tài tǎn ní kè hào\]]	rms titanic
泰姬陵 泰姬陵 [01\[ tài jī líng\]]	taj mahal (mausoleum in india)
泰安 泰安 [01\[ tài ān\]]	tai'an city prefecture level city in shandong
泰安地區 泰安地区 [01\[ tài ān dì qū\]]	(n) tai'an district (district in shandong)
泰安市 泰安市 [01\[ tài ān shì\]]	tai'an prefecture level city in shandong
泰安縣 泰安县 [01\[ tài ān xiàn\]]	tai'an county in shandong
泰安鄉 泰安乡 [01\[ tài ān xiāng\]]	(n) taian (village in taiwan)
泰寧 泰宁 [01\[ tài níng\]]	(n) taining (place in fujian)
泰山 泰山 [01\[ tài shān\]]	mt tai in shandong
泰山北斗 泰山北斗 [01\[ tài shān běi dǒu\]]	a giant among men;lit. as weighty as mt tai
泰山鄉 泰山乡 [01\[ tài shān xiāng\]]	(n) taishan (village in taiwan)
泰山鴻毛 泰山鸿毛 [01\[ tài shān hóng máo\]]	as weighty as mt tai
泰州 泰州 [01\[ tài zhōu\]]	taizhou prefecture level city in jiangsu
泰州市 泰州市 [01\[ tài zhōu shì\]]	taizhou prefecture level city in jiangsu
泰式 泰式 [01\[ tài shì\]]	thai-style (of food
泰拳 泰拳 [01\[ tài quán\]]	muay thai - thai fist - martial art
泰文 泰文 [01\[ tài wén\]]	thai (language)
泰斗 泰斗 [01\[ tài dǒu\]]	leading scholar of his time;magnate
泰晤士 泰晤士 [01\[ tài wù shì\]]	the times (newspaper);the thames (river)
泰晤士报 泰晤士报 [01\[ tài wù shì bào\]]	the times (newspaper)
泰晤士河 泰晤士河 [01\[ tài wù shì hé\]]	river thames
泰東 泰东 [01\[ tài dōng\]]	the far east;east asia
泰格・伍茲 泰格・伍兹 [01\[ tài gé · wǔ zī\]]	eldrick tiger woods (1975-)
泰武鄉 泰武乡 [01\[ tài wǔ xiāng\]]	(n) taiwu (village in taiwan)
泰然 泰然 [01\[ tài rán\]]	calm;self-composed
泰爾 泰尔 [01\[ tài ěr\]]	tyre (city in lebanon)
泰盧固語 泰卢固语 [01\[ tài lú gù yǔ\]]	telegu
泰米爾 泰米尔 [01\[ tài mǐ ěr\]]	tamil
泰米爾伊拉姆猛虎解放組織 泰米尔伊拉姆猛虎解放组织 [01\[ tài mǐ ěr yī lā mǔ měng hǔ jiě fàng zǔ zhī\]]	liberation tigers of tamil eelam
泰米爾猛虎組織 泰米尔猛虎组织 [01\[ tài mǐ ěr měng hǔ zǔ zhī\]]	tamil tigers
泰米爾納德邦 泰米尔纳德邦 [01\[ tài mǐ ěr nà dé bāng\]]	tamil nadu (state in india)
泰米爾語 泰米尔语 [01\[ tài mǐ ěr yǔ\]]	tamil language
泰縣 泰县 [01\[ tài xiàn\]]	tai county in jiangsu
泰羅 泰罗 [01\[ tài luó\]]	tylo (name);hollywood actress hunter tylo
泰興 泰兴 [01\[ tài xīng\]]	(n) taixing (city in jiangsu)
泰華 泰华 [01\[ tài huà\]]	mt tai 泰山 and mt hua 華山|华山;another name for mt hua
泰西 泰西 [01\[ tài xī\]]	the far west;old term for europe and america
泰西大儒 泰西大儒 [01\[ tài xī dà rú\]]	great european scholar (honorific title of matteo ricci)
泰語 泰语 [01\[ tài yǔ\]]	thai (language)
泰迪熊 泰迪熊 [01\[ tài dí xióng\]]	(loan) teddy bear
泰達 泰达 [01\[ tài dá\]]	teda (tianjin economic development area)
泰銖 泰铢 [01\[ tài zhū\]]	thai baht
泰雅族 泰雅族 [01\[ tài yǎ zú\]]	atayal or tayal
泰順 泰顺 [01\[ tài shùn\]]	(n) taishun (place in zhejiang)
泱 泱 [01\[ yāng\]]	agitated (wind
泲 泲 [01\[ jǐ\]]	clear wine;name of a river
泳 泳 [01\[ yǒng\]]	swimming;to swim
泳池 泳池 [01\[ yǒng chí\]]	swimming pond
泳衣 泳衣 [01\[ yǒng yī\]]	swimsuit;bathing suit
泳褲 泳裤 [01\[ yǒng kù\]]	swim trunks
泵 泵 [01\[ bèng\]]	pump
泵柄 泵柄 [01\[ bèng bǐng\]]	pump handle
泵站 泵站 [01\[ bèng zhàn\]]	pumping station
洄 洄 [01\[ huí\]]	eddy;whirlpool
洊 洊 [01\[ jiàn\]]	flowing water;successive
洋 洋 [01\[ yáng\]]	foreign;ocean
洋中脊 洋中脊 [01\[ yáng zhōng jǐ\]]	mid-ocean ridge (geol.)
洋人 洋人 [01\[ yáng rén\]]	a foreigner;a westerner
洋務 洋务 [01\[ yáng wù\]]	foreign affairs (in qing times);foreign learning
洋務學堂 洋务学堂 [01\[ yáng wù xué táng\]]	college of western learning in late qing
洋務派 洋务派 [01\[ yáng wù pài\]]	the foreign learning or westernizing faction in the late qing
洋務運動 洋务运动 [01\[ yáng wù yùn dòng\]]	self-strengthening movement (period of reforms in china c 1861-1894)
洋味 洋味 [01\[ yáng wèi\]]	western taste;western style
洋員 洋员 [01\[ yáng yuán\]]	westerner employed in qing china (as professor or military advisor etc)
洋基隊 洋基队 [01\[ yáng jī duì\]]	new york yankees (baseball team)
洋妞 洋妞 [01\[ yáng niū\]]	young foreign girl
洋娃娃 洋娃娃 [01\[ yáng wá wá\]]	doll
洋學 洋学 [01\[ yáng xué\]]	western learning
洋山港 洋山港 [01\[ yáng shān gǎng\]]	yangshan terminal
洋底 洋底 [01\[ yáng dǐ\]]	ocean floor;bottom of the ocean
洋底地殼 洋底地壳 [01\[ yáng dǐ dì qiào\]]	oceanic crust (geol.)
洋教 洋教 [01\[ yáng jiào\]]	foreign religion (esp. western christianity in qing china)
洋槍 洋枪 [01\[ yáng qiāng\]]	western style guns (in former times)
洋槐 洋槐 [01\[ yáng huái\]]	black locust tree (robinia pseudoacacia)
洋槐樹 洋槐树 [01\[ yáng huái shù\]]	black locust tree (robinia pseudoacacia)
洋殼 洋壳 [01\[ yáng qiào\]]	oceanic crust (geol.)
洋洋 洋洋 [01\[ yáng yáng\]]	vast;impressive;self-satisfied;immensely pleased with oneself
洋洋得意 洋洋得意 [01\[ yáng yáng dé yì\]]	immensely pleased with oneself (成语 saw);proud;complacent
洋洋自得 洋洋自得 [01\[ yáng yáng zì dé\]]	immensely please with oneself (成语 saw);proud;complacent
洋流 洋流 [01\[ yáng liú\]]	ocean current
洋溢 洋溢 [01\[ yáng yì\]]	brimming with;steeped in
洋琴 洋琴 [01\[ yáng qín\]]	same as 揚琴|扬琴
洋琵琶 洋琵琶 [01\[ yáng pí pá\]]	mandolin
洋白菜 洋白菜 [01\[ yáng bái cài\]]	cabbage (round cabbage most commonly found in western countries)
洋紫蘇 洋紫苏 [01\[ yáng zǐ sū\]]	sage (herb)
洋縣 洋县 [01\[ yáng xiàn\]]	yang county in shaanxi
洋脊 洋脊 [01\[ yáng jǐ\]]	mid-ocean ridge
洋芋 洋芋 [01\[ yáng yù\]]	potato
洋芫荽 洋芫荽 [01\[ yáng yán sui\]]	parsley
洋菜 洋菜 [01\[ yáng cài\]]	agar
洋蔥 洋葱 [01\[ yáng cōng\]]	onion
洋蘇 洋苏 [01\[ yáng sū\]]	sage (herb)
洋貨 洋货 [01\[ yáng huò\]]	western goods;imported goods (in former times)
洋錢 洋钱 [01\[ yáng qián\]]	foreign money;flat silver (former coinage);also written 銀元|银元
洋面 洋面 [01\[ yáng miàn\]]	ocean surface
洋香菜 洋香菜 [01\[ yáng xiāng cài\]]	parsley
洋鬼 洋鬼 [01\[ yáng guǐ\]]	foreign devil;term of abuse for westerners
洋鬼子 洋鬼子 [01\[ yóng guǐ zi\]]	foreign devil;term of abuse for westerners
洋鹼 洋碱 [01\[ yáng jiǎn\]]	soap
洌 洌 [01\[ liè\]]	pure;cleanse
洎 洎 [01\[ jì\]]	to reach;when
洏 洏 [01\[ ér\]]	to flow (as water;tears)
洑 洑 [01\[ fú\]]	undercurrent eddy
洗 洗 [01\[ xǐ\]]	to wash;to bathe
洗冤 洗冤 [01\[ xǐ yuān\]]	lit. to wash out a grievance; fig. to right a wrong;to redress and injustice
洗冤集錄 洗冤集录 [01\[ xǐ yuān jí lù\]]	record of washed grievances (1247) by song ci 宋慈
洗刷 洗刷 [01\[ xǐ shuā\]]	wash;brush;scrub
洗剪吹 洗剪吹 [01\[ xǐ jiǎn chuī\]]	shampoo
洗手液 洗手液 [01\[ xǐ shǒu yè\]]	liquid hand soap
洗手間 洗手间 [01\[ xǐ shǒu jiān\]]	toilet;lavatory;washroom
洗浴 洗浴 [01\[ xǐ yù\]]	bath
洗消 洗消 [01\[ xǐ xiāo\]]	decontamination
洗消劑 洗消剂 [01\[ xǐ xiāo jì\]]	decontaminant;decontaminating agent
洗消場 洗消场 [01\[ xǐ xiāo chǎng\]]	decontaminating field
洗淨 洗净 [01\[ xǐ jìng\]]	to wash clean
洗滌 洗涤 [01\[ xǐ dí\]]	rinse;wash;washing
洗滌劑 洗涤剂 [01\[ xǐ dí jì\]]	cleaning agent;detergent
洗潔劑 洗洁剂 [01\[ xǐ jié jì\]]	detergent
洗澡 洗澡 [01\[ xǐ zǎo\]]	to bathe
洗澡間 洗澡间 [01\[ xǐ zǎo jiān\]]	bathroom;restroom;shower room
洗照片 洗照片 [01\[ xǐ zhào piàn\]]	develop film
洗碗 洗碗 [01\[ xǐ wǎn\]]	to wash up;to do the dishes
洗碗機 洗碗机 [01\[ xǐ wǎn jī\]]	dishwasher
洗碗池 洗碗池 [01\[ xǐ wǎn chí\]]	kitchen sink
洗禮 洗礼 [01\[ xǐ lǐ\]]	baptism
洗者若翰 洗者若翰 [01\[ xǐ zhě ruò hàn\]]	st john the baptist
洗耳恭聽 洗耳恭听 [01\[ xǐ ěr gōng tīng\]]	to listen with respectful attention;(a polite request to sb to speak);we are all ears
洗腦 洗脑 [01\[ xǐ nǎo\]]	brainwash
洗臉 洗臉 [01\[ xǐ liǎn\]]	to wash your face
洗臉盆 洗脸盆 [01\[ xǐ liǎn pén\]]	washbowl;basin for washing hands and face
洗臉盆洗盆 洗脸盆洗盆 [01\[ xǐ liǎn pén xǐ pén\]]	washbowl
洗臉盤 洗脸盘 [01\[ xǐ liǎn pán\]]	a hand basin
洗臉臺 洗脸台 [01\[ xǐ liǎn tái\]]	commode;dressing table
洗衣 洗衣 [01\[ xǐ yī\]]	laundry
洗衣店 洗衣店 [01\[ xǐ yī diàn\]]	laundry
洗衣房 洗衣房 [01\[ xǐ yī fáng\]]	laundry room
洗衣機 洗衣机 [01\[ xǐ yī jī\]]	washer;washing machine
洗衣粉 洗衣粉 [01\[ xǐ yī fěn\]]	laundry detergent
洗錢 洗钱 [01\[ xǐ qián\]]	money laundering
洗面 洗面 [01\[ xǐ miàn\]]	facial cleansing
洗髮劑 洗发剂 [01\[ xǐ fà jì\]]	shampoo
洗髮水 洗发水 [01\[ xǐ fà shuǐ\]]	liquid shampoo
洗髮水兒 洗发水儿 [01\[ xǐ fà shuǐ 5r\]]	shampoo
洗髮皂 洗发皂 [01\[ xǐ fà zào\]]	shampoo
洗髮粉 洗发粉 [01\[ xǐ fà fěn\]]	shampoo powder
洗髮露 洗发露 [01\[ xǐ fà lù\]]	shampoo
洗黑錢 洗黑钱 [01\[ xǐ hēi qián\]]	money laundering
洙 洙 [01\[ zhū\]]	surname zhu;name of a river
洚 洚 [01\[ jiàng\]]	flood
洛 洛 [01\[ luò\]]	surname luo;old name of several rivers (in henan
洛克菲勒 洛克菲勒 [01\[ luò kè fēi lè\]]	rockefeller
洛克西德 洛克西德 [01\[ luò kè xī dé\]]	lockheed (us aerospace company)
洛南 洛南 [01\[ luò nán\]]	(n) luonan (place in shaanxi)
洛基 洛基 [01\[ luò jī\]]	loki
洛基山 洛基山 [01\[ luò jī shān\]]	rocky mountains;also written 洛磯山|洛矶山
洛寧 洛宁 [01\[ luò níng\]]	(n) luoning (place in henan)
洛川 洛川 [01\[ luò chuān\]]	(n) luochuan (place in shaanxi)
洛德 洛德 [01\[ luò dé\]]	(winston) lord (former assistant secretary of state for east asia and pacific affairs)
洛扎 洛扎 [01\[ luò zhā\]]	(n) luozha (place in tibet)
洛杉磯 洛杉矶 [01\[ luò shān jī\]]	los angeles
洛杉磯時報 洛杉矶时报 [01\[ luò shān jī shí bào\]]	los angeles times
洛林 洛林 [01\[ luò lín\]]	lorraine (région)
洛桑 洛桑 [01\[ luò sāng\]]	lausanne (city in switzerland)
洛浦 洛浦 [01\[ luò pǔ\]]	(n) luopu (place in xinjiang)
洛皮塔 洛皮塔 [01\[ luò pí tǎ\]]	lawpita falls on the balu chaung river
洛皮塔瀑布 洛皮塔瀑布 [01\[ luò pí tǎ pù bù\]]	lawpita falls on the balu chaung river
洛磯山 洛矶山 [01\[ luò jī shān\]]	rocky mountains
洛磯山脈 洛矶山脉 [01\[ luò jī shān mài\]]	the rocky mountains
洛美 洛美 [01\[ luò měi\]]	lomé;lome
洛陽 洛阳 [01\[ luò yáng\]]	luoyang prefecture level city in henan
洛陽地區 洛阳地区 [01\[ luò yáng dì qū\]]	luoyang prefecture in henan
洛陽市 洛阳市 [01\[ luò yáng shì\]]	luoyang prefecture level city in henan
洛陽紙貴 洛阳纸贵 [01\[ luò yáng zhǐ guì\]]	lit. to push up paper prices in luoyang (成语 saw); fig. sensational popularity of a new book
洛隆 洛隆 [01\[ luò lóng\]]	(n) luolong (place in tibet)
洞 洞 [01\[ dòng\]]	cave;hole;zero (unambiguous spoken form when spelling out numbers)
洞口 洞口 [01\[ dòng kǒu\]]	(n) dongkou (place in hunan)
洞天 洞天 [01\[ dòng tiān\]]	paradise;heavenly or beautiful place;fairyland
洞察 洞察 [01\[ dòng chá\]]	to see clearly
洞察力 洞察力 [01\[ dòng chá lì\]]	insight
洞庭湖 洞庭湖 [01\[ dòng tíng hú\]]	dongting lake in northeast hunan province
洞悉 洞悉 [01\[ dòng xī\]]	to clearly understand
洞房花燭 洞房花烛 [01\[ dòng fáng huā zhú\]]	put out candles in the new home (成语 saw); fig. wedding celebrations;wedding night;by extension
洞房花燭夜 洞房花烛夜 [01\[ dòng fáng huā zhú yè\]]	put out candles in the new home (成语 saw); fig. wedding celebrations;wedding night;by extension
洞穴 洞穴 [01\[ dòng xué\]]	cave;cavern
洞窟 洞窟 [01\[ dòng kū\]]	a cave
洞見 洞见 [01\[ dòng jiàn\]]	insight;to see clearly
洞頭 洞头 [01\[ dòng tóu\]]	(n) dongtou (place in zhejiang)
洟 洟 [01\[ yí\]]	snivel
洢 洢 [01\[ yī\]]	old name of a river in henan
洣 洣 [01\[ mǐ\]]	mi river in hunan
洣水 洣水 [01\[ mǐ shuǐ\]]	mi river in hunan
津 津 [01\[ jīn\]]	saliva;sweat;a ferry crossing;a ford (river crossing);abbr. for tianjin 天津
津巴布韋 津巴布韦 [01\[ jīn bā bù wéi\]]	zimbabwe
津市 津市 [01\[ jīn shì\]]	(n) jinshi (city in hunan)
津梁 津梁 [01\[ jīn liáng\]]	lit. ferry bridge; fig. interim measure over some difficulty;a guide
津沽 津沽 [01\[ jīn gū\]]	another name for tianjin 天津
津津 津津 [01\[ jīn jīn\]]	enthusiastic;with gusto
津津有味 津津有味 [01\[ jīn jīn yǒu wèi\]]	with keen interest pleasure (成语 saw); with gusto;to relish;eagerly;with great interest
津津樂道 津津乐道 [01\[ jīn jīn lè dào\]]	to discuss sth enthusiastically
津浪 津浪 [01\[ jīn làng\]]	tsunami;same as 海嘯|海啸
津液 津液 [01\[ jīn yè\]]	bodily fluids (general term in chinese medicine)
津澤 津泽 [01\[ jīn zé\]]	fluids (esp. in plants);sap
津要 津要 [01\[ jīn yào\]]	a key crossing point;a communications hub
津貼 津贴 [01\[ jīn tiē\]]	allowance
洧 洧 [01\[ wěi\]]	name of a river
洧水 洧水 [01\[ wěi shuǐ\]]	river in henan
洨 洨 [01\[ xiáo\]]	river in hebei province
洩 泄 [01\[ xiè\]]	to leak (of water or gas);to drip;to drain;to discharge;to leak out;to divulge (secrets);to give vent (to anger
洩勁 泄劲 [01\[ xiè jìn\]]	to lose heart;to feel discouraged
洩密 泄密 [01\[ xiè mì\]]	to leak secrets
洩底 泄底 [01\[ xiè dǐ\]]	to divulge the inside story
洩怒 泄怒 [01\[ xiè nù\]]	to give vent to anger
洩恨 泄恨 [01\[ xiè hèn\]]	to give vent to anger
洩憤 泄愤 [01\[ xiè fèn\]]	to give vent to anger
洩殖腔 泄殖腔 [01\[ xiè zhí qiāng\]]	cloaca;cloacal cavity (of bird
洩氣 泄气 [01\[ xiè qì\]]	discouraged;dejected;demoralized;despairing;to want to give up;to deflate (air from a tyre)
洩洪 泄洪 [01\[ xiè hóng\]]	to release flood water;flood discharge
洩洪閘 泄洪闸 [01\[ xiè hóng zhá\]]	sluice-gate;flood discharge valve
洩流 泄流 [01\[ xiè liú\]]	drainage
洩漏 泄漏 [01\[ xiè lòu\]]	leak
洩瀉 泄泻 [01\[ xiè xiè\]]	loose bowels;diarrhea;to have the runs
洩痢 泄痢 [01\[ xiè lì\]]	to have diarrhea
洩私憤 泄私愤 [01\[ xiè sī fèn\]]	to vent personal spite;to act out of malice (esp. of crime)
洩露 泄露 [01\[ xiè lòu\]]	leak (information);divulge
洪 洪 [01\[ hóng\]]	flood;surname hong
洪亮 洪亮 [01\[ hóng liàng\]]	resonant;ringing
洪亮吉 洪亮吉 [01\[ hóng liàng jí\]]	hong liangji (1746-1809)
洪佛 洪佛 [01\[ hóng fó\]]	hong fo;hung fut - hung and buddha style kungfu - martial art
洪堡 洪堡 [01\[ hóng bǎo\]]	humboldt
洪森 洪森 [01\[ hóng sēn\]]	hun sen (cambodian leader)
洪武 洪武 [01\[ hóng wǔ\]]	reign name (1386-1398) of first ming emperor zhu yuanzhang 朱元璋 (posthumous name ming taizu 明太祖)
洪水 洪水 [01\[ hóng shuǐ\]]	deluge;flood
洪江 洪江 [01\[ hóng jiāng\]]	(n) hongjiang (city in hunan)
洪洞 洪洞 [01\[ hóng tòng\]]	hongtong county in shanxi
洪洞縣 洪洞县 [01\[ hóng tòng xiàn\]]	hongtong county in shanxi
洪流 洪流 [01\[ hóng liú\]]	a powerful current;a flood (often fig.
洪湖 洪湖 [01\[ hóng hú\]]	(n) honghu (city in hubei)
洪澇 洪涝 [01\[ hóng lào\]]	flood;inundation;flooding
洪澤 洪泽 [01\[ hóng zé\]]	(n) hongze (place in jiangsu)
洪澤湖 洪泽湖 [01\[ hóng zé hú\]]	hongze lake in jiangsu province
洪災 洪灾 [01\[ hóng zāi\]]	flood
洪福齊天 洪福齐天 [01\[ hóng fú qí tiān\]]	flood of good fortune fills the heavens (成语 saw); a lucky sign
洪秀全 洪秀全 [01\[ hóng xiù quán\]]	hong xiuquan or hung hsiu-ch'üan (1812-1864)
洪都拉斯 洪都拉斯 [01\[ hóng dū lā sī\]]	honduras
洪雅 洪雅 [01\[ hóng yǎ\]]	(n) hongya (place in sichuan)
洪雅族 洪雅族 [01\[ hóng yǎ zú\]]	hoanya
洫 洫 [01\[ xù\]]	to ditch;a moat
洮 洮 [01\[ táo\]]	cleanse;name of a river
洮北 洮北 [01\[ táo běi\]]	taobei district of baicheng city 白城市
洮北區 洮北区 [01\[ táo běi qū\]]	taobei district of baicheng city 白城市
洮南 洮南 [01\[ táo nán\]]	taonan county level city in baicheng 白城
洮南市 洮南市 [01\[ táo nán shì\]]	taonan county level city in baicheng 白城
洱 洱 [01\[ ěr\]]	name of a river
洱海 洱海 [01\[ ěr hǎi\]]	erhai lake
洱源 洱源 [01\[ ěr yuán\]]	(n) eryuan (place in yunnan)
洲 洲 [01\[ zhōu\]]	continent;island
洲府 洲府 [01\[ zhōu fǔ\]]	state government
洲際 洲际 [01\[ zhōu jì\]]	intercontinental
洳 洳 [01\[ rù\]]	damp
洴 洴 [01\[ píng\]]	wash;bleach (fabric)
洵 洵 [01\[ xún\]]	truly;whirlpool
洶 汹 [01\[ xiōng\]]	torrential rush;tumultuous
洶湧 汹涌 [01\[ xiōng yǒng\]]	to surge up violently (of ocean
洸 洸 [01\[ guāng\]]	sparkling water
洹 洹 [01\[ huán\]]	name of a river
洺 洺 [01\[ míng\]]	name of a river
活 活 [01\[ huó\]]	to live;alive;living;work;workmanship
活下 活下 [01\[ huó xià\]]	to survive
活人 活人 [01\[ huó rén\]]	living person
活佛 活佛 [01\[ huó fó\]]	living buddha;title of mongolian lamas from 17th century
活兒 活儿 [01\[ huó er\]]	work (colloq.);(lots of) things to do
活到老學到老 活到老学到老 [01\[ huó dào lǎo xué dào lǎo\]]	(proverb) never too old to learn
活力 活力 [01\[ huó lì\]]	energy;vitality;vigor;vital force
活動 活动 [01\[ huó dòng\]]	activity;exercise;behavior
活動中心 活动中心 [01\[ huó dòng zhōng xīn\]]	activity center
活動人士 活动人士 [01\[ huó dòng rén shì\]]	activist
活動家 活动家 [01\[ huó dòng jiā\]]	political activist
活動房 活动房 [01\[ huó dòng fáng\]]	prefabricated building;prefab
活動房屋 活动房屋 [01\[ huó dòng fáng wū\]]	prefabricated building;prefab;mobile home;caravan;trailer
活動曲尺 活动曲尺 [01\[ huó dòng qū chǐ\]]	sliding bevel (to measure angles)
活動桌面 活动桌面 [01\[ huó dòng zhuō miàn\]]	active desktop
活化 活化 [01\[ huó huà\]]	activation
活化分析 活化分析 [01\[ huó huà fēn xī\]]	activation analysis
活化石 活化石 [01\[ huó huà shí\]]	a living fossil
活塞 活塞 [01\[ huó sāi\]]	piston;valve
活字 活字 [01\[ huó zì\]]	movable type
活字印刷 活字印刷 [01\[ huó zì yìn shuā\]]	printing with movable type
活度 活度 [01\[ huó dù\]]	activity
活性劑 活性剂 [01\[ huó xìng jì\]]	reagent (chem.)
活性炭 活性炭 [01\[ huó xìng tàn\]]	activated carbon
活期存款 活期存款 [01\[ huó qī cún kuǎn\]]	savings account
活潑 活泼 [01\[ huó po\]]	lively;vivacious;brisk;active
活火山 活火山 [01\[ huó huǒ shān\]]	active volcano
活物 活物 [01\[ huó wù\]]	living animals
活生生 活生生 [01\[ huó shēng shēng\]]	real (people);living (artist);while still alive (e.g. skinned alive)
活神仙似 活神仙似 [01\[ huó shén xiān sì\]]	to live like the immortals (advertising real estate)
活結 活结 [01\[ huó jié\]]	a slip-knot;a noose
活菩薩 活菩萨 [01\[ huó pú sà\]]	a living buddha;fig. compassionate person;saint
活著 活着 [01\[ huó zhe\]]	alive
活該 活该 [01\[ huó gāi\]]	(coll.) serve sb right;deservedly;ought;should
