grand valley state university michigan	17-16304-B
grand view	45-5186-B
grand view gardens	9-41574-S
grandaunt s husband	18-40473-S
granddaughter	16-46973-B,19-14663-B,32-15757-S,63-57782-S
granddaughter one s daughter s daughter	16-47050-B
granddaughter s husband	19-14796-B
granddaughter son s daughter	19-14724-B
grande brasil	63-54640-S
grandee	6-62921-B
grandeur	53-4483-S,66-52977-S,70-21885-B
grandfather	11-56848-S,16-2256-S,16-2498-S,16-2661-S,16-2845-S,16-2930-S,16-44266-S,18-42765-S,32-16063-S,32-16249-S,41-41598-S,46-53529-S,51-29270-S,51-29483-S,70-18931-S
grandfather arch 	68-52093-S
grandfather father of one s paternal grandfather	32-16063-S
grandfather great grandfather	11-56848-S
grandfather i e mother s father	16-49461-S
grandfather s sister	56-43454-S
grandfather s younger brother	11-56938-B,11-57558-B,11-57620-S
grandiflora	53-64498-S
grandiflorus	34-7722-S
grandiloquence	11-70949-B
grandiose	16-3065-B,38-10729-B,38-13185-B
grandiose aims but modest ability 成语 saw	45-52491-B
grandiose plans that end up with nothing	49-35613-B
grandma maternal	18-42603-B
grandmother	7-3592-S,16-46717-S,16-49382-S,17-57721-S,18-23831-S,18-42685-S,18-52141-B,32-15544-S,32-16153-S,46-53345-S,51-27030-S,51-30031-S,70-18865-S
grandmother mother s grandmother	32-15544-S
grandmother s brother or sister	56-43454-S
grandnephew	5-16738-B
grandpa	41-41555-B,51-26408-B
grandpa polite form of address for old man	51-25207-B
grandparent	18-6973-S
grandparents	46-52878-B,46-53597-S
grandson	16-46885-B,19-14315-B,19-15015-B,32-15708-S,42-27419-S,63-57732-S,65-13150-S
grandson s wife	19-14887-B
grandson to sustain upper storeys of ancestor worship	26-62739-S
grandstand	45-38162-S
granite	53-55400-B,53-55453-B
granny	51-26350-B,66-618-B,66-959-B
granny liu visits the grand view gardens	9-41574-B
grant	1-66471-S,8-25340-S,8-25409-S,20-32299-S,28-12629-B,44-29935-B,49-49250-B,59-56781-B,59-56822-S,59-56962-S,60-2656-S,61-63943-S
grant a title	58-30780-B
grant an interview	28-27803-S
grant or confer	68-31807-S
granted formal usage in old document	41-8202-S
granted that	21-10255-B
granulated sugar	68-42624-B
granule	37-14272-B,46-12268-B,48-47933-S,48-48071-B,68-42624-B
granulocyte	48-48480-B
granulocyte blood cell	48-48396-S
granulocytes rarest type of white blood cell	14-24802-S
grape	54-57850-B
grape juice	54-58108-B
grape vine	54-58913-B
grape wine	54-58967-B
grapefruit	33-40270-B,34-26686-B,54-58054-B,69-26261-B,69-26549-B
grapes	54-39035-B,54-57647-B,63-45378-S
grapes are sour when you can t eat them	14-14139-S,58-33016-S
grapes set expr based on aesop	14-14139-S,58-33016-S
graph	15-26222-B,22-46129-S,50-16522-S
graph of average values	15-48305-B
graph paper	15-27871-B,30-63088-B
grapheme	19-6329-B
graphic	15-25732-B
graphic interchange format	15-25788-B
graphic novel	62-23170-S
graphic pattern	3-67487-S
graphic variant of 鞍	68-6943-B
graphical	15-26222-B
graphical user interface	15-25896-B
graphical user interface gui	15-26361-B
graphics	4-66419-S,9-10915-B,9-69684-S,21-56523-S,21-56608-S,38-34090-S,39-6698-S,57-59625-S
graphics card	15-26304-B,68-51801-B
graphics e g maps	15-28101-S
graphite	46-5340-B
graphite reactor	46-5401-S
grapple with the enemy	27-52347-S
grapsus	56-5100-B
grapsus sp	56-17073-B
grasp	15-64636-B,26-65079-S,26-65687-B,27-291-B,27-55862-S,28-34363-B,28-47410-S,29-4703-S,29-20338-S,29-36501-S,47-13621-S,47-43080-S,68-34671-B
grasp ideas	42-56493-S
grasp it and victory is assured 成语 saw	47-43080-B
grasp of sth	9-57559-S
grasp often fig 	28-14025-S
grasp sth in the hand and beat it	28-63821-S
grasp the main points	2-8947-S
grasp to advance to breakdown	29-3265-S
grasp with fingers	27-20244-S
grasp with pincers	64-23491-S
grasped when shooting	23-33410-S
grasping official	59-39095-S
grass	9-34241-S,9-64646-S,13-8976-B,33-38904-S,33-38904-S,36-45774-S,41-52570-S,47-10985-B,47-28435-B,47-29118-B,48-35746-S,49-66201-S,53-46448-B,53-49723-S,53-63290-S,54-470-S,54-522-S,54-13738-B,54-16994-B,54-22011-B,54-23148-S,54-23604-S,54-27967-B,54-38728-S,54-60997-S,55-4510-S,55-7308-B,55-9371-B,55-14972-B,55-27150-S,55-27297-S,55-27687-B,67-57795-B,69-6984-S
grass and cut firewood	53-63394-S
grass and pull out roots 成语 saw	9-31199-S
grass blade	54-8989-S
grass burns the other grass sighs 成语 saw	53-50755-S,53-50932-S
grass carp	54-15928-B
grass conferring invisibility	66-49962-S
grass cutter s comment 谦辞 humble expression	53-63477-S
grass cymbopogon flexuosus	69-29888-S
grass foliage	54-12323-S
grass grows	20-31799-S
grass imperata cylindrica	44-45000-S
grass is always greener on the other side of the fence	62-5116-S
grass like cushion 成语 saw	46-29840-S,49-66245-S
grass mat	48-35874-S
grass mower	9-31143-B,53-63394-B
grass on sb s grave	20-65-S
grass or hair	55-8112-S
grass radical	53-46476-B
grass roots unit	15-68042-B
grass script a style of chinese calligraphy	54-14614-B
grass sighs 成语 saw	53-50755-S,53-50932-S
grass that gives red dye	68-11120-S
grass to the test 成语 saw	44-7683-S,44-7881-S
grass used to show rank	55-15046-S
grass 成语 saw	27-44494-S,54-15163-S
grasses	47-10805-S,55-35859-S
grasshopper	55-58930-B,55-58964-B,55-59010-B,56-1161-B,56-5129-B,56-12145-B,56-12178-B,56-15501-B,56-20654-B
grasshopper chirp	14-6013-B
grasshoppers	45-23434-S,56-7120-S
grasshoppers and crickets	56-16274-S,56-16390-S
grassland	54-13869-B
grasslands	2-49137-S,63-16625-S
grasslands and forests	54-14701-B
grasslands in uldus basin of tianshan mountains	22-10510-S
grasslands near hami in xinjiang	22-9794-S
grasslands of inner mongolia	13-17316-S
grassroots democracy	54-15058-B
grassy	18-31537-B,54-38902-B
grassy hill hill in hong kong	54-14434-B
grate	8-61629-S,41-35564-B
grateful	25-41000-S,25-42050-S,25-42603-B,25-43341-B,58-56590-S,67-64812-S
grateful and seeking to repay the kindness 成语 saw	25-40891-B
grateful to sb	68-34526-S
grater kitchen implement for grating vegetables	46-43678-B,46-43769-B
grates on the ear of home truths	61-67863-B
grates on the ear 成语	61-67948-S
gratia payment	41-58614-S,41-58744-S
graticule	34-55717-B
gratified	35-22385-S
gratify	5-15942-B
gratifying	12-12179-B,62-47552-B
gratifying and satisfactory	47-34681-S
grating of surfaces	39-64990-B,40-7977-B
grating vegetables	46-43678-S,46-43769-S
gratings	35-17419-B
gratiosa brunner orthoptera tettigoniidae	56-16482-S,56-16572-S
gratitude	16-10349-S,25-38820-S,25-42603-S,25-43341-B,37-12202-S,37-12381-S,43-44352-S,53-19910-S,58-56590-B,58-56752-B,62-57206-S,64-31519-S,64-31701-S
gratitude coupled with duty to avenge	25-1673-S
gratitude esp in public	64-31977-S,70-53065-S
gratitude for good treatment	25-43426-B
gratitude mixed with shame	25-41517-S
gratitude up to death	49-44117-S
gratitude up to death 成语 saw	49-44177-S,49-44313-S
gratitude 成语 saw	25-40023-S,25-42769-S
gratuitous	44-35806-B
grave	14-43015-B,15-47153-B,16-14099-S,16-14882-S,16-25641-B,16-25684-S,16-25684-B,16-28232-S,16-30577-S,20-65-S,26-56230-S,38-51966-B,47-44442-S,47-44442-S,47-52657-B,47-54523-S,52-61921-S,54-21908-B,58-52103-S,63-10833-S,63-63074-B,66-30760-B
grave and dignified	18-46356-B
grave clothes	57-10507-B
grave consequence	14-43152-B
grave danger	11-23081-B
grave digger	28-18899-B
grave goods	35-60737-S
grave mishap	25-48204-B
grave 成语 saw	8-42238-S
gravel	46-12268-B,46-27803-B,46-45511-B,46-45604-B
gravel used in concrete 混凝土	70-318-S
gravelens	54-61402-S
gravely	46-27803-B
graveolens	53-62703-S,55-14557-S
graver	9-29437-S
gravestone	16-25588-B
gravitation	13-3367-S,15-40733-B
gravitation force	23-28065-B
gravitation or electrostatics	13-3046-S,22-41046-S
gravitational anomaly geol 	63-56650-B
gravitational field	23-28128-B
gravitational force	60-24010-S
gravitational force varies as the inverse square of the distance	22-41182-B
gravitational wave	23-28193-B
gravity	17-68082-S,23-14457-S,36-12679-S,54-45572-B,59-60092-S,63-56608-B,63-58683-S
gravure	8-33066-B,8-33198-B
gravure e g postage stamps	8-33198-S
gravy	22-60611-S,39-33942-B,39-34058-B,58-36706-B
gray	38-50929-S,40-25273-B,40-25988-S,40-26040-B,50-479-S,55-4017-S,69-51476-B
gray as a horse	69-51086-S
gray black	71-46016-B
gray collar	40-26211-B
gray matter	70-5143-B
gray mullet	70-44088-B
gray or dark color	57-7130-B
gray starling sturnus cineraceus	34-25112-B
graying	30-32820-B
grayish purple color	54-58851-B
graz city in austria	33-66113-B
graze	29-26047-B,29-52404-B
grazing land	41-51823-B,41-51875-B
grease	37-23400-B
grease pot for cart	64-41997-B
grease pot under a cart	61-14954-B
greasy	52-49713-B,52-49750-B
greasy cantonese	52-41766-B
great	3-58248-S,6-10505-B,6-10791-B,6-51275-B,6-52907-B,14-40989-B,17-3754-B,17-3865-B,18-10995-B,19-38684-B,19-48857-S,23-33218-B,25-292-B,25-62105-S,27-29721-B,31-18977-B,32-37334-S,38-10364-B,41-29558-S,42-3451-B,43-15827-S,43-16364-S,45-43032-S,50-51633-S,57-63906-B,59-19457-B,63-57419-B,64-21646-B,64-22825-B,68-44846-B,70-55453-B,71-47579-B
great 1397 1450 4th king of korean choson dynasty	2-38496-S
great 356 323 bc	3-60199-S
great ability	4-8507-S
great about it	2-9460-S
great achievement	59-19518-B,59-21530-S
great acts	6-10955-B
great airs	29-30092-S
great ambition	66-53059-B
great amount	17-37261-B
great ancestor posthumous title	17-60027-B
great and the good	30-12092-S,59-57929-S
great array of spears and chariots	61-17224-B
great aunt	4-58134-B,18-39782-B,18-43552-B,46-53148-B
great barrier reef	17-12613-B
great basin depressions of china	14-48086-S
great bauhinia medal gbm	17-30625-B
great bear	10-31706-B,10-31761-B
great beards of beijing opera	14-48269-S
great bridge	17-23266-B
great britain	1-72108-B,17-4311-B
great brittain	14-15052-S
great burdock	55-139-B
great bustard	17-42119-B
great c 21st century bc	47-10113-S
great c 21st century bc mythical leader who tamed the floods	17-29797-S
great calligraphy master	32-12090-B
great canyon of yarlung tsangpo brahmaputra through the southeast himalayas	66-56196-B
great catastrophe	17-39836-B
great cause	17-22855-B
great celebration	35-32570-B
great ch ing or qing dynasty 1644 1911	17-25392-S,17-25472-S
great changes	39-25878-S
great chinese inventions paper	14-47992-S
great circle in spherical geometry	17-11116-B,17-11186-B
great cold	17-15177-B
great compilations of northern song dynasty	10-30380-S,19-35035-S
great concern	29-43479-S
great concern for people s suffering	23-26799-S
great delight	53-26121-S,53-26242-S
great demand	41-22471-S,60-54758-S
great despite minor blemishes	17-37103-B
great difficulty	18-28045-S,23-43917-S
great dividing range	17-7124-B
great drough	41-17580-B
great earthquake	17-11610-B
great earthquake of may 2008	36-65208-S
great east african rift valley	33-25988-B,33-26085-B,67-66492-B
great east asia co prosperity sphere	17-22157-B
great effort	9-62058-B,43-34429-S,59-46331-B
great eloquence	38-41162-S
great encyclopedia 1408	36-51813-S
great end	17-38544-S
great european scholar honorific title of matteo ricci	37-48524-B
great expectations	11-29587-B
great family	17-18470-B
great fast	17-42994-B
great firewall of china internet censorship	65-62317-S
great force	56-39022-S
great force or imposing manner	36-26573-S
great fortune	14-40989-B
great generals in romance of the three kingdoms	3-54314-S
great goal	16-37356-B
great grand father	32-15418-B
great granddaughter	32-15757-B,63-57782-B
great grandfather	11-56848-S,32-16249-S,51-29483-S,70-18931-S
great grandfather arch 	68-52093-S
great grandfather father of one s paternal grandfather	32-16063-B
great grandmother	17-57721-B,32-16153-S,51-27030-S,70-18865-S
great grandmother mother s grandmother	32-15544-B
great grandson	32-15708-B,42-27419-S,63-57732-B
great great grandfather	70-18931-B
great great grandfather arch 	68-52093-B
great great grandmother	70-18865-B
great great grandson	42-27419-B
great hall of the people	4-12350-B
great hall of the people in beijing	10-25596-S
great han dynasty	17-26162-S
great han dynasty astronomer and mathematician	23-41681-S
great heat	17-20652-S,17-27056-B
great helmsman mao zedong	17-33156-S
great hero may appear timid 成语 saw	17-7886-S
great honor to meet you	58-63234-S
great honor to meet you and i regret it is not sooner	58-63301-S
great hope or expectation on sth	20-1235-S
great hopes	11-29587-B,63-60614-B
great hopes for one s offspring	32-45750-S
great hulk of a man	6-45492-S
great hurry	54-55460-S
great idea etc	17-153-S
great importance to	28-30479-S
great institution	17-38637-B
great interest	37-58939-S
great kindness	45-4966-B,45-5111-B
great lakes	3-48606-B
great leader of north korea	64-10807-S
great leap forward 1958 1960	17-35946-S
great learning 大學 大学	14-50796-S
great length	64-38281-S
great majority	17-13018-B
great man	40-55615-S
great mansion on the verge of collapse 成语 saw	17-17175-B
great many	58-47817-S
great master	17-16684-B
great mathematician	17-19514-B
great meal	17-41246-B
great meal fit for dragon s son 成语 saw	69-20564-B
great men of the past	7-6270-S
great merit	17-7702-B
great migration of peoples	36-21351-B
great minds think alike	54-4910-B
great momentum	37-39927-S,37-40017-S
great moral principle	17-19779-S
great name	63-56867-S
great national leader	6-50498-S
great nebula in andromeda or andromeda galaxy m31	4-28475-B
great nebula in orion m42	42-24542-S
great nirvana sutra every living thing has buddha nature	17-21660-S
great northern wilderness in northern china	10-29935-S
great number	54-42690-S
great number of events	25-7961-S
great number of things	17-13078-B
great numbers	33-34601-S,50-36901-S
great opportunity slip	17-64256-S
great pagoda of yangon rangoon	4-39737-B
great pains	9-15246-S
great painters of the six dynasties	7-67951-S
great panic 成语 saw	5-52126-S
great person	6-10543-B
great person of the past	59-57929-B
great poets of early tang	13-50280-S
great poets of the qianlong and jiaqing era 1735 1820	3-24073-S
great power	23-43220-B
great powers hist 	8-66745-S
great powers to yuan shikai in 1913	14-3226-S
great precision	44-54691-S
great price	40-46872-S
great problem	17-10158-B
great prospects for the future 成语 saw	17-21298-S
great quantity	23-65720-B
great respect for it	58-62485-S
great responsibility	63-59259-B
great revolution	17-40271-B
great rift valley	17-34769-B
great river	17-24725-B
great rivers	12-55919-S
great rush	25-46275-S
great sage the equal of heaven	71-53537-B
great scope	16-3065-S
great seal	17-30240-S,70-50573-S
great seal script 大篆	12-22222-S
great seal 大篆	47-25003-S,48-31522-S,48-31790-S
great service	17-7702-B
great shaanxi earthquake of 2nd february 1556 that killed 830	66-19666-S
great skill and strategy	66-53249-B
great snow	17-40099-S
great southern talents of the ming	36-58106-S
great speed	18-7264-S,24-60260-S
great stone bridge or dashiqiao county level city in yingkou 營口 营口	17-29144-B,17-29263-B
great suffering	54-20642-B
great swan 成语 saw	41-29558-S
great swan 燕雀安知鴻鵠之志 燕雀安知鸿鹄之志	41-29352-S
great sword society	17-6926-B
great talent	17-18573-S
great talent matures slowly	17-10568-S
great tang	17-10020-S,57-14686-S
great tang dynasty general	55-22093-S
great tangshan earthquake of 27th july 1976 that killed more than 650	13-51683-S
great teacher	12-56069-B
great time	65-34683-S
great trust	63-59006-B
great uncle	4-58231-B,11-56938-B
great undertaking	6-10897-B,7-73055-S,17-22855-B
great urgency	2-9683-S
great valley	17-16486-B
great value	31-25517-S
great wall	1-72640-S,11-67536-S,16-19633-S,54-48183-S,64-22862-S,65-12369-S
great wall card credit card issued by bank of china	65-12421-B
great wall hotel beijing sheraton 喜來登 喜来登	65-12522-B
great wall industry corporation cgwic	2-64665-S
great wall near datong	22-38798-S
great war	17-18427-B
great wave	40-19549-B
great waves	37-39875-B
great waves fig of a story with great momentum	37-39927-B
great weight	60-4538-S
great white shark carcharodon carcharias	17-28783-B
great wisdom	53-36687-B
great wisdom and knowledge buddh 	17-20438-B
great work	50-18781-S
great yuan dramatists	6-62131-S,67-4038-S
great 成语 saw	21-3986-S,47-39128-S
great 禹	13-64508-S
greater antilles	17-14739-B,17-14818-B
greater celandine	44-38518-B
greater mekong subregion gms	17-25713-B,17-25828-B
greater military areas	12-29130-S
greater part	17-8436-B,17-12934-S,17-36783-S
greater sorrow than a heart that never rejoices	13-32621-S,25-37522-S
greater than	16-58375-B,17-19942-B,70-15715-B
greater than zero	35-33484-B
greatest	14-26893-S,17-55674-B,54-25253-B
greatest common divisor	32-19797-S
greatest extent	45-8682-S
greatest lower bound	1-62009-B
greatly	6-46120-S,6-47909-S,17-13160-B,35-23783-S
greatly admire	6-46172-S
greatly disappointed	17-13357-B
greatness	58-59042-B
greece	12-1995-S,18-14830-S,22-21653-B,47-19545-S,66-54399-S
greece and turkey	25-36644-S
greed	25-53101-S,59-39278-B
greed for bribes knows no bounds 成语 saw	59-39742-B
greed for reputation	62-56008-S
greedy	3-27892-B,14-43505-B,25-16502-B,59-38747-B,59-39011-B,59-39011-B,59-39167-S,59-39238-B,59-39997-B,69-20871-B,69-53354-B
greedy and selfish	16-54802-B
greedy for sex	59-39608-B
greedy in getting money	59-39679-S
greedy mandarin	59-39095-S
greedy 成语 saw	59-39437-S
greek alphabet	22-21691-B
greek and western culture	32-27606-S,34-1730-S
greek cells with few branches	21-4777-S
greek god	16-28320-S,60-8639-S
greek god of the winds	15-58019-S
greek goddess of love	66-1866-S
greek goddess of the moon	66-10879-S
greek hero	65-68999-S
greek holy wisdom	51-49867-S
greek island in aegean	9-67489-S,9-67572-S
greek language	12-2051-S,22-21886-B
greek letter	18-13570-S
greek letter αα	66-8167-S
greek letter ββ	59-29294-S
greek letter γγ	4-64073-S
greek letter δδ	24-8449-S
greek letter εε	4-49592-S,53-47441-S
greek letter ζζ	26-15754-S,40-1462-S
greek letter ηη	4-48114-S,53-47028-S
greek letter θθ	57-14843-S
greek letter ιι	49-4723-S
greek letter κκ	11-13876-S
greek letter λλ	55-44620-S,55-44689-S
greek letter μμ	48-45702-S,50-39292-S
greek letter νν	49-18513-S
greek letter ξξ	7-18929-S,12-12292-S
greek letter οο	18-15908-S
greek letter ππ	38-350-S
greek letter ρρ	33-43804-S
greek letter σσ	57-18644-S,57-18825-S
greek letter υυ	19-21176-S,42-30181-S
greek letter φφ	23-31697-S,30-32084-S
greek letter χχ	8-29610-S
greek letter ψψ	31-51134-S,31-51303-S
greek letter ωω	18-15841-S,35-30615-S
greek literature	22-21757-B
greek mythology	22-21378-B,22-21816-B,41-52202-S,51-209-S,66-9181-S,71-37404-S
greek polis	15-62613-S
greek prefecture on the peloponnese	65-68589-S
greek sea nymphs	21-12957-S
greek to me	1-16525-S,3-10530-S
greeks bearing gifts	71-25964-S
green	13-34633-S,22-32561-S,46-29556-S,46-29749-B,46-29798-S,49-64377-B,49-65521-S,49-65908-B,51-19181-S,51-19227-S,53-48956-B,54-28079-B,55-2676-S,55-12858-S,55-13195-S,67-57407-S,67-57508-S,67-58218-S,71-37517-S
green alder alnus viridis	50-0-B
green algae	49-66115-B,55-29274-S,55-29350-S,55-29426-S,55-29931-S,55-29997-S,55-30084-S,55-30150-S
green and full of life	55-13126-S
green card	49-64526-B
green cicada	56-23733-S
green cicada or frog meaning unclear	56-16208-S
green color of water	39-25646-B
green fodder	67-58764-B,67-59766-B
green food product	49-66030-B
green frog	55-58134-B
green golf	33-36536-B,61-10388-S
green grass	49-66201-B
green grass like cushion 成语 saw	46-29840-B,49-66245-B
green headband to visit a yuan dynasty brothel	26-23950-S,50-143-B
green is born of blue	67-53906-S
green jade	46-29556-B,51-19181-B,51-19365-B
green jujube	67-55776-B
green lacewing	54-15730-B
green leaf	53-62854-S
green leafy vegetable	55-60959-S
green light	49-65681-B
green meadow so inviting to sleep on	46-29840-B,49-66245-B
green men from mars	20-69270-S
green mountain state	67-54494-S
green mustard	67-57557-B
green onion	55-12707-B
green or blue	67-53725-B
green or greene name	33-66383-B
green paper	49-65779-B
green parrot of papua new guinea	27-10677-S
green parties	50-243-S
green pepper	67-55828-B
green peppers	67-55892-S
green soy bean	36-15317-B
green sprout	53-50462-B
green standard army	49-65726-B
green tea	38-64562-B,49-66159-B
green tea powder japanese matcha	27-16018-B
green traffic light	49-12231-S
green tree	49-65478-B
green vegetables	54-30231-B,67-57835-B
green vitriol ferrous sulfate feso4 7h2o	44-58620-B,49-65833-B
green waters	67-54766-S
green willow	53-59418-S
green willow and red flowers	33-50499-B
green with envy	45-51244-B
green with plants	49-64404-S
green wood	49-65172-B
green zone	49-64474-S
greene name	33-66383-S
greener on the other side of the fence	62-5116-S
greenfinch carduelis sinica	50-72-S,55-36978-S,64-13954-S,64-14026-S
greenhorn	16-48000-B,54-30478-B
greenhouse	39-20055-B,53-55915-S
greenhouse effect	29-62472-S,39-20204-B
greenhouse gas	39-20279-B
greenhouse gas sequestration	39-20099-B
greenish black	67-53725-B
greenish black pongee	49-56210-S
greenish blue	51-19227-B
greenish yellow	55-4335-B
greenland	34-185-B,34-239-B
greenpeace	49-65945-B
greens	54-30231-B,54-30287-B
greenwich	33-66626-B,33-66689-B
greenwich former location of greenwich observatory	33-66889-B
greenwich mean time	33-66764-B
greenwich mean time gmt	33-67124-B
greenwich meridian	33-66994-S
greenwich observatory	33-66889-S
greenwood refers to popular hero in robin hood style	49-65235-S,49-65357-S
greet	18-4928-S,53-19288-B,61-45365-S
greet by raising the joined hands	28-44319-B
greet guests	23-41105-S
greet sb	27-41357-S
greet sb by word or action	26-44565-S
greeter	27-41741-B
greeting	13-62542-S,19-51365-S,25-3836-S,27-48581-S,58-42620-S
greeting and sending off	28-28306-B
greeting card	18-3936-S,59-49716-B,59-50003-S
greetings	11-63414-S,18-10308-S,20-9209-S,20-9432-S,25-3777-B
greetings 谚语 proverb	71-25964-S
gregarious	14-9035-B
gregoire name	54-57197-B
gregorian calendar	7-60431-B,33-65077-B,57-12925-B,66-35588-S
grenada	33-67248-B
grenade	6-31282-S,26-34178-S,67-40598-S
grenadines	51-47164-S,51-47289-S,64-10708-S
grenoble french town	33-65159-B
grey alder alnus incana	40-26125-B
grey sunken cheeks 成语 saw	44-63362-S
greyhound	40-25880-B
grid	50-5892-B,62-15552-S
grid e g of farmland	26-45838-S
grid lines	34-55717-B
grid paper manuscript paper with squares for chinese characters	30-63088-B
griddle	65-5613-B
grief	12-27678-S,13-31236-B,13-31651-S,13-31777-B,13-32324-B,25-8987-B,25-10573-S,25-48787-B,25-53033-B,25-53405-S,25-53757-S,37-6707-B,39-26437-S
grief and indignation	25-10116-B
grief and joy	25-9356-S
grief for a lost wife	71-48348-S
grief into happiness	46-18091-S
grief into happiness 成语 saw	61-23554-S
grief 成语 saw	71-48490-S
grievance	2-7269-B,8-13548-B,14-5529-S,18-41608-S,20-954-B,24-64028-B,35-55881-S,35-56041-S,37-52753-S,43-42758-S,47-39355-B,53-66981-B
grievances	5-60392-S,8-13597-S,8-15304-S,12-9313-S,25-24717-S,36-25204-S
grievances 1247 by song ci 宋慈	37-52863-S
grieve	6-44237-S,6-44491-S,24-56659-S,25-11382-S,59-13755-S
grieve for	13-31236-S
grieve for deceased relative	6-44572-S
grieve for the sick and the dying	23-26799-S
grieve over sb s death	13-31869-S,25-9744-B
grieve to death	6-44391-S
grieved	13-31307-B,24-42116-B,24-47252-B,24-54168-B,25-9306-B,25-10621-B,25-44205-B,25-47281-B,25-47971-B,25-53757-B,25-62463-B,44-14134-B,67-13654-S,68-27719-B
grieving for his lost wife	71-48348-S
grievous	8-24305-B,25-62746-B
grigoryevich lukachenko	45-12990-S
grill	61-29109-S
grilled on a hot iron plate	65-3618-S
grilled on hot iron plate	65-3507-S
grilling japanese teppan	65-3311-S
grilling on hot iron plate japanese teppanyaki	65-3407-S
grim	8-23600-B,8-23856-B,8-24185-B,14-41774-B,14-42924-B,35-38859-B,68-58368-S
grim reality	2-28312-S
grim reaper	35-58882-S
grimace	6-15824-S,24-65072-S,24-65510-B,70-32006-S
grimace in pain	13-15469-S,71-55865-S
grimly	8-22659-S
grimstad city in agder	34-100-B
grin	13-28050-S,67-48662-S,67-48702-S
grin and bear it	24-43144-S,61-65870-S
grin of dissatisfaction bitterness	8-22659-B
grind	26-47613-B,29-17970-S,46-13654-S,46-38274-S,46-40303-B,46-45474-B,46-45678-B
grind an iron bar down to a fine needle 成语 saw	46-39515-S
grind fine	28-35377-B,46-13134-B
grind knife blades	46-39298-S
grind one s teeth during sleep	46-39975-S
grind one s way through an inkstone 成语 saw	46-40428-S
grind the teeth	13-29102-S
grinder s disease	46-4134-B,46-6616-B,46-6768-B,46-11677-B,46-11881-B,46-11974-B,46-21918-B,46-39103-B
grinding	46-13654-S
grinding wheel	46-12393-B
grinding with pestle	46-15089-S
grindstone	25-63967-S,46-38340-B,46-40341-S,46-43678-B,61-26288-S
grinnell	33-66493-S
grinnell college private liberal arts college in grinnell	33-66493-B
grip	26-65577-B,26-67717-B,28-47460-B,28-47549-S,29-36501-S,63-53080-S
grip the road in car racing	26-67755-S
gristle	52-42968-B
grit	37-15602-B,48-49535-B
grit one s teeth and bear the pain	13-29180-S
gritty	46-38144-B
gritty secretion in eyes	45-46732-B
grizzled	30-32820-B
grizzled hair	53-58826-B
grizzly	40-26040-B
grizzly bear	40-25793-B
groan	13-16707-B,13-16736-S
groaning sound	14-25977-S
grocer	67-6181-B
groceries	67-6119-B
grocery store	67-6233-B
groin anat 	52-45059-B
groningen	33-67906-B
groom	15-1592-B,18-57752-S,30-57376-B,69-31870-B
groom as traditional wedding ceremony	3-70313-S
groom for a position	15-66439-S
groom in a old fashioned wedding ceremony	27-45189-S,27-45442-S
groom s family	11-64002-S
groom s family sends a marriage sedan 花轎 花轿 to escort the bride	61-45175-S,61-45804-S
groom to live with the bride s family	27-43478-S
groove	15-67901-S,34-46980-B,39-18427-B
groove or fissure dividing lobes of the brain	52-40264-S
grope	29-3565-S,29-3737-B
grope about in the dark	29-3774-S
groping	5-51640-B
gross	52-53386-B
gross domestic product gdp	15-2192-B,15-10692-B
gross domestic production gdp	43-27869-B
gross national product	15-10692-B
grosso	69-42056-S
grossulariaceae	55-13244-B
grosvenori	50-60255-S
grosvenorii formerly momordica grosvenori	50-60255-S
grotesque	12-2225-B,18-2157-B,24-64978-B
grotesque and variegated	7-9305-B
grotesque visage	24-65510-B
grotto	20-63579-B,21-36718-B,46-9527-B
grottoes at luoyang	71-62269-S
groucho marx the star of duck soup	69-32896-B
ground	6-16535-S,7-71136-S,8-37476-S,9-4645-S,11-49630-S,15-37505-B,15-37556-S,15-44051-B,15-46347-B,15-49929-S,16-23024-S,17-68602-S,17-68922-S,17-69373-S,21-26653-S,22-42421-S,26-59635-S,27-12361-S,27-33021-S,28-61753-S,28-63541-S,29-29600-S,37-30436-S,39-21210-S,39-42177-S,42-8532-S,42-51476-S,46-16853-S,47-36189-S,47-56839-S,50-24649-S,51-23712-S,52-54345-S,54-49235-S,54-49235-S,60-1395-S,61-28196-S,63-47098-S,64-57424-S,68-2521-S,69-46104-S
ground against the opinion of the masses 成语 saw	9-46557-S
ground attack aircraft	29-47747-B
ground beetle	35-43065-B
ground breaking ceremony	46-17006-B
ground control of airborne or space operation	15-46401-B
ground crew	15-39198-S
ground exclusively kept for emperor or nobility in former times	15-21780-S
ground for agriculture	65-35517-S
ground for crimes or sedition	39-21210-S
ground for sacrifice	18-11708-S
ground golf	44-31596-S
ground in admiration	3-55815-S
ground in the face of adversity or pain	28-0-S
ground level	15-30556-B
ground meat	46-27909-B,52-5592-B,52-7069-B
ground of seedling	46-16853-S
ground of the above	29-24320-S
ground plane in perspective drawing	16-1776-B
ground pressure	15-46596-B
ground prone fist	15-45130-S
ground rice	48-51132-B
ground stream	4-53805-B
ground to air missile	15-40310-B
ground tumbling boxing martial art	15-45130-B
ground while holding back differences 成语 saw	36-53676-S
ground 成语 saw	52-43686-S
groundbreaker	27-32652-B,65-42702-B
groundbreaking	18-11440-B,65-35671-B
groundbreaking in relations	46-16658-B
groundhog	15-31123-B
groundless	54-27164-B
groundless accusations	28-5521-S
groundless fears	33-10940-B
groundnut	53-58570-B
grounds	16-28143-S,29-24599-S,42-55867-B,66-61619-S
grounds for an argument	58-44258-B
grounds for believing sth	25-55469-B
groundwater	15-37948-B
group	1-35489-S,1-54121-S,2-82774-S,3-5865-S,3-16128-S,4-44821-S,5-15113-S,5-21636-S,5-35829-S,6-25915-S,6-26026-S,6-52170-S,6-52455-S,7-49011-S,8-47104-S,9-7746-S,9-50118-S,10-5294-S,13-40931-S,15-28529-B,15-29469-B,15-57798-S,17-5443-S,17-39329-B,19-42687-S,20-69087-S,21-4236-S,21-53524-S,21-53869-S,22-13786-S,22-13836-S,22-35285-B,23-53413-S,23-53450-S,26-18010-S,26-20662-S,28-61199-S,29-57233-S,30-38930-S,30-68479-S,30-68998-S,31-2184-S,32-11729-S,32-21986-B,33-22703-S,36-20945-S,36-33180-S,38-350-B,38-729-B,40-10384-S,40-48848-S,42-25501-S,42-46783-S,43-40703-S,43-45804-S,43-47127-S,43-47408-B,44-60048-S,45-40437-S,45-56076-S,46-46907-B,46-48713-S,49-37683-B,49-52667-S,50-19552-B,51-1361-S,51-3706-S,51-10504-B,51-12025-S,51-54296-S,51-54626-S,51-56167-S,52-15495-S,54-918-S,56-4088-S,56-24453-S,57-67031-S,59-8949-S,59-33114-S,60-64257-S,61-34163-S,66-21076-S,66-38287-B,66-57194-B,67-20529-S,67-46142-S,67-55304-S,68-35377-S,68-35377-S,71-45213-S,71-62606-S
group aig	11-43498-S
group c2h5 chem 	3-15756-S
group c3h7 chem 	2-43902-S
group c4h9 chem 	1-24808-S
group cbvg	53-35536-S
group ch3 chem 	43-39691-S
group corporation one of china s large telephone companies	50-10076-S
group in china	5-9997-S,47-52910-S
group in guangxi	6-52080-S
group in yunnan	49-17736-S
group including mongoose and civet	67-53068-S,67-53178-S
group indonesian business concern	9-45781-S
group leader	49-39259-B
group led by an aircraft carrier	53-35536-S
group macau	10-38385-S
group math 	32-41255-S,33-5272-S,50-53101-S
group member	15-28656-B
group mentality	15-29359-B
group of 100 families	63-36293-B
group of 77	1-26914-B
group of actors or acrobats at a fair	62-37874-B
group of beggars	2-37064-S
group of eight major industrialized nations	7-50293-S
group of five cartoon sheep	34-49649-S
group of hospitals	33-23633-S
group of hunan	15-30486-S
group of islands	51-10803-B
group of missionaries	6-36701-S
group of people	1-9801-B,29-11465-B,51-56244-S,66-20946-B
group of sentences with clear meaning	12-6080-B
group of soldiers	56-38921-S
group of southwest china	53-64571-S,53-64699-S
group of springs	40-19420-S
group or flock	51-10601-S
group or organization	5-50681-S
group or team in factories etc	42-47709-B
group photo	12-33254-B
group photo of whole family	12-33005-B
group plc	60-44061-S
group prc computer firm	51-61620-S
group theory	15-59655-S,51-11407-S
group travel	15-29526-B
group who made up the 西夏 dynasty	71-45467-S
grouper family	70-42680-S
grouper portuguese garoupa	46-6370-B,70-42595-B
grouper 石斑魚 石斑鱼	70-42680-S
grouping	19-39537-S,26-11425-B,46-50302-S,66-57250-S
groups	8-51409-S,8-53309-S,8-57296-S,26-11425-S,42-46221-S,50-20707-S
grouse	33-29031-B
grove	20-65832-B,34-60941-B,48-30418-S
grovel	27-44849-B,60-40654-S
grow	16-27926-B,26-12412-S,34-571-S,34-733-S,35-61887-B,38-32953-S,43-17960-S,43-29051-S,43-30563-B,44-28236-S,47-31993-S,47-33258-B,65-11737-S
grow all over	65-17277-S
grow and spread	39-27592-S
grow crops	43-32787-S
grow faster	28-47271-S
grow flowers	47-33817-S
grow in number	16-26621-S
grow mulberry for sericulture	61-41166-S
grow out	65-12023-B
grow prettier physical changes at puberty	8-44608-S
grow rusty	43-30379-S
grow together as one	62-22982-S
grow up	65-12820-S,65-14836-S
grow usually of abstract things	39-27696-S
grow vigorously	9-65715-B
grower	53-56006-S,53-56070-S,53-61162-S
growing	43-32787-S
growing area	43-32850-S
growing as a thicket	11-66913-B
growing flowers	69-12505-B
growing from axil of plant	52-36283-S
growing from cut branch or stump	35-17309-S
growing plants in pots	45-1864-B
growing several crops together	18-8316-B
growing strong	30-63941-S
growing tall along water	55-1586-S
growing wood	63-12109-S
growl	13-21217-B
grown	15-31908-S,19-61402-S,47-21950-S
grown beans	59-19398-S
grown for meat	54-29884-S
grown in old age	71-56562-S
grown in tibet and qinghai	67-57077-S
grown pig	59-22818-S
grown talent	2-61043-S
grown together with others	18-9534-S
grownup	17-5117-B
grows	20-31799-S,55-3418-S
grows out	65-40992-S
growth	16-26892-B,22-47904-S,24-49203-S,26-12412-B,42-11946-S,44-28236-B,44-32916-B,49-60003-S,50-38150-S,52-41445-B,53-48873-S,53-48956-S,53-64226-S,54-5464-S,54-6098-S,54-12371-S,54-27513-S,54-27886-S,55-222-S,55-9690-S,55-9996-S,60-2047-S,67-41257-S,70-30391-S
growth hormone	9-13601-B,43-30605-B
growth inside wood	23-54755-S
growth of bamboo	48-32942-S
growth of flower	55-27727-S
growth of forest	35-21142-S
growth of wood	38-53145-S
growth rate	16-27976-B,26-12474-B
growth rate econ 	16-27751-B
growth ring	22-49949-B
growth trees	34-46657-S
growth 成语 saw	35-22434-S
grub	56-7638-B,56-7671-S,56-16740-S
grubber	59-34225-S
grudge	16-52459-S,19-67157-S,24-63974-B,25-2099-S,26-512-S,33-51550-S,50-50058-B,57-66099-S,63-2766-B
grudge against	25-16419-S
gruel	47-28201-S,47-28388-B,48-51283-B,48-62102-S,59-18811-S
gruel and many monks	48-51328-S
gruff	48-49641-B
grumble	12-7441-B,14-30535-S,14-31926-B,14-40391-B,14-44277-S,27-13014-B,46-38601-S,46-40900-S,58-4613-B
grumbling	21-3580-S
grumman aerospace arm of boeing	58-49565-S
grunniens	36-17431-S,36-17475-S
grunt	13-26799-B
grunt as interjection	14-26017-S
grunting of ox	42-1949-B
grunting of pigs	59-22694-B
grus constellation	17-55408-B
grus japonensis	3-3379-S
grus nigricollis	71-33482-S
gruzia or georgia	34-347-S
gruzian or georgian person	34-428-B
gryffindor	33-68110-S
gryllolaptaptidae	56-15220-B
gryllolaptaptidae family of burrowing insects of order orthoptera	56-15283-B
gryllotalpa	15-31755-S,17-53423-S,55-59491-S,56-598-S,56-15160-S
gu	11-71305-S,61-33725-S,68-17025-S,68-48720-S
gu 1907 1946	11-6285-S
gu 32 92	42-46673-S
gu county in shanxi	12-4787-B
gu kaizhi or ku k aichih 346 407	68-49428-B
gu long taiwanese writer	12-5589-B
gu yanwu 1613 1682	68-49562-B
gu1	69-65066-S
gu3 lu1 lu1	70-1303-S
gua sha technique in traditional chinese medicine	9-8986-B
gua1	56-9335-S
guadalajara	43-9693-B
guadalcanal island	43-9482-B
guadalcanal of late 1942	43-9574-S
guadarrama mountain range across iberia	43-9767-S,43-9870-S
guadeloupe	43-8900-B
guam	65-54853-S
guam us pacific island	65-54794-B
guan	48-22499-S,48-25144-S,65-53366-S
guan county in beijing	14-64647-B
guan county in shandong	8-13163-B
guan hanqing c 1235 c 1300	65-56090-B
guan yu 219	65-56900-B
guan zhong 645 bc	48-25490-B
guan zhong 管仲 645 bc	48-25670-S,48-25799-B
guandu area in yunnan	19-42092-S
guang	23-10208-S
guang 1019 1086	12-25037-S
guang 119 bc	33-2264-S
guang an district district in sichuan	23-11776-S
guang an prefecture level city in sichuan	23-11700-B,23-11874-B
guang hsu 1875 1908	7-11725-S
guang 李廣 李广	68-63147-S
guanganmen in xuanwu 宣武區 宣武区 district of southwest beijing	23-11961-B
guangchang county in fuzhou 撫州 抚州	23-13600-B,23-13679-B
guangde place in anhui	23-12769-S
guangdi	9-41227-S
guangdong	1-37168-S,3-18873-S,4-3037-S,5-3637-S,5-3712-S,5-3796-S,11-9149-S,12-18631-S,13-232-S,14-50881-S,16-26551-S,20-34329-S,23-5127-S,23-12144-S,24-4508-S,24-10887-S,24-26587-S,25-1986-S,25-17433-S,25-17621-S,25-18142-S,25-18403-S,25-18469-S,26-1854-S,28-48652-S,28-48983-S,28-49142-S,30-34303-S,30-49603-S,30-49672-S,30-49741-S,31-48021-S,33-23464-S,33-23543-S,34-10581-S,35-47347-S,35-49086-S,36-55602-S,36-55776-S,36-55853-S,36-56026-S,36-61300-S,36-61379-S,37-20698-S,38-19444-S,38-48963-S,38-49140-S,38-65199-S,39-13047-S,39-13117-S,39-31044-S,39-62839-S,39-62905-S,42-44965-S,42-45267-S,42-45342-S,49-30022-S,50-56912-S,52-4498-S,52-4577-S,53-61375-S,54-5924-S,62-21679-S,62-24065-S,62-35381-S,65-34186-S,66-35520-S,66-35795-S,66-36157-S,66-36238-S,66-36614-S,67-18546-S,67-22831-S,68-12636-S,68-16712-S,68-16791-S,68-23883-S,69-20058-S,70-21644-S,70-30438-S,70-58740-S,71-17834-S,71-59452-S,71-61971-S
guangdong and guangxi	7-44682-S
guangdong and guangxi in qing times	7-44586-S
guangdong and kowloon e g railway	23-10270-B
guangdong and kowloon railway	23-10342-B
guangdong close to dr sun yat sen s birth place	2-69920-S
guangdong modern wu river 武水	40-16033-S,40-16119-S
guangdong province	17-59944-S,25-17698-S,28-49219-S,34-10658-S,36-55679-S,37-20773-S,38-65278-S,39-13414-S,39-62984-S,43-57173-S,52-4665-S,54-6001-S,67-18619-S,68-16879-S
guangdong province in south china	23-12260-S,23-12418-S
guangdong province kwangtung in south china	23-13770-B,23-13909-B
guangdong 廣東 广东 province in south china	48-51751-S
guangfeng county in shangrao 上饒 上饶	23-15064-B,23-15143-B
guanghan city in sichuan	23-14255-S
guanghe place in gansu	23-14136-S
guanghu 1949 	32-68756-S
guangling place in shanxi	23-15730-S
guangming daily	7-9704-B
guangnan and yanshan in yunnan	23-14321-B
guangnan place in yunnan	23-10644-S
guangning place in guangdong	23-12144-S
guangping place in hebei	23-12660-S
guangrao place in shandong	23-15798-S
guangren	23-2041-S
guangshan county in xinyang 信陽 信阳	7-8492-B,7-8570-B
guangshui city in hubei	23-14070-S
guangxi	1-37336-S,1-49702-S,1-50640-S,5-19469-S,5-19542-S,6-52080-S,7-36434-S,7-44682-S,8-27055-S,10-33771-S,10-33873-S,10-65904-S,11-9088-S,12-33077-S,12-35398-S,17-8296-S,17-19646-S,17-46610-S,17-52439-S,19-49353-S,19-65837-S,20-7039-S,20-17714-S,21-34579-S,21-41678-S,21-41755-S,22-10808-S,22-37779-S,22-42131-S,22-42196-S,24-24028-S,24-50516-S,25-4032-S,25-55696-S,26-56337-S,31-37158-S,33-23718-S,33-49080-S,33-49272-S,33-49347-S,33-49444-S,33-50027-S,34-1897-S,34-2024-S,34-2114-S,34-2209-S,34-15178-S,34-15251-S,34-15346-S,34-49174-S,35-9719-S,35-23862-S,35-23937-S,35-24034-S,35-46057-S,35-49604-S,36-52481-S,37-20336-S,37-20407-S,38-9645-S,40-18184-S,42-30262-S,42-30333-S,42-30426-S,43-6071-S,43-37647-S,43-37714-S,43-38450-S,44-56364-S,44-56442-S,44-56533-S,52-58642-S,53-23975-S,54-19056-S,54-62692-S,55-3166-S,55-3229-S,55-33183-S,56-10773-S,56-11042-S,57-18583-S,59-23106-S,59-43298-S,59-43373-S,59-49846-S,59-49919-S,59-50130-S,59-56080-S,63-14706-S,63-16510-S,63-27000-S,64-13475-S,64-59810-S,65-59964-S,65-60097-S,65-60192-S,66-33079-S,66-35728-S,66-37662-S,66-37858-S,67-51327-S,67-51394-S,67-60816-S,69-37047-S,70-52144-S,71-8247-S,71-57891-S,71-59533-S
guangxi autonomous region in south china 廣西壯族自治區 广西壮族自治区	34-1595-S
guangxi in qing times	7-44586-S
guangxi province	21-44755-S
guangxi province in south china	23-14614-B,23-14828-B
guangxi through guilin 桂林	39-45219-S
guangxi warlord faction	34-2413-B,55-12433-S
guangxi zhuang autonomous region in south china	23-14691-B
guangxi zhuang autonomous region in south china 廣西壯族自治區 广西壮族自治区	10-69439-S,10-69610-S,10-69778-S
guangxu emperor	7-11831-B
guangxu or guang hsu 1875 1908	7-11725-S
guangxu until the boxer uprising	39-18770-S
guangxu 光緒 光绪	61-7463-S
guangyuan prefecture level city in sichuan	23-10475-B,23-10554-B
guangzhou	2-69761-S,39-13264-S,44-47858-S,71-22659-S,71-22925-S
guangzhou and hong kong	37-36270-S
guangzhou and the pearl river delta	36-55200-S
guangzhou canton 广州	47-41043-S
guangzhou daily	23-12587-B
guangzhou railway line	4-3095-S
guangzhou subprovincial city and capital of guangdong province in south china	23-12260-B,23-12418-B
guangzi or guan zhong 管仲 645 bc	48-25670-B
guangzong place in hebei	23-12077-S
guangzu	63-33739-S
guanhua 1913 1973	14-14442-S
guanidine	52-19053-B
guanine nucleotide g	70-49478-B
guannan place in jiangsu	40-17548-S
guano	70-50706-B
guantanamo	65-54404-B,65-54468-B
guantanamo bay in cuba	65-54532-B
guantao place in hebei	69-18272-S
guanting or kuan ting reservoir in hebei	19-41665-B
guanxi	65-53904-B
guanxi canal	39-12115-S
guanyang place in guangxi	40-18184-S
guanyin	57-41682-B,57-41735-B,57-43716-B,57-43758-B
guanyun place in jiangsu	40-18251-S
guanzheng	13-173-S
guanzhong c 1330 c 1400	50-62161-S
guanzhong plain in shaanxi	65-53467-S,65-53534-S,65-53621-S
guanzhong plain 關中平原 关中平原 and han river 汉水 valley	47-24151-S
guanzhong 關中 关中 plain	39-4776-S,39-5151-S,39-5252-S
guarantee	4-6098-S,5-34047-S,5-34500-S,5-38699-S,5-39379-B,5-39379-S,5-40874-S,10-17139-B,29-22627-B,46-33073-B,64-36595-S
guarantee certificate	10-16948-B
guarantee etc	32-12385-S
guarantee replacement of faulty goods	10-15840-S
guarantee slip	5-34924-B
guarantee to cure all diseases	10-16270-B
guarantee to keep in good repair	5-34434-B
guarantee to pay compensations	10-18434-B
guarantor	4-6098-S,5-39470-B,8-4662-S
guard	1-69614-S,5-21092-B,5-34047-S,5-35365-B,6-4016-S,8-35671-S,9-23553-S,14-1413-S,14-43381-S,19-21467-S,19-22373-B,19-56980-S,24-1307-S,26-6475-S,26-16913-S,26-65406-B,27-56468-B,28-12829-S,28-46176-S,29-23893-S,38-18138-S,38-18917-S,45-37154-S,45-38345-S,47-1476-S,47-62840-S,51-4438-S,56-36962-S,56-37044-S,56-38809-S,56-40413-S,57-47304-S,59-47-B,59-860-S,59-860-S,59-1742-S,59-5426-S,63-13806-S,65-62900-S,65-62946-S,68-4769-S,68-13500-S
guard a natural stronghold	29-23975-S
guard a pass	26-65985-B
guard against	9-46036-S,28-42865-S,47-671-B,65-59670-S,65-59733-S,65-60971-S,68-31003-S
guard against earthquakes	65-63470-S
guard against emergency	26-13288-S
guard complement	28-47062-S
guard home	5-36487-B
guard i e group of soldiers	56-38921-B
guard in former times	62-59938-S
guard of officials or eunuchs	19-56980-S
guard region etc	64-54074-S
guard the frontier	26-6574-S
guard united states	15-10825-S
guard with a surprise attack 成语 saw	8-35789-S
guarded	16-31073-S,26-13370-S,31-27778-S
guarded entrance	65-23566-B
guardian	5-39854-B,45-10231-S,45-10285-B,56-37285-B
guardian newspaper	56-37231-B
guardian of a child	19-64609-S
guardians or warrior attendants of buddha	14-47845-S
guards during the cultural revolution	49-13242-S
guards usually spaced out along parade routes	34-52379-S
guatemala	11-22122-B
guatemalan	11-22184-B
guattari philosopher	9-60064-B
guava fruit	43-57116-B
gubo a personal name	12-3559-B
gucheng county in shandong	29-59627-B
gucheng place in hubei	59-15344-S
guerrilla band	62-37265-B
guerrilla warfare	62-37153-B,62-37203-B
guess	4-59668-S,24-44412-B,28-47734-B,28-48106-B,30-34368-S,42-12401-S,42-12550-B,42-12680-B,42-12802-B,52-52116-B
guess a riddle	42-12802-B
guessing	28-48106-B
guessing game	8-65200-S,27-20104-S,42-12618-S,59-16582-S
guessing game at lantern festival 元宵節 元宵节	31-34043-S
guest	1-59913-S,2-33867-S,2-33958-S,2-34040-S,5-6339-S,5-17702-B,5-19422-B,14-29001-S,16-50908-S,19-51050-B,19-51267-B,29-8933-S,30-11668-S,33-14222-S,43-49297-S,45-19023-S,59-43632-S,59-43632-S,59-55085-B,61-45934-S,61-49311-S,63-41894-S,67-32493-S
guest acts as host 成语 saw	11-46384-S
guest appearance in film credits	19-51144-B,41-57149-S
guest at party	19-41405-S
guest from afar	62-60640-B
guest from the same country	7-32440-B
guest honor my house firm etc with your presence	59-50427-S
guest house	19-52614-B,27-41801-B,61-67262-B
guest of honor	22-64377-S
guest or visitor	6-14891-S
guest performer in a show	19-51144-B,41-57149-S
guest room	19-52570-B
guest speakers etc	16-9540-S
guest user	50-6981-B
guest web user e g blogger 博客	19-51050-B
guest 外賓 外宾	7-32440-S
guesthouse	15-13326-S,59-56145-B
guests	18-27937-S,19-51305-S,19-51832-S,23-41105-S,27-41664-S,27-42533-S,48-37177-S,58-42762-S,59-55472-B,61-45499-S
guests come and go	21-26320-S
guests esp in traditional fiction	65-44346-S,71-29935-S
guests feel at home in a hotel	59-55739-B
guests well	18-27937-S
guffaw	13-35954-B,41-34916-B,58-22887-B
guggenheim aeronautical laboratory at the california institute of technology galcit	12-3331-B
guggenheim name	12-3199-B,12-3270-B
gui	15-25896-B,15-26361-S,18-56826-S,40-27988-S,63-20436-S
guiana	37-31065-S
guichi city in anhui	59-43238-S
guidance	4-40356-S,19-43442-S,27-58003-B,57-65220-B
guide	5-30235-S,7-3876-B,14-41069-B,20-57991-S,20-59993-S,22-28970-S,22-29060-S,22-29418-B,23-27332-S,23-28589-S,23-31028-S,27-57597-S,27-58003-S,27-58279-B,27-58521-B,28-39801-S,37-38269-S,37-58714-S,57-64774-S,58-24036-S,58-55226-B
guide a missile	9-11027-S
guide into	20-58063-S
guide place in qinghai	59-42837-S
guide pulley	20-59930-B
guide sb back to the right path by repeated word and example	25-39302-S
guide sth on its proper course	68-23325-S
guide towards profitable outcome	68-23325-S
guidebook	20-59993-S
guided missile	20-58602-B
guided missile submarine	20-58933-B
guided one	63-8908-S
guidelines	30-64313-B,35-3044-B,50-33506-S
guides subject	1-39604-S
guiding place in guizhou	59-42520-S
guiding principle	50-4991-B,50-5160-B
guidong place in hunan	34-1961-S
guifei 719 756	34-29363-S
guifei 楊貴妃 杨贵妃 719 756	34-28810-S
guigang prefecture level city in guangxi	59-43298-B,59-43373-B
guijin 1945 	9-43185-S
guild	7-60483-B,32-24545-S
guilding the lily	16-59492-B
guileless	25-44094-B,40-60478-B,51-27588-S
guilin	14-57511-S,59-24258-S
guilin district district in guangxi	34-2114-S
guilin prefecture level city in guangxi	34-2209-B
guilin prefecture level prefecture level city in guangxi	34-2024-B
guilin 桂林	39-45219-S
guillemet《》 punct used for names of books etc	32-10258-S
guilt	4-54312-S,7-30193-S,35-24167-S,35-24467-S,40-62897-S,44-5470-B,50-51478-B,50-52184-B,50-52370-B,58-21426-S,65-40579-S
guilt by association	33-54782-B
guilty	2-15507-S,4-54312-S,25-43892-S,32-38636-B,32-43947-S,58-21426-S
guilty and deserves to be punished 成语 saw	50-51879-B
guilty conscience	7-30193-S,13-62764-S,24-38723-S,55-56067-S
guilty conscience idiom	6-15625-S
guilty legal plea	40-62470-S
guilty of crime	40-60478-S
guilty of monstrous crimes	25-23777-B
guilty party files the suit	25-19103-S
guinan place in qinghai	59-42104-S
guinea	22-5139-S,22-57135-B,22-57262-S,27-10677-S,30-48276-S,30-52487-S,47-20807-S,47-20886-S,49-18824-S,49-18824-S,54-25900-S,60-7166-S,69-38157-S
guinea bissau	22-57184-B,36-11579-S
guinea pig	17-52378-B,59-22774-B
guinea squash	54-6957-B
guinness publishers of book of records	12-39836-B
guiping city in guangxi	34-1897-S
guipúzcoa	12-40310-S
guise	5-65501-S
guitar	12-38822-B,12-39389-S,13-34140-S,23-35287-S,59-29760-S,59-29828-S,67-26621-S,67-37815-S
guitar technique	29-19373-S
guixi county level city in yingtan 鷹潭 鹰潭	59-43459-B,59-43540-B
guiyang place in hunan	34-2560-S
guiyang prefecture level city and capital of guizhou province	59-44076-B,59-44172-B
guiyang 貴陽 贵阳	48-20174-S
guiying	47-37567-S
guizhou	1-38909-S,1-43434-S,3-1971-S,4-21080-S,5-47922-S,7-68512-S,7-68606-S,8-7713-S,8-30225-S,8-30279-S,9-44127-S,11-20521-S,12-19104-S,17-19862-S,17-48466-S,18-45074-S,19-34306-S,19-34379-S,19-34474-S,19-34732-S,21-34640-S,22-39054-S,22-39191-S,24-11960-S,24-27260-S,24-54450-S,25-4762-S,25-18273-S,30-66410-S,31-47696-S,31-47756-S,31-55569-S,32-46868-S,34-5934-S,34-39198-S,35-35631-S,36-40014-S,36-58395-S,37-26979-S,38-65542-S,39-8979-S,39-12942-S,42-19109-S,42-29892-S,43-11964-S,43-55200-S,43-55269-S,46-10656-S,47-4977-S,49-18333-S,49-57331-S,50-40395-S,50-60788-S,51-18739-S,53-22950-S,53-25045-S,53-25102-S,54-18997-S,54-44695-S,59-31035-S,59-42520-S,60-6475-S,60-8859-S,62-68654-S,62-68726-S,62-68819-S,63-26834-S,63-26888-S,64-11855-S,64-29885-S,64-29958-S,64-45194-S,64-55257-S,64-55414-S,65-20846-S,65-43981-S,67-22707-S,69-15848-S,70-26372-S,70-52241-S,71-14721-S,71-19773-S,71-26869-S,71-34703-S,71-34948-S,71-35220-S,71-35417-S,71-61722-S
guizhou daily	59-42670-B
guizhou plateau in southwest china	67-19035-S
guizhou province	59-44076-S,59-44172-S
guizhou province kweichow in south central china	59-42585-B,59-42739-B
guizhou province 貴陽 贵州	71-34585-S
gujarat	12-690-B,12-1262-B
gujiao city in shanxi	12-0-S
gujral 1919 	12-597-S
gujral name	12-597-B
gulang place in gansu	12-3613-S
gulch	39-18218-B
gulden	54-20168-S
gulf	37-39340-S,38-21954-S,38-22039-S,40-18902-B,70-55688-B
gulf body of water	38-21954-B
gulf of chili	39-2681-B
gulf of guinea	22-57262-B
gulf of jiaozhou shandong province	52-48710-B
gulf of martaban	54-25184-B
gulf of mexico	16-29843-B
gulf of tonkin	10-35869-B
gulf port florida or mississippi	33-67682-B
gulf states	38-22039-B
gulf war	38-22134-S
gulin place in sichuan	12-5124-S
gulja or yining city in xinjiang	4-48295-B,4-48361-B
gull	49-8818-S,71-277-S,71-396-S
gull larus brunnicephalus	34-21687-S
gullaris or plodia interpuncuella or heliothus armigera etc	56-12297-S,56-12423-S,65-9127-S
gulley	39-18342-B
gullible	57-31944-S
gully	16-32275-B,21-31323-B
gulp	41-49579-B
gum	11-70648-S,34-57674-B,34-61707-B,52-47825-B,66-3414-S,71-22203-S,71-27590-B,71-55446-B
gum arabica	66-3414-B
gum disorder	41-46530-S,41-46603-S
gum in the eyes	45-48774-B
gum polysaccharide food additive used as a thickener	71-17272-S,71-22203-S
gumma prefecture in northern japan	51-11690-B
gump	66-9704-S
gums	41-47307-B,71-56318-B
gums of the teeth	71-55618-B
gun	2-73813-S,9-58095-S,9-64033-S,17-29393-S,34-44101-B,34-44284-S,34-44708-S,34-44863-S,34-45077-S,35-4411-S,35-5768-S,36-28548-S,36-42214-S,40-22419-B,40-23616-B,40-30191-B,41-8202-S,46-16004-B,56-40349-S,56-44237-S,56-61155-S,61-10808-S,61-10872-S,63-60802-S,63-60867-S,64-29813-S,65-37806-S,69-33426-S,70-13391-S,70-41734-B,70-43712-B,70-49757-S,70-49956-S,70-51155-S
gun barrel	34-45267-B
gun barrel imparting spin to the bullet	5-18028-S
gun battle	34-44347-B
gun down	20-35575-S
gun salute	47-8712-S
gun salute e g 21 gun salute	47-8712-S
gun turret	40-30295-B
gunboat	46-16277-S,46-16321-B
gunfire	40-30451-B,71-53706-S
gunfire etc	12-10523-S
gunman	34-44204-S,34-44394-B,40-21915-B
gunmen	35-48674-B
gunner	40-30236-B,46-16037-B,46-16116-B
gunpoint	34-44284-S
gunpowder	40-24140-B,40-24183-S
guns	29-37208-S,34-8756-S,34-44204-S,46-23034-S,65-21183-S
guns in former times	37-50743-S
guns in general	34-44863-B,34-45077-B
guns or machinery	27-71150-S
gunship	46-16321-B,47-45553-S
gunshots	44-25775-S
guntheri	70-43570-S
guo	13-30788-S,15-1684-S,62-42853-S,63-24310-S
guo biao or gb	15-5884-B,15-10233-B
guo jingjing	63-24484-B
guo maoqian 11th 12th century	63-24806-B
guo moruo 1892 1978	63-24698-B
guo quan	63-24763-B
guo songdao or kuo sun tao 1818 1891	63-24543-B
guo xiaochuan 1919 1976	63-24411-B
guo yonghuai 1909 1968	63-24627-B
guo 成语 saw	6-9948-S
guo4lai5	62-43541-S
guobiao encoding standard	15-10171-B
guofan 1811 1872	32-15475-S
guofeng 1921 	54-33251-S
guomao neighborhood of beijing	15-13262-B
guomei supermarket chain	15-12690-B
guomindang	2-65966-S,10-56431-S
guomindang against the communists from 1930 onwards	15-21401-S
guomindang against yuan shikai 袁世凱 袁世凯 and the northern warlords	3-37345-S
guomindang and communist party	15-2463-S
guomindang s encircle and annihilate campaign	11-45906-S
guomintang and the chinese communist party	15-2382-S
guomintang or kuomintang	15-11017-B
guoqiang 1957 	55-11908-S
guotao 1897 1979	23-38096-S
guowei	42-33784-S
guoyang place in anhui	39-3342-S
guqin	12-4014-B
guqin or seven stringed zither	1-27782-B
guqin or zither	42-59046-B
gurbantunggut desert	12-3674-B
gurdy	26-33943-S
gurgle	13-29521-S
gurgling water	14-31303-S
guru	11-62063-S
gush	38-35983-B
gushi county in xinyang 信陽 信阳	14-64455-B,14-64525-B
gushing of fountain	38-9130-B
gusset	56-52783-B
gust	66-21181-B
gust of wind	16-18408-S
gusto	37-58882-S,37-58939-S
gut	38-29322-B,47-49197-S,52-44257-S,52-44705-B,59-54028-S,59-54130-S
gut infection	52-5844-S
gut large intestine used as foodstuff	52-12236-S
gut wall	52-44619-S,56-20830-S
guta district of jinzhou city 錦州市 锦州市	12-1509-B,12-1590-B
gutenberg c 1400 1468	12-4429-S
gutenberg name	12-4429-B
gutian place in fujian	12-4367-S
gutless	24-66477-B
guts	46-19744-S,52-50455-B,70-37879-S
guts and freeze the heart 成语 saw	46-19827-S
guts cut to pieces 成语 saw	52-9457-S
guts for garters	69-3430-S
gutter	15-42322-S,28-16978-B,39-18183-B
guttural fricative	14-5021-B
guy	6-26497-S,6-29904-S,16-34670-S,16-34837-S,16-37082-S,19-60959-S,22-25944-S,22-51829-S,25-20310-S,28-6193-S,32-17639-S,32-18384-S
guy derog 	23-6504-B
guy for sb else s misdemeanors	16-24591-S
guy gets his girl etc	32-33225-S,49-35765-S
guy 捧哏 peng3 gen2	20-47769-S
guyana	15-37313-B
guyang place in inner mongolia	15-674-S
guye place in hebei	12-1082-S
guyu or grain rain	47-37178-B
guyuan city and prefecture in ningxia	14-64183-B
guyuan city in ningxia	14-64336-B
guyuan place in hebei	37-25720-S
guyuan prefecture in ningxia	14-64254-B
guzhang place in hunan	11-71357-S
guzhen place in anhui	15-613-S
guzheng	12-4652-S
guzheng or long zither	48-23434-B
guérin vaccine	11-12838-S
guī jīng piàn 硅晶片	46-11579-S
guī piàn 硅片	46-11804-S
gwailo	70-31017-S
gwaipo	70-31240-S
gwoyeu romatzyh romanization system for chinese devised by zhao yuanren in 1926	15-13119-B
gyanendra of nepal	59-53679-B
gyantse town in central tibet	36-58462-S
gye 1335 1408 founder and first king of korean yi dynasty	33-2632-S
gyeltang	2-76509-S
gyeonggi do province of south korea	4-3709-B
gyeongju city in south korea	25-52173-B
gym	6-19097-B,6-19147-B,70-9495-B
gym health center	6-19208-S
gymnasium	6-19147-B,70-9052-B,70-9495-B
gymnastic	70-7382-B
gymnastic equipment	30-70676-S
gymnastics	12-43410-S,12-43890-S,22-44914-S,32-55490-S,53-11911-S,55-32803-S,60-45839-S,68-7174-S,70-7382-B,70-11528-S
gymnastics event	14-19203-S,66-66606-S
gymnastics for fitness	6-19021-B
gymnastics or dance	60-48727-S,60-48834-S
gymnastics or martial arts	30-70288-S
gymnastique	15-21096-S
gymnasts	11-67353-S
gymnosperm plants with seed contained in a cone	57-3038-B,57-3141-B
gynecology	18-54964-B,19-4022-S
gynecology and obstetrics	18-54868-S
gypsum	40-66517-S,41-15938-S
gypsum caso4·2 h2o	43-28231-B,46-9713-B
gypsy	12-40385-B
gypsy european minority	12-40216-B
gyroscope	33-63339-S,66-14933-B
gyrus convolution of the brain	57-44479-S
gyuumao	41-49682-B
györgy schwartz 1930 	49-27423-S
générale	53-24742-S
gǒuqǐ 枸杞	33-40002-S
h	31-48358-S,36-33726-S
h bomb	36-34046-B
h k term doggie bag	26-41320-B
h or roman viii in list a b c	61-32214-S
h w bush	22-13677-S
h10 of the 60 year cycle	61-33516-S
h12 of the 60 year cycle	61-32556-S
h2 of the 60 year cycle	61-32336-S
h2o	10-21823-S,43-28231-S,46-9713-S
h2s	46-23931-S
h2sif6	36-24810-S
h3ccho	3-17241-S
h4 of the 60 year cycle	61-32911-S
h6 of the 60 year cycle	61-32986-S
h8 of the 60 year cycle	61-33058-S
ha nizu autonomous county county in yunnan	16-28830-S
haag	38-22275-S
haagen dasz ice cream	13-38922-B
haba nakhi golden flower	13-38343-S
habahe place in xinjiang	13-38202-S
habakkuk	13-38274-S
habbaniyah iraqi city	13-37326-B
habermas philosopher	13-36661-B
habit	1-54327-S,25-19364-S,25-20481-S,25-20481-S,25-22661-S,25-22872-S,26-14136-S,44-20952-B,51-17639-B,51-18289-S,51-18382-B,66-27294-S
habit becomes nature 成语 saw	51-18512-B
habit often unhealthy	51-18674-B
habitat	33-52318-B,34-24041-B,34-24176-B,43-19912-B,43-20411-S,51-54378-B
habitat with water source and grass	36-45774-B
habitation	4-14172-S,5-320-B
habitation 成语 saw	4-14230-S
habits	9-26648-S,33-43573-S,37-6239-S,51-26965-S,53-16426-S,66-16464-S
habits and properties	51-18289-B
habits are hard to overcome 成语 saw	47-40461-S
habits change with long custom	51-18030-S
habits come by long assimilation	41-13067-S
habits through long custom	33-43573-S
habitual criminal	49-30913-B
habitually in the past	23-62124-B
habitually silent 成语 saw	37-8077-B
hack	9-40759-S,29-19189-S
hack computer	5-27280-S
hack work etc	22-36210-S
hacker	5-27332-S
hacker computer	71-29509-B
hackles	4-34664-S,24-53585-S
had better do what we suggest	32-20104-S
had happened	53-66451-S,58-41653-S
had known earlier	31-14899-S
had known earlier 	31-14981-S
had not occurred to me	25-25118-S
hades	1-48356-S,3-20036-B,22-54963-B,66-25600-B,71-26321-B
hades or hell	71-20840-S
hadji one who has made the pilgrimage to mecca	13-37531-B
hadron collider lhc at cern	17-11901-S
hadron heavy particle in physics	23-43503-B
hafnium hf	64-25204-B
hagfish jawless proto fish of class myxini	45-20225-B
haggai	13-40414-S
haggard	25-10903-B,25-56161-B,25-56192-B
haggle	57-60576-S,58-40780-S
haggle over every ounce	30-37613-S
haggle over price	57-62243-B
haggling	63-9606-S
hagia sophia greek holy wisdom	51-49867-B
hagia sophia the main cathedral of constantinople	51-49957-B
hague city in the netherlands	38-22275-S
hai	61-36816-S
hai an place in jiangsu	38-17812-S
hai county in yunnan	9-66966-B
hai he a system of five waterways around tianjin	38-20724-B
hai rui 1514 1587	38-22621-B
hai rui dismissed from office	38-22674-B
haibei tibetan autonomous prefecture in qinghai	38-16022-B,38-16103-B,38-16196-B
haicang district 海滄區 海沧区 in 2003	33-6681-S
haicheng city in liaoning	38-17433-S
haidian book city	38-21575-B
haidian county level district in northeast beijing municipality	38-21760-B
haidian district of beijing	7-50778-S,7-50862-S
haidong	63-21842-S
haidong prefecture in qinghai	38-20289-B
haifa city in israel	38-20806-B
haifeng county in shanwei 汕尾	38-24276-B,38-24343-B
haikang place in guangdong	38-19444-S
haikou prefecture level city and capital of hainan island province in south china	38-17063-B,38-17178-B
haiku	5-50816-B
hail	8-20114-B,67-24806-B,67-24833-B,67-24922-S
hail to snow 成语 saw	67-15405-S
haila er city in inner mongolia	38-19832-S
hailer	49-22861-S
hailin city in heilongjiang	38-20373-S
hailstone	8-20114-B,67-24833-B
hailstorm	67-24879-B
hailun city in heilongjiang	38-15773-S
haimen place in jiangsu	38-25654-S
hainan	1-29824-S,1-29899-S,6-55212-S,19-44644-S,21-28112-S,30-28304-S,31-21136-S,33-19495-S,34-49048-S,39-65963-S,43-7677-S,44-41420-S,52-62930-S,54-44567-S,57-13694-S,62-6854-S,66-30881-S
hainan island	11-10525-S,11-10703-S,38-16439-B
hainan island and mainland	43-7744-S
hainan island province in south china	38-17063-S,38-17178-S
hainan province	38-16390-B,38-16590-B
hainan tibetan autonomous prefecture in qinghai	38-16497-B,38-16652-B
haining city in zhejiang	38-17874-S
hair	1-73359-S,2-48604-S,3-1127-S,9-42608-S,11-27289-S,27-33376-S,27-65374-S,28-7971-S,31-4273-S,33-12542-S,33-43681-S,36-13155-B,36-14101-S,36-15674-B,36-15744-B,36-16293-B,36-16293-S,36-16996-S,36-17151-S,36-17530-S,36-56515-B,36-56515-S,44-49606-S,44-63293-S,44-65787-S,45-12524-S,50-25992-S,50-28258-S,52-36046-S,53-58826-S,55-7363-S,55-8112-S,55-8112-S,55-8739-S,56-55599-S,66-24665-S,67-57283-S,70-7920-S,70-24450-B,70-24559-S,70-24610-S,70-24770-B,70-25209-S,70-25305-S,70-25389-S,70-25427-S,70-27636-S,70-27715-S,70-27901-S,70-27944-S,70-27984-S,70-28016-S,70-28065-S,70-28102-S,71-33840-S,71-45976-S
hair and bare feet	55-8833-S
hair and beard	70-28230-B
hair and beard all in one stroke	68-40655-S
hair and grey sunken cheeks 成语 saw	44-63362-S
hair and the whole body moves	41-62858-S
hair clip	70-24870-B
hair conditioner	59-5720-B
hair dresser s shop	70-24912-B
hair dryer	13-6705-B,67-26680-B
hair dye	27-65374-S,33-43742-B
hair gel	70-25006-B
hair of old age	44-63136-S
hair on children	70-24691-S
hair on coming of age	49-44883-S
hair on the head	68-40605-B
hair on the human body	20-9616-S
hair on the temples	70-28371-B,70-28421-B,70-28483-B
hair on top of head	70-28276-S
hair or feathers	29-5458-S,52-32754-S,52-34930-S
hair out of place	1-17703-S
hair parlor	42-57227-B,51-6318-S
hair raising	10-2698-B,69-60946-B
hair rolled up in a bun	70-25344-B
hair stand up in anger 成语 saw	4-34664-S
hair stands stiffly on end	27-56927-B
hair stands up in anger and tips off one s hat 成语 saw	24-53585-B
hair style	68-35986-B
hair treatment cream	40-44670-B
hair worn in a bun or coil	70-25087-B
hairdo	70-24811-B
hairdresser	51-9518-B
hairdresser s	42-57156-B
hairdressing	42-57004-B,51-9456-B,56-15098-S
haired	36-17390-S,70-56982-S
haired generation	64-28409-S
haired girl 1950	44-40772-S
hairless	40-55761-B
hairless female genitalia	44-45585-S
hairnet	68-39159-B,70-24965-B
hairpin	28-48155-S,48-39626-B,64-20577-B
hairpin for bun	48-3840-B
hairs	65-9835-S,65-10101-S
hairs make a fur coat 成语 saw	66-59151-S
hairs of old age 成语 saw	44-48302-S,44-48490-S
hairs upon a fur to discover any defect 成语 saw	13-5675-S
hairs when decking out a bride	65-40767-S
hairspray	19-44337-B
hairstyle	41-30619-S,45-12524-S,70-24811-B
hairtail fish	22-29538-B
hairy	36-15258-B
hairy red pellet fruit	49-10688-B
hairy sea crab	56-19212-B
haiti	17-57881-S,38-17395-B
haiti and the dominican republic	4-48873-S
haitian ambassador to taiwan	16-19808-S
haituan village in taiwan	38-23206-S
haixi mongol and tibetan autonomous prefecture in qinghai	38-23728-B,38-23818-B,38-23920-B
haixing place in hebei	38-23425-S
haiyan county in qinghai	38-20219-B
haiyan place in qinghai	38-20156-S
haiyan place in zhejiang	38-26880-S
haiyang county level city in yantai 煙台 烟台	38-26175-B,38-26259-B
haiyuan place in ningxia	38-16788-S
haizhou district of fuxin city 阜新市 阜新市	38-18737-B,38-18822-B
hajdú bihar province of east hungary on the border with ukraine	59-24526-B
hajj muslim s duty of pilgrimage to mecca	32-48900-B
hakka a chinese dialect	19-51524-B,19-51638-B
hakka people	19-51582-B
hakone	48-27966-B
halberd	13-7340-S
halcyon	51-19409-B
halden city in norway	13-39407-B
half	1-3884-B,1-7836-S,1-46721-S,3-32853-S,10-54408-B,10-54408-S,10-54821-S,10-57908-B,10-58153-B,10-58207-S,12-6548-S,12-6548-S,17-8436-S,17-56325-S,20-47570-S,23-67405-S,37-45437-S,39-92-S,51-25293-S,51-64967-S
half a claw 成语 saw	1-23039-S
half a dozen of the other	11-50697-S
half a lifetime	10-59301-B
half a year	10-57537-B
half and half	20-47570-B
half axle	10-60635-B
half believe	10-54975-B
half billion	10-43673-S
half century	10-54480-B
half circle jade ring	42-37688-B,43-3552-B
half conscious	61-54079-B,61-54718-S
half cooked	17-71041-B
half cooked rice	17-71108-B
half court	10-55796-B
half day or double shift school	10-58495-B
half dead	57-26380-B
half dead of torment	10-58847-B
half false	10-59406-S
half fare	10-59500-B
half for three sixths	49-4276-S
half grown beans	59-19398-B
half heartedly	30-18920-S,30-19021-S
half heartedly or just for show	30-18740-S
half hour	10-56789-B
half kilo	10-55129-B
half length photo or portrait	10-60553-B
half life	10-57945-B,10-60110-B
half life video game	10-58778-B
half load	10-60689-B
half mast	10-58453-B
half moon	10-58665-B,23-34697-B
half naked	10-60165-B
half of 14th century	31-22273-S
half of a decade	23-67534-S
half of a game or contest	10-55796-B
half of a lifetime	10-60732-B
half of a period	1-46907-S
half of a section	10-57797-B
half of a year	1-46767-S
half of country	10-55868-B
half of one s body	1-58771-S
half of sporting competition	23-67450-S
half of sth	10-55042-B,10-61003-B
half of the 17th century	31-24875-S
half of the day	9-18756-S,9-18919-S,10-56150-B,68-36554-S
half of the night from nightfall to midnight	9-18659-S
half open	10-61283-B
half open door	10-61349-B
half over	61-19789-S
half past six	7-69948-B
half period of a wave motion	3-71887-B
half price	10-55085-B,27-8842-B
half price ticket	10-59500-B
half the day	10-61611-B
half the number	10-58153-B
half the sky	10-61065-B,18-54645-S
half track vehicle with both wheels and caterpillar treads	10-56844-B
half true and half false	10-59406-S
half truth	58-8704-S
half unwilling 成语 saw	10-58009-S
half visual field	10-60340-B
half way point	3-962-B
half willing and half unwilling 成语 saw	10-58009-B
half year	1-58711-S
half 成语 saw	1-15758-S
halfway	10-54536-B,10-60401-B,10-60866-B,10-60913-S
halfway up a mountain	21-32291-B
halibut	17-23577-B
halide i e fluoride	71-3273-B
halide usually chloride used to fix photos	71-3337-S
halifax city	13-37237-B
halifax name	13-37237-B
haliotis gigantea	70-45747-B
halite	46-45378-B
halitosis	11-69301-B
hall	4-57074-S,9-10243-S,10-14996-S,16-2107-S,16-38309-S,17-17431-B,21-22824-S,22-12993-S,22-13064-S,23-5862-S,23-16249-S,23-16296-B,32-22685-S,32-22685-S,32-25495-S,36-2399-S,41-12581-S,42-28502-S,42-33841-S,46-63245-S,46-63288-S,46-63288-S,46-63404-S,46-63647-S,47-7802-S,47-8213-S,49-2899-S,49-3227-S,53-32346-S,58-54389-S,61-51432-S,62-44983-S,65-22188-S,65-32354-S,67-51083-S,67-51083-S,69-2371-S,69-5359-S,69-5359-S,69-13455-S
hall and tomb	46-63350-S
hall for a birthday celebration	16-38309-S
hall in taibei	2-74564-S
hall in zigui county 秭歸縣 秭归县	21-19890-S
hall of artwork	2-19765-S
hall of heaven	62-28547-S
hall of supreme harmony	17-57431-S
hall of the people	4-12350-S
hall of the people in beijing	10-25596-S
hall or tent	32-23419-S
hall to zhuge liang 諸葛亮 诸葛亮 many of them in different town	35-43849-S
hall where convicts are counted and verified	71-42111-B
hall 成语 saw	40-9759-S
halley’s comet	13-40859-B
halliburton us construction company	13-37147-B
