geng fan	32-9032-B
geng fu	32-7583-B
geng gai	32-7955-B,34-13440-B
geng gao	32-9456-B
geng gao xing neng	32-9509-B
geng geng	24-46487-S,51-42704-B
geng geng yu huai	51-42788-B
geng gu	32-9584-B
geng hao	32-7649-B
geng huai	32-7441-B
geng huan	32-7912-B
geng huan lin	61-62722-S
geng jia	32-7194-B
geng lou	32-8466-B,32-8856-B
geng mei	62-47875-S
geng ming	32-7391-B
geng neng gei ren le qu	6-65579-S
geng nian qi	32-7763-B
geng niao	45-63790-S
geng nong	10-60015-S
geng nu	51-37858-B
geng pu nan shu	32-7099-B
geng sai	24-37575-S
geng se	24-37665-S,34-13385-B
geng shang	51-15295-B
geng shen	22-62573-B,32-8692-B
geng shen ren jing	32-8741-B
geng sheng	32-8929-B,53-1480-S
geng shi	32-7695-B
geng si	25-18052-S,34-13502-B
geng ti	32-8368-B
geng wu	22-62123-B
geng xi zuo	48-57618-S
geng xian	15-16900-S
geng xin	32-7995-B,32-20512-S
geng xin ban	32-8292-B
geng xin huan dai	32-8196-B
geng xu	22-62496-B
geng yi	32-9087-B
geng yi shi	32-9170-B
geng yin	22-62418-B
geng you yi yi	60-41196-S
geng yu huai	51-42788-S
geng yuan	32-9373-B
geng yun	51-38018-B
geng zai hou	70-3051-S
geng zhang	32-7818-B
geng zheng	32-8624-B
geng zhi	34-13567-B
geng zhi chen	70-2903-S
geng zhong	51-37961-B
geng zi	22-62193-B
geng zi guo bian	22-62270-B
geng zu	32-7324-B,34-13643-B
geng zuo	51-37758-B
geng1	1-11524-S,6-29433-S,10-56059-S,19-21997-S,22-62001-B,26-45636-S,31-35286-S,32-6914-B,38-12361-B,38-57466-S,47-15893-S,50-23427-B,51-461-S,51-15267-B,51-22631-S,51-37719-B,54-35739-S,58-39057-S,59-9592-S,59-57846-B,65-14402-S,70-57804-B,71-54982-S
geng1 chen2	22-62651-B
geng1 chu4	51-37915-B
geng1 ci4	32-8545-B
geng1 dai4	32-7010-B
geng1 di4	12-15830-S,32-9316-B,51-37800-B
geng1 die2	32-9259-B
geng1 dong4	32-7259-B
geng1 fan1	32-9032-B
geng1 fu1	32-7583-B
geng1 gai3	32-7955-B
geng1 gao1 xing4 neng2	32-9509-B
geng1 gu3	32-9584-B
geng1 huan2 lin2	61-62722-S
geng1 huan4	32-7912-B
geng1 lou2	32-8466-B
geng1 lou4	32-8856-B
geng1 ming2	32-7391-B
geng1 neng2 gei3 ren2 le4 qu4	6-65579-S
geng1 nian2 qi1	32-7763-B
geng1 niao3	45-63790-S
geng1 nong2	10-60015-S
geng1 nu2	51-37858-B
geng1 pu2 nan2 shu3	32-7099-B
geng1 shang1	51-15295-B
geng1 shen1	22-62573-B,32-8692-B
geng1 shen1 ren2 jing4	32-8741-B
geng1 sheng1	32-8929-B,53-1480-S
geng1 shi3	32-7695-B
geng1 si1	25-18052-S
geng1 ti4	32-8368-B
geng1 wu3	22-62123-B
geng1 xi4 zuo4	48-57618-S
geng1 xian4	15-16900-S
geng1 xin1	32-7995-B,32-20512-S
geng1 xin1 ban3	32-8292-B
geng1 xin1 huan4 dai4	32-8196-B
geng1 xu1	22-62496-B
geng1 yi1	32-9087-B
geng1 yi1 shi4	32-9170-B
geng1 yin2	22-62418-B
geng1 yun2	51-38018-B
geng1 zhang1	32-7818-B
geng1 zheng4	32-8624-B
geng1 zhong4	51-37961-B
geng1 zi3	22-62193-B
geng1 zi3 guo2 bian4	22-62270-B
geng1 zu2	32-7324-B
geng1 zuo4	51-37758-B
geng3	8-24731-S,13-48790-B,15-57544-B,24-46487-S,34-7894-S,34-13357-B,49-56172-B,51-42646-B,51-42704-S,52-53027-S,63-22003-B,68-31512-S,70-2779-S,70-3836-B,70-43757-B
geng3 bing3	51-42894-B
geng3 gai4	34-13440-B
geng3 geng3	24-46487-S,51-42704-B
geng3 geng3 yu2 huai2	51-42788-B
geng3 sai1	24-37575-S
geng3 se4	24-37665-S,34-13385-B
geng3 si3	34-13502-B
geng3 yu2 huai2	51-42788-S
geng3 zai4 hou2	70-3051-S
geng3 zhi1 chen2	70-2903-S
geng3 zhi2	34-13567-B
geng3 zu3	34-13643-B
geng4	32-6947-B
geng4 chi2	32-9416-B
geng4 da4	32-7531-B
geng4 duo1	32-7482-B
geng4 gao1	32-9456-B
geng4 hao3	32-7649-B
geng4 huai4	32-7441-B
geng4 jia1	32-7194-B
geng4 mei3	62-47875-S
geng4 you3 yi4 yi4	60-41196-S
geng4 yuan3	32-9373-B
gong	1-2827-S,1-70549-S,2-9876-S,2-11094-S,2-50554-S,3-1294-S,3-3667-S,4-8674-S,5-21845-B,5-21899-B,6-8367-S,6-14948-S,6-16109-S,6-22628-S,6-64356-S,7-3460-S,7-18617-S,7-52246-S,7-53808-B,7-55327-S,7-55327-S,7-55392-S,7-70231-B,8-52098-S,8-54190-S,8-55998-S,9-5070-S,9-14574-S,9-17453-S,9-23712-S,9-23822-S,9-23908-S,9-46681-S,9-47562-B,9-54884-S,9-69105-S,10-5373-S,10-5907-S,10-14326-S,10-18498-S,10-23630-S,10-42739-S,10-53349-S,10-69377-S,11-7972-S,11-28067-S,11-44417-S,11-46026-S,11-49800-S,11-56938-S,12-32279-S,12-32666-S,12-46651-S,13-8485-S,13-41861-S,15-2382-S,15-22032-S,15-23702-S,15-40231-S,16-9162-S,16-44266-S,16-49910-S,16-56583-S,17-7702-S,17-41960-S,17-46369-S,17-57121-S,17-70627-S,18-2740-S,18-8794-S,18-19575-S,18-20430-S,18-23025-S,19-888-S,19-36330-S,19-40139-S,19-57171-B,20-13463-S,20-42318-S,20-42492-S,20-49392-S,20-50705-S,20-61157-S,21-18317-S,21-34640-S,21-52613-B,21-59306-S,22-18105-S,22-35689-S,23-7785-S,23-23127-B,23-25549-B,23-44141-S,23-48257-S,24-1597-S,24-5338-S,24-14452-S,24-20940-S,24-44864-S,24-56753-S,25-3665-B,25-51964-S,26-8268-S,26-17169-S,26-32562-S,26-43465-S,26-44658-S,26-50031-S,26-63051-S,27-48151-B,27-57639-S,28-20430-S,28-36786-S,28-46251-S,28-58569-S,29-40806-S,29-47116-B,29-54442-S,29-59785-S,30-4373-S,30-4465-S,30-7822-S,30-26315-S,30-65525-S,30-70453-S,31-27778-S,31-33354-S,31-43722-S,32-3180-S,32-17514-S,32-52841-S,33-54941-B,34-37249-S,35-44345-S,35-44408-S,35-53553-S,36-20108-S,36-25019-S,36-26024-S,36-41571-S,36-41715-S,36-45159-S,36-57677-B,37-34866-S,38-36525-S,38-54294-S,39-35519-S,40-59407-S,41-57987-S,42-33343-S,42-34403-S,42-37925-S,42-44284-B,42-54405-S,43-14463-S,43-34429-S,44-38411-S,44-46920-S,44-60983-S,45-9089-S,45-13685-S,46-39734-S,46-44286-S,47-5900-S,47-13686-S,47-24944-S,47-64162-S,47-64590-S,48-25861-S,48-26068-S,48-31714-S,48-33235-B,48-53004-S,49-12541-S,49-18007-S,49-28467-S,49-51603-S,50-7789-S,50-31987-S,50-54614-S,50-59765-S,51-13143-S,51-20985-S,51-25765-S,51-25818-S,51-25818-S,51-26566-S,51-52037-S,51-68327-S,52-14000-B,52-57824-S,52-63037-S,52-63144-S,53-14589-S,54-44077-S,55-21319-S,55-58411-B,56-3871-S,56-33879-S,56-35927-S,56-60915-S,57-44799-S,57-53569-B,58-53643-S,59-8018-S,59-19518-S,59-26477-S,59-34426-B,60-26100-S,60-57757-B,61-34856-S,61-40491-S,61-42064-S,61-54031-S,62-29933-S,62-33959-S,62-34177-S,63-8359-S,63-34305-S,64-23775-S,64-24319-S,64-39350-S,64-42104-S,64-42347-S,65-33866-S,65-41782-S,65-42002-S,65-67627-S,67-4569-S,67-9533-S,67-29771-S,68-7285-B,68-8088-S,68-36502-S,68-53144-S,69-33685-S,69-34384-S,69-53583-S,70-31516-S,70-35427-S,70-39529-B,70-39967-S,70-45830-S,71-21976-S,71-23658-S,71-53895-S
gong Bo wu yuan	29-59838-S
gong Da xue	10-27180-S,10-66858-S,17-36235-S,54-32412-S,54-34362-S,69-27577-S
gong Ji tuan Gong si	2-63495-S
gong Niang niang	35-35764-S
gong Xue yuan	9-52289-S,9-54770-S,71-15193-S
gong Zhong yang Xuan chuan bu	2-50728-S
gong Zu zhi	15-15201-S
gong an	7-58507-B,7-60752-B
gong an bu	7-58894-B
gong an guan yuan	7-58600-B
gong an ji guan	7-58747-B
gong an ju	7-58681-B
gong an quan zui	7-55875-S
gong an xian	7-58825-B
gong ba	27-48282-B
gong bai chui cheng	9-49161-B
gong ban	7-54219-S
gong ban du	10-57442-S
gong ban li	47-13740-S
gong bao	7-57968-B,27-48676-B,51-58090-S
gong bao ji ding	19-57214-B,19-57856-B
gong bao rou ding	19-57777-B
gong bao si chou	7-58035-B
gong bei shi	7-54805-B
gong bei shu	7-54877-B
gong bi	19-933-S,27-48891-B
gong bi jing	43-54589-S
gong bing	7-63253-B,21-54070-B,46-39103-S
gong bing fa	17-56181-S
gong bu	7-54638-B
gong bu li	45-62741-S
gong bu xia	3-9385-S
gong bu ying qiu	5-21976-B
gong cai chan	7-56497-S
gong cang	70-50338-S
gong ce	7-59745-B
gong ce suo	7-55970-S
gong cha	7-59351-B
gong chan	7-72012-B,9-26921-S
gong chan dang	7-72215-B
gong chan dang bu dui	7-72607-B
gong chan dang ren	7-72278-B
gong chan dang xuan yan	7-72442-B
gong chan dang yuan	7-72360-B
gong chan dang zhong yang wei yuan hui xuan chuan bu	2-54596-S
gong chan shou shu	9-26984-S
gong chan zhu yi	7-72057-B
gong chan zhu yi yun dong	15-14696-S
gong chang	8-1232-S,9-54963-S,10-23703-S,21-55317-B
gong chang suo	7-55803-S
gong che	7-65019-B
gong chen	9-50354-B,65-31873-S
gong cheng	6-53071-S,7-63298-B,10-21744-S,15-31336-S,15-67137-S,21-56432-B,23-29090-S,29-47390-B,33-57343-S,35-3823-S,36-39067-S,43-25737-S,59-17413-S,62-52169-S,63-1808-S,67-28162-S,67-31717-S,67-35264-S
gong cheng bu ju	9-48900-B
gong cheng ming jiu	9-49014-B
gong cheng mu	29-47446-B
gong cheng shi	21-56763-B,45-64437-S
gong cheng shi lian he hui	67-31416-S
gong cheng tu	21-56523-B
gong cheng tu xue	21-56608-B
gong cheng xue	21-56704-B,43-24439-S
gong chi	7-59311-B
gong chu	7-62246-B,7-72803-B,13-22201-S,47-32047-S
gong chu qiao jiang	25-49027-S
gong chu xi huo	25-49136-S
gong chuan qi	70-35514-S
gong chui qi	9-7595-S
gong cun	7-59267-B,7-71577-B
gong cun xing	7-71622-B
gong cuo	7-60079-B
gong da	29-47506-B
gong da xue	42-54501-S
gong da yu qiu	5-22103-B
gong dai tian	1-70704-S
gong dang	2-62797-S,21-57535-B,22-66276-S
gong dao	4-8820-S,7-65112-B,7-65178-B,9-41284-S,27-49155-B
gong dao de	7-56571-S
gong dao zi ran cheng	9-47798-B
gong de	7-59879-B,9-48592-B
gong de nan ren hou mian bi you yi ge feng xian de nu: ren	26-8394-S
gong de wu liang	9-48776-B
gong de xin	7-59942-B
gong de yuan man	9-48649-B
gong di	4-11813-S,7-57904-B,7-60124-B,9-48506-B,21-54789-B
gong dian	5-23532-B,19-57633-B
gong die	7-61731-B
gong ding	27-49243-B
gong dou	7-60213-B
gong du	4-37856-S,27-48327-B,29-48033-B,32-36896-S
gong du xue xiao	21-57260-B
gong duan	7-60300-B
gong dun	7-57608-B,27-48230-B
gong e zuo yong	8-68-B
gong er tou ji	52-14135-B
gong er wang si	7-63952-B
gong fa	7-61310-B,29-47168-B
gong fan zhang	57-44866-S
gong fang	29-48225-B
gong fei	7-64864-B
gong fen	7-56731-B
gong feng	5-22179-B,21-57096-B
gong fu	1-59642-S,8-0-B,9-48352-B,21-54840-B,21-54886-B,56-36026-S,59-34895-B
gong fu cha	9-48415-B,21-54953-B
gong gai nian	4-8969-S
gong gan	26-8323-S
gong gao	7-57556-B
gong gao bu shang	9-50682-B
gong gao cheng	17-7761-S
gong gao wang zhong	9-50813-B
gong gao wo man	59-34936-B
gong ge shu du	3-18315-S
gong gong	7-55327-B,7-55392-B,20-61157-S
gong gong an quan zui	7-55875-B
gong gong cai chan	7-56497-B
gong gong ce suo	7-55970-B
gong gong chang suo	7-55803-B
gong gong dao de	7-56571-B
gong gong guan xi	7-56657-B
gong gong jiao huan dian hua wang lu	7-55571-B
gong gong jiao tong	7-55714-B
gong gong li yi	46-48354-S
gong gong qi che	7-56040-B
gong gong qi che zhan	7-56100-B
gong gong she shi	7-56413-B
gong gong shi ye	7-55447-B
gong gong wei sheng	7-56340-B
gong gong xing zheng	7-56258-B
gong gong zhi xu	7-56189-B
gong gu	52-14213-B,68-7362-B
gong gu fen you xian gong si	2-61362-S
gong guan	7-65847-B,7-65988-B,7-72746-B,29-48135-B
gong guan xi	7-56657-S
gong gui fu	46-57065-S
gong guo	9-50603-B,17-6546-S
gong guo yu qiu	5-23290-B
gong hai	7-58965-B,7-61354-B
gong hang	21-57142-B
gong hao	9-49782-B
gong he	4-9045-S,7-71197-B,39-8772-S
gong he ci qu yu	17-25713-S
gong he ci qu yu he zuo	17-25828-S
gong he dang ren	7-71495-B
gong he guo	2-80662-S,4-12165-S,7-71292-B,9-28042-S,19-10252-S,19-33140-S,28-8947-S,32-50611-S,47-20410-S,54-61843-S,68-11542-S
gong he guo lian meng	55-40595-S
gong he san jiao zhou	39-8829-S
gong he xin xi	25-4587-B
gong he zheng ti	7-71345-B
gong he zhi	7-71239-B
gong he zuo	15-2463-S
gong hou	25-3699-B
gong hua	16-56714-S
gong huan zheng	4-14730-S
gong hui	7-60483-B,12-48644-S,15-29090-S,21-55476-B,56-37842-S
gong huo	5-23160-B
gong huo shang	5-23210-B,18-16600-S,67-19734-S
gong ji	5-22852-B,7-65899-B,7-73185-B,9-49649-B,12-51323-S,17-31606-S,29-47554-B,31-27594-S,50-31761-S,65-2299-S
gong ji ji	29-47747-B
gong ji qian ting	33-55565-S
gong ji qiao	57-36829-S
gong ji si	6-6513-S
gong ji xian	29-47813-B
gong ji xing	32-33986-S
gong ji xing he qian ting	29-47635-B
gong jia	7-59013-B
gong jia jian	7-70589-B
gong jian	23-25908-B,27-48993-B,32-37053-S
gong jian bu	23-26011-B
gong jian liao	6-22696-S
gong jian shou	23-25957-B
gong jian xue	10-9175-S
gong jiang	21-54321-B
gong jiao	7-54380-B,50-62935-S
gong jiao che	7-54450-B
gong jiao huan dian hua wang lu	7-55571-S
gong jiao tong	7-55714-S
gong jin	7-60257-B,10-55129-S
gong jin li	24-57735-S
gong jing	19-995-S,19-58070-B,25-4100-B
gong jing ai	19-1066-S
gong jing bu ru cong ming	25-4160-B
gong jing mo pian	19-58131-B
gong jiu da	2-51233-S
gong ju	21-54123-B,64-15251-S
gong ju shu	21-54186-B
gong ju xiang	21-54267-B
gong ju zheng	12-67489-S
gong jue	7-38378-S,7-61202-B,7-61629-B
gong jue fu ren	7-61668-B
gong jun yong	12-11211-S
gong ka	16-29168-S
gong kai	7-65385-B,10-55184-S
gong kai hua	7-65483-B
gong kai sai	7-65707-B,39-20953-S
gong kai tao lun hui	7-65629-B
gong kai xin	7-65426-B
gong kai yao shi	7-65765-B
gong kai zhao gu	69-22634-S
gong kai zhi ze	7-65565-B
gong ke	7-55243-B,9-50522-B,29-47283-B,42-54632-S
gong ke ji	18-2800-S
gong ku	12-49865-S
gong kuan	7-60817-B
gong kui yi kui	9-50432-B
gong lang	27-48426-B
gong lao	9-48093-B
gong li	7-60431-B,7-61865-B,7-63342-B,7-65226-B,7-65332-B,9-47688-B,9-47919-B,14-39058-S,22-40898-S
gong li fa	7-61921-B
gong li shi	7-65269-B
gong li ye	23-20469-S
gong li yi	46-48354-S
gong li zhu yi	9-47729-B
gong liang	7-55281-B
gong lie	9-49431-B
gong ling	9-47646-B,21-57597-B
gong liu chan	4-9113-S
gong lou	61-35056-S
gong lu	7-64916-B,67-58317-S,70-22386-S
gong lu wang	7-64961-B
gong lu:	7-7403-S,9-49477-B,44-34769-S,67-25955-S
gong lu: dui	67-19827-S
gong lu: e hua	9-49538-B
gong lun	31-38042-S
gong mao yi	9-55172-S
gong mei	26-43566-S
gong men	27-49197-B
gong mie	29-47909-B
gong min	7-60921-B
gong min biao jue	7-61111-B
gong min quan li	7-61042-B
gong min tou piao	7-60963-B
gong ming	8-209-B,9-48159-B
gong ming li lu	9-48258-B
gong mo	68-7529-B
gong mou	7-73240-B
gong mou zhe	7-73339-B
gong mou zui	7-73283-B
gong mu	7-50862-S,7-56994-B,7-58137-B,7-62321-B,10-52554-S,66-13818-S
gong neng	9-49851-B,16-54297-S,41-60651-S,48-26778-S,58-5003-S
gong neng biao	9-50181-B,16-54375-S
gong neng ci	9-50233-B
gong neng ci gong zhen cheng xiang shu	9-49967-B
gong neng ji	9-50292-B
gong neng qun	9-50118-B
gong neng te hua	52-39532-S
gong neng xing	9-49906-B
gong niu	7-61782-B
gong nong	21-57389-B
gong nu	23-25699-B
gong nu shou	23-25741-B
gong pan	7-56781-B
gong pin	5-22060-B,59-34463-B
gong ping	1-70596-S,7-59411-B
gong ping he li	7-59531-B
gong ping jiao yi	7-59461-B
gong ping jing zheng	7-59601-B
gong ping mao yi	7-59678-B
gong po	7-58179-B,29-47977-B
gong pu	7-55048-B
gong qi	7-71923-B,16-56772-S,21-55534-B
gong qi bu bei	8-35789-S
gong qi che	7-56040-S
gong qi che zhan	7-56100-S
gong qian	21-57445-B
gong qiao	27-48784-B
gong qing	7-65945-B,42-32995-S
gong qing tuan	8-135-B
gong qiu	5-22600-B
gong qu	47-64253-S
gong qu jie	10-62332-S
gong qu xi	10-62423-S
gong quan	7-61821-B
gong que	19-58029-B
gong r	20-49433-S
gong ran	7-61494-B
gong ran biao shi	7-61556-B
gong ran qi	5-22705-B
gong re	5-22660-B
gong ren	4-55072-S,5-23104-B,7-64306-B,21-52789-B,28-18899-S,36-45214-S,43-32114-S,46-47550-S,50-27170-S,57-4635-S,57-4762-S
gong ren dang	21-52969-B,22-66747-S
gong ren jie ji	21-52900-B
gong rong quan	17-22157-S
gong san tou ji	52-14040-B
gong shan	3-18129-S,35-44511-S
gong shan zhen	3-18221-S
gong shang	14-61191-S,21-54016-B,21-54371-B,28-36851-S,32-37212-S,32-42969-S
gong shang guan li shuo shi	21-54562-B
gong shang jie	21-54484-B
gong shang jue zhi yu	19-57353-B
gong shang ye	21-54429-B
gong shang yin hang	21-54683-B
gong she	4-11918-S,7-62972-B,7-64196-B,22-11128-S,22-44523-S
gong she hua	4-11991-S
gong she shi	7-56413-S
gong she ying	33-13429-S
gong shen	7-59199-B,23-26150-B
gong sheng	7-57056-B,7-71966-B
gong shi	7-54152-B,7-54709-B,7-59792-B,7-62927-B,7-73396-B,15-2944-S,19-53958-S,21-52683-B,21-55433-B,29-47335-B,30-21527-S,35-7046-S,53-14662-S,61-34943-S,65-61265-S
gong shi gong ban	7-54219-B
gong shi xu	9-55105-S
gong shi ye	7-55447-S
gong shou	27-48581-B
gong shou fa	18-2978-S
gong shou yun	4-8740-S
gong shu	7-63605-B,23-5026-S
gong shui	5-22549-B
gong shun	25-4656-B
gong si	1-49323-S,2-55963-S,2-56464-S,2-59642-S,2-60883-S,2-61362-S,2-62265-S,2-62899-S,2-63009-S,2-63209-S,2-76805-S,5-41099-S,7-40988-S,7-41688-S,7-57098-B,7-63014-B,8-29002-S,8-50176-S,9-156-S,11-16117-S,11-19681-S,11-43498-S,13-42605-S,15-6931-S,15-18589-S,16-45720-S,17-6477-S,17-61076-S,17-61207-S,19-397-S,24-22011-S,30-10755-S,32-41090-S,36-3661-S,37-1297-S,37-30144-S,44-57588-S,50-31915-S,51-3162-S,51-4005-S,51-5136-S,51-58165-S,51-60661-S,52-9816-S,53-35201-S,54-2718-S,59-42047-S,59-48979-S,60-39062-S,65-57009-S,66-8016-S,67-15885-S,67-15971-S,67-34372-S,67-36684-S,68-62713-S
gong si fa	7-57408-B
gong si he ying	7-63167-B
gong si hui yi	7-57263-B
gong si jian gu	7-63077-B
gong si li cai	7-57468-B
gong si zhai	7-57188-B
gong si zhi li	7-57333-B
gong su	7-64250-B
gong suo	19-57949-B
gong tang	20-54638-S
gong ti	35-27310-S
gong ting	19-57571-B,37-54104-S,61-34995-S
gong ting hui	7-64135-B
gong tong	7-70657-B,42-44313-B
gong tong chou	12-46701-S
gong tong dian	7-71136-B
gong tong ji jin	7-70822-B
gong tong li yi	7-70736-B
gong tong shai xuan	7-70944-B
gong tong shi chang	35-28573-S
gong tong zha dao jie mian	7-71027-B
gong tou	7-60009-B,10-14468-S,21-57493-B
gong wang	7-63521-B
gong wei	21-55047-B,25-4351-B,27-49097-B
gong wei ji	59-19624-S
gong wei sheng	7-56340-S
gong wen	7-60170-B
gong wu	5-22760-B,7-56872-B,59-34638-B
gong wu si	17-6657-S
gong wu yuan	7-56923-B
gong xi	25-3777-B
gong xi fa cai	25-3836-B
gong xian	5-22802-B,23-25600-B,29-48304-B,35-44577-S,42-56742-S,59-34679-B
gong xian r	23-25645-B
gong xian zhe	59-34763-B
gong xiang	7-70304-B,7-72869-B
gong xiang dai kuan	7-70445-B
gong xiang ruan ti	7-70521-B
gong xiang shan ju	7-72940-B
gong xiang sheng ju	7-73055-B
gong xiang yi tai wang luo	7-70349-B
gong xiao	5-23367-B,9-49117-B
gong xiao lu:	9-55027-S
gong xiao shang	5-23453-B
gong xin	62-34012-S
gong xin jie ceng	21-56819-B
gong xin ku	53-41108-S
gong xing	7-71720-B,7-71765-B,19-57307-B,23-25795-B,27-48541-B
gong xing zheng	7-56258-S
gong xiu ri	7-54579-B
gong xu	5-23586-B,21-55258-B
gong xuan chuan	11-44564-S
gong xuan chuan zui	11-44661-S
gong xue	4-52460-S,5-22997-B
gong xue yuan	6-3220-S,9-54580-S,21-55099-B,22-25292-S
gong xue zhe	5-23047-B
gong xun	9-47990-B
gong yan	7-61418-B
gong yang	5-23637-B,5-23725-B,7-63657-B
gong yao	23-26088-B
gong ye	1-52525-S,9-49355-B,10-21671-S,15-13571-S,21-55612-B,26-32613-S,33-27232-S,33-57201-S,49-25657-S,57-59792-S,61-9959-S,63-58187-S,67-28086-S
gong ye bu	33-57261-S
gong ye da xue	21-56025-B
gong ye de ju tou	21-56205-B
gong ye ge ming	21-56355-B
gong ye gong si	2-62899-S,2-63209-S
gong ye guo	21-55885-B
gong ye guo zu zhi	7-50293-S
gong ye hua	21-55654-B
gong ye hua guo jia	21-55733-B
gong ye ji tuan	1-52645-S
gong ye pin	21-55822-B
gong ye she ji	21-56283-B
gong ye wei yuan hui	15-13746-S
gong ye xian dai hua	21-56112-B
gong ye xie hui	2-61549-S
gong ye yuan qu	21-55954-B
gong yi	7-62379-B,7-63905-B,21-56891-B,26-32669-S,53-4184-S
gong yi jin	7-62624-B
gong yi mei shu	21-57029-B
gong yi pin	21-56956-B
gong yi shan	25-31263-S
gong yi shi ye	7-62497-B
gong yin	7-59834-B
gong yin shi	7-57657-B
gong ying	5-22308-B,7-60366-B,55-609-S
gong ying lian	5-22489-B
gong ying liang	59-37280-S
gong ying shang	5-22373-B,67-25430-S
gong ying zhe	5-22434-B
gong yong	7-61985-B,7-72692-B,9-49605-B
gong yong dian hua	7-62175-B
gong yong jiao huan dian hua wang	7-62042-B
gong you	7-60523-B,7-71863-B
gong you hua	7-60658-B
gong you zhi	7-60596-B
gong yu	4-25249-S,7-59093-B
gong yu lou	7-59136-B
gong yu yi yi	43-54130-S
gong yuan	2-69596-S,7-55096-B,7-57755-B,15-4739-S,15-6032-S,17-70060-S,31-10086-S,40-20631-S,50-2156-S,69-27472-S
gong yuan qian	7-55155-B
gong yuan xiao jing xiao ying	7-57802-B
gong yue	7-63445-B
gong yue shu	32-19797-S
gong yun zuo	16-56828-S
gong zai	26-43662-S
gong zhai	7-54938-B
gong zhai quan	7-54989-B
gong zhan	29-47230-B
gong zhang	7-53874-B,7-63395-B
gong zhao liang	4-9179-S
gong zhe	28-36916-S,32-43063-S
gong zhen	7-71818-B,26-8643-S,33-56385-S,33-61104-S,35-44647-S,46-34634-S
gong zhen cheng xiang	46-34698-S
gong zhen cheng xiang shu	9-49967-S
gong zheng	1-70648-S,7-60865-B,7-64627-B,18-53337-S,21-55361-B,59-33923-S
gong zheng chu	7-64764-B
gong zheng ren	7-64702-B
gong zhi	5-22940-B,7-64080-B,15-14627-S,51-11461-S
gong zhi mu	17-65717-S
gong zhi neng	4-8883-S
gong zhi niao	6-44103-S,69-60774-S
gong zhi xu	7-56189-S
gong zhong	7-62705-B
gong zhong dian xin wang lu	7-62821-B
gong zhong yang	2-50625-S
gong zhong yang ji lu: jian cha wei yuan hui	2-51045-S
gong zhong yang ji wei jian cha bu	2-50903-S
gong zhong yi jian	7-62748-B
gong zhu	7-53920-B,7-64825-B,27-48732-B,44-47685-S
gong zhu tong hao	7-64377-B
gong zhu yi	11-44494-S
gong zhu yu shi	7-64532-B
gong zhuan	7-65057-B
gong zhuang	23-25847-B,27-48831-B
gong zi	7-54530-B,7-58245-B,18-19495-S,21-57346-B,53-59894-S,53-59957-S
gong zi dong hua	61-35117-S
gong zi ge er	7-58297-B
gong zi po	2-12696-S
gong zi wen	11-54824-S
gong zi zhi	7-52325-S
gong zu zhi	37-34950-S
gong zui	9-49724-B
gong zuo	6-15349-S,7-37622-S,10-58595-S,21-53059-B,24-61784-S,31-6841-S,35-36241-S,38-1318-S,46-48858-S,53-2138-S
gong zuo bao gao	21-53249-B
gong zuo biao	21-53609-B
gong zuo bu	49-51214-S
gong zuo dan wei	21-53183-B
gong zuo dui	21-53869-B
gong zuo fu	21-53398-B
gong zuo guo du	21-53734-B
gong zuo ji yi	21-53665-B
gong zuo liang	21-53798-B
gong zuo mian	21-53943-B
gong zuo ren yuan	21-53120-B
gong zuo shi	21-53337-B
gong zuo ye	16-56646-S
gong zuo yi	26-44717-S,26-49445-S
gong zuo zhan	21-53455-B
gong zuo zhe	30-4800-S,30-54513-S,46-48926-S
gong zuo zhi	7-51013-S
gong zuo zu	21-53524-B
gong1	1-70549-S,2-9876-S,2-11094-S,3-3667-S,4-8674-S,5-21845-B,6-14948-S,6-16109-S,6-22628-S,6-64356-S,7-3460-S,7-18617-S,7-52246-S,7-53808-B,8-52098-S,8-54190-S,8-55998-S,9-5070-S,9-14574-S,9-17453-S,9-23712-S,9-23822-S,9-23908-S,9-46681-S,9-47562-B,9-54884-S,9-69105-S,10-5373-S,10-5907-S,10-14326-S,10-18498-S,10-23630-S,10-42739-S,10-69377-S,11-7972-S,11-28067-S,11-46026-S,11-49800-S,11-56938-S,12-32666-S,12-46651-S,13-41861-S,15-22032-S,15-40231-S,16-9162-S,16-44266-S,16-49910-S,16-56583-S,17-7702-S,17-41960-S,17-46369-S,17-57121-S,17-70627-S,18-2740-S,18-19575-S,18-20430-S,18-23025-S,19-888-S,19-36330-S,19-40139-S,19-57171-B,20-13463-S,20-42318-S,20-42492-S,20-49392-S,20-50705-S,21-18317-S,21-52613-B,22-18105-S,22-35689-S,23-7785-S,23-25549-B,23-44141-S,23-48257-S,24-1597-S,24-5338-S,24-14452-S,24-20940-S,24-44864-S,24-56753-S,25-3665-B,25-51964-S,26-8268-S,26-17169-S,26-32562-S,26-43465-S,26-50031-S,26-63051-S,27-57639-S,28-20430-S,28-36786-S,28-46251-S,28-58569-S,29-40806-S,29-47116-B,29-54442-S,29-59785-S,30-4373-S,30-4465-S,30-7822-S,30-26315-S,30-65525-S,30-70453-S,31-27778-S,31-33354-S,31-43722-S,32-3180-S,32-17514-S,32-52841-S,34-37249-S,35-44345-S,35-44408-S,35-53553-S,36-20108-S,36-25019-S,36-26024-S,36-41571-S,36-41715-S,36-45159-S,37-34866-S,38-36525-S,39-35519-S,40-59407-S,41-57987-S,42-33343-S,42-34403-S,42-37925-S,42-54405-S,43-34429-S,44-38411-S,44-46920-S,44-60983-S,45-9089-S,45-13685-S,46-39734-S,46-44286-S,47-13686-S,47-24944-S,47-64590-S,48-25861-S,48-26068-S,48-31714-S,48-33235-B,48-53004-S,49-28467-S,50-7789-S,50-54614-S,50-59765-S,51-13143-S,51-25765-S,51-26566-S,51-52037-S,51-68327-S,52-14000-B,52-57824-S,52-63037-S,52-63144-S,54-44077-S,55-21319-S,55-58411-B,56-3871-S,56-33879-S,56-35927-S,56-60915-S,57-44799-S,57-53569-B,58-53643-S,59-8018-S,59-19518-S,59-26477-S,60-57757-B,61-34856-S,61-40491-S,61-42064-S,61-54031-S,62-29933-S,62-34177-S,63-8359-S,63-34305-S,64-23775-S,64-24319-S,64-39350-S,65-33866-S,65-41782-S,65-42002-S,65-67627-S,67-4569-S,67-9533-S,67-29771-S,68-8088-S,68-36502-S,68-53144-S,69-33685-S,69-34384-S,70-31516-S,70-35427-S,70-39529-B,70-39967-S,70-45830-S,71-21976-S,71-23658-S,71-53895-S
gong1 Bo2 wu4 yuan4	29-59838-S
gong1 Da4 xue2	10-27180-S,10-66858-S,17-36235-S,54-32412-S,54-34362-S,69-27577-S
gong1 Ji2 tuan2 Gong1 si1	2-63495-S
gong1 Niang2 niang2	35-35764-S
gong1 Xue2 yuan4	9-52289-S,9-54770-S,71-15193-S
gong1 Zu3 zhi1	15-15201-S
gong1 an1	7-58507-B
gong1 an1 bu4	7-58894-B
gong1 an1 guan1 yuan2	7-58600-B
gong1 an1 ji1 guan1	7-58747-B
gong1 an1 ju2	7-58681-B
gong1 an1 xian4	7-58825-B
gong1 an4	7-60752-B
gong1 bai4 chui2 cheng2	9-49161-B
gong1 ban4	7-54219-S
gong1 ban4 du2	10-57442-S
gong1 ban4 li3	47-13740-S
gong1 bao3 ji1 ding1	19-57214-B
gong1 bao4	7-57968-B,51-58090-S
gong1 bao4 ji1 ding1	19-57856-B
gong1 bao4 rou4 ding1	19-57777-B
gong1 bao4 si1 chou2	7-58035-B
gong1 bei4 shi4	7-54805-B
gong1 bei4 shu4	7-54877-B
gong1 bi4	19-933-S
gong1 bi4 jing4	43-54589-S
gong1 bing1	21-54070-B
gong1 bing1 fa3	17-56181-S
gong1 bing3	7-63253-B
gong1 bing4	46-39103-S
gong1 bu4	7-54638-B
gong1 bu4 li4	45-62741-S
gong1 bu4 xia4	3-9385-S
gong1 bu4 ying4 qiu2	5-21976-B
gong1 cang2	70-50338-S
gong1 ce4	7-59745-B
gong1 cha1	7-59351-B
gong1 chan3	9-26921-S
gong1 chan3 shou3 shu4	9-26984-S
gong1 chang3	8-1232-S,9-54963-S,10-23703-S,21-55317-B
gong1 che1	7-65019-B
gong1 chen2	9-50354-B,65-31873-S
gong1 cheng1	7-63298-B
gong1 cheng2	6-53071-S,10-21744-S,15-31336-S,15-67137-S,21-56432-B,23-29090-S,29-47390-B,33-57343-S,35-3823-S,36-39067-S,43-25737-S,59-17413-S,62-52169-S,63-1808-S,67-28162-S,67-31717-S,67-35264-S
gong1 cheng2 bu4 ju1	9-48900-B
gong1 cheng2 ming2 jiu4	9-49014-B
gong1 cheng2 mu4	29-47446-B
gong1 cheng2 shi1	21-56763-B,45-64437-S
gong1 cheng2 shi1 lian2 he2 hui4	67-31416-S
gong1 cheng2 tu2	21-56523-B
gong1 cheng2 tu2 xue2	21-56608-B
gong1 cheng2 xue2	21-56704-B,43-24439-S
gong1 chi3	7-59311-B
gong1 chu1 qiao3 jiang4	25-49027-S
gong1 chu1 xi4 huo4	25-49136-S
gong1 chu4	7-62246-B,47-32047-S
gong1 chuan2 qi2	70-35514-S
gong1 chui1 qi4	9-7595-S
gong1 cun4	7-59267-B
gong1 cuo1	7-60079-B
gong1 da3	29-47506-B
gong1 da4 xue2	42-54501-S
gong1 da4 yu2 qiu2	5-22103-B
gong1 dang3	2-62797-S,21-57535-B,22-66276-S
gong1 dao3	4-8820-S,9-41284-S
gong1 dao4	7-65112-B
gong1 dao4 zi4 ran2 cheng2	9-47798-B
gong1 dao5	7-65178-B
gong1 de2	7-59879-B,9-48592-B
gong1 de2 wu2 liang4	9-48776-B
gong1 de2 xin1	7-59942-B
gong1 de2 yuan2 man3	9-48649-B
gong1 de5 nan2 ren2 hou4 mian5 bi4 you3 yi1 ge4 feng4 xian4 de5 nu:3 ren2	26-8394-S
gong1 di2	4-11813-S,7-60124-B
gong1 di3	9-48506-B
gong1 di4	7-57904-B,21-54789-B
gong1 dian4	5-23532-B,19-57633-B
gong1 die1	7-61731-B
gong1 dou3	7-60213-B
gong1 du2	4-37856-S,29-48033-B
gong1 du2 xue2 xiao4	21-57260-B
gong1 duan4	7-60300-B
gong1 dun1	7-57608-B
gong1 er2 wang4 si1	7-63952-B
gong1 er4 tou2 ji1	52-14135-B
gong1 fa2	29-47168-B
gong1 fa3	7-61310-B
gong1 fan3 zhang1	57-44866-S
gong1 fang2	29-48225-B
gong1 fei4	7-64864-B
gong1 fen1	7-56731-B
gong1 feng1	21-57096-B
gong1 fu1	21-54840-B
gong1 fu3	56-36026-S
gong1 fu5	1-59642-S,9-48352-B,21-54886-B
gong1 fu5 cha2	9-48415-B,21-54953-B
gong1 gai4 nian4	4-8969-S
gong1 gan3	26-8323-S
gong1 gao1 bu4 shang3	9-50682-B
gong1 gao1 wang4 zhong4	9-50813-B
gong1 gao4	7-57556-B
gong1 gao4 cheng2	17-7761-S
gong1 ge2 shu4 du2	3-18315-S
gong1 gong4	7-55392-B,20-61157-S
gong1 gong4 an1 quan2 zui4	7-55875-B
gong1 gong4 cai2 chan3	7-56497-B
gong1 gong4 ce4 suo3	7-55970-B
gong1 gong4 chang3 suo3	7-55803-B
gong1 gong4 dao4 de2	7-56571-B
gong1 gong4 guan1 xi4	7-56657-B
gong1 gong4 jiao1 huan4 dian4 hua4 wang3 lu4	7-55571-B
gong1 gong4 jiao1 tong1	7-55714-B
gong1 gong4 li4 yi4	46-48354-S
gong1 gong4 qi4 che1	7-56040-B
gong1 gong4 qi4 che1 zhan4	7-56100-B
gong1 gong4 she4 shi1	7-56413-B
gong1 gong4 shi4 ye4	7-55447-B
gong1 gong4 wei4 sheng1	7-56340-B
gong1 gong4 xing2 zheng4	7-56258-B
gong1 gong4 zhi4 xu4	7-56189-B
gong1 gong5	7-55327-B
gong1 gu3	52-14213-B
gong1 gu3 fen4 you3 xian4 gong1 si1	2-61362-S
gong1 guan1	7-65847-B,29-48135-B
gong1 guan3	7-65988-B
gong1 gui3 fu3	46-57065-S
gong1 guo2	17-6546-S
gong1 guo4	9-50603-B
gong1 guo4 yu2 qiu2	5-23290-B
gong1 hai3	7-61354-B
gong1 hai4	7-58965-B
gong1 hang2	21-57142-B
gong1 hao4	9-49782-B
gong1 he2	4-9045-S,39-8772-S
gong1 he2 ci4 qu1 yu4	17-25713-S
gong1 he2 ci4 qu1 yu4 he2 zuo4	17-25828-S
gong1 he2 san1 jiao3 zhou1	39-8829-S
gong1 he4 xin1 xi3	25-4587-B
gong1 hou4	25-3699-B
gong1 hua4	16-56714-S
gong1 hui4	7-60483-B,12-48644-S,15-29090-S,21-55476-B,56-37842-S
gong1 huo4	5-23160-B
gong1 huo4 shang1	5-23210-B,18-16600-S,67-19734-S
gong1 ji1	7-65899-B,17-31606-S,29-47554-B,31-27594-S,65-2299-S
gong1 ji1 ji1	29-47747-B
gong1 ji1 qian2 ting3	33-55565-S
gong1 ji1 xian4	29-47813-B
gong1 ji1 xing2 he2 qian2 ting3	29-47635-B
gong1 ji2 xing4	32-33986-S
gong1 ji3	5-22852-B,50-31761-S
gong1 ji4	9-49649-B
gong1 ji4 qiao3	57-36829-S
gong1 ji4 si1	6-6513-S
gong1 jia1	7-59013-B
gong1 jian3 liao4	6-22696-S
gong1 jian3 xue2	10-9175-S
gong1 jian4	23-25908-B
gong1 jian4 bu4	23-26011-B
gong1 jian4 shou3	23-25957-B
gong1 jiang4	21-54321-B
gong1 jiao1	7-54380-B
gong1 jiao1 che1	7-54450-B
gong1 jiao4	50-62935-S
gong1 jin1	7-60257-B,10-55129-S
gong1 jin4 li4	24-57735-S
gong1 jing3	19-995-S,19-58070-B
gong1 jing3 ai2	19-1066-S
gong1 jing3 mo3 pian4	19-58131-B
gong1 jing4	25-4100-B
gong1 jing4 bu4 ru2 cong1 ming4	25-4160-B
gong1 ju3 zheng1	12-67489-S
gong1 ju4	21-54123-B,64-15251-S
gong1 ju4 shu1	21-54186-B
gong1 ju4 xiang1	21-54267-B
gong1 jue2	7-38378-S,7-61202-B,7-61629-B
gong1 jue2 fu1 ren2	7-61668-B
gong1 jun1 yong4	12-11211-S
gong1 ka3	16-29168-S
gong1 kai1	7-65385-B,10-55184-S
gong1 kai1 hua4	7-65483-B
gong1 kai1 sai4	7-65707-B,39-20953-S
gong1 kai1 tao3 lun4 hui4	7-65629-B
gong1 kai1 xin4	7-65426-B
gong1 kai1 yao4 shi5	7-65765-B
gong1 kai1 zhao1 gu3	69-22634-S
gong1 kai1 zhi3 ze2	7-65565-B
gong1 ke1	42-54632-S
gong1 ke4	7-55243-B,9-50522-B,29-47283-B
gong1 ke4 ji3	18-2800-S
gong1 kuan3	7-60817-B
gong1 kui1 yi1 kui4	9-50432-B
gong1 lao2	9-48093-B
gong1 li2	7-65332-B
gong1 li3	7-61865-B,7-65226-B,14-39058-S,22-40898-S
gong1 li3 fa3	7-61921-B
gong1 li3 shi2	7-65269-B
gong1 li4	7-60431-B,7-63342-B,9-47688-B,9-47919-B
gong1 li4 ye4	23-20469-S
gong1 li4 zhu3 yi4	9-47729-B
gong1 liang3	7-55281-B
gong1 lie4	9-49431-B
gong1 ling2	21-57597-B
gong1 ling4	9-47646-B
gong1 liu2 chan3	4-9113-S
gong1 lou2	61-35056-S
gong1 lu4	7-64916-B,67-58317-S,70-22386-S
gong1 lu4 wang3	7-64961-B
gong1 lu:4	7-7403-S,9-49477-B,44-34769-S,67-25955-S
gong1 lu:4 dui1	67-19827-S
gong1 lu:4 e4 hua4	9-49538-B
gong1 lun4	31-38042-S
gong1 mao4 yi4	9-55172-S
gong1 mei4	26-43566-S
gong1 mie4	29-47909-B
gong1 min2	7-60921-B
gong1 min2 biao3 jue2	7-61111-B
gong1 min2 quan2 li4	7-61042-B
gong1 min2 tou2 piao4	7-60963-B
gong1 ming2	9-48159-B
gong1 ming2 li4 lu4	9-48258-B
gong1 mu3	7-62321-B
gong1 mu4	7-50862-S,7-56994-B,7-58137-B,10-52554-S,66-13818-S
gong1 neng2	9-49851-B,16-54297-S,41-60651-S,48-26778-S,58-5003-S
gong1 neng2 biao3	9-50181-B,16-54375-S
gong1 neng2 ci2	9-50233-B
gong1 neng2 ci2 gong4 zhen4 cheng2 xiang4 shu4	9-49967-B
gong1 neng2 ji2	9-50292-B
gong1 neng2 qun2	9-50118-B
gong1 neng2 te4 hua4	52-39532-S
gong1 neng2 xing4	9-49906-B
gong1 niu2	7-61782-B
gong1 nong2	21-57389-B
gong1 nu3	23-25699-B
gong1 nu3 shou3	23-25741-B
gong1 pan4	7-56781-B
gong1 ping2	1-70596-S,7-59411-B
gong1 ping2 he2 li3	7-59531-B
gong1 ping2 jiao1 yi4	7-59461-B
gong1 ping2 jing4 zheng1	7-59601-B
gong1 ping2 mao4 yi4	7-59678-B
gong1 po2	7-58179-B
gong1 po4	29-47977-B
gong1 pu1	7-55048-B
gong1 qi1	21-55534-B
gong1 qi2 bu4 bei4	8-35789-S
gong1 qi4	16-56772-S
gong1 qian2	21-57445-B
gong1 qing1	42-32995-S
gong1 qing3	7-65945-B
gong1 qiu2	5-22600-B
gong1 qu1 jie2	10-62332-S
gong1 qu1 xi1	10-62423-S
gong1 quan3	7-61821-B
gong1 que4	19-58029-B
gong1 r5	20-49433-S
gong1 ran2	7-61494-B
gong1 ran2 biao3 shi4	7-61556-B
gong1 ran2 qi4	5-22705-B
gong1 re4	5-22660-B
gong1 ren2	4-55072-S,21-52789-B,28-18899-S,36-45214-S,43-32114-S,46-47550-S,50-27170-S,57-4635-S,57-4762-S
gong1 ren2 dang3	21-52969-B,22-66747-S
gong1 ren2 jie1 ji2	21-52900-B
gong1 ren4	7-64306-B
gong1 san1 tou2 ji1	52-14040-B
gong1 shan1	3-18129-S,35-44511-S
gong1 shan1 zhen4	3-18221-S
gong1 shang1	14-61191-S,21-54016-B,21-54371-B,28-36851-S,32-42969-S
gong1 shang1 guan3 li3 shuo4 shi4	21-54562-B
gong1 shang1 jie4	21-54484-B
gong1 shang1 jue2 zhi3 yu3	19-57353-B
gong1 shang1 ye4	21-54429-B
gong1 shang1 yin2 hang2	21-54683-B
gong1 she2 ying3	33-13429-S
gong1 she4	4-11918-S,7-62972-B,7-64196-B,22-11128-S,22-44523-S
gong1 she4 hua4	4-11991-S
gong1 shen1	23-26150-B
gong1 shen3	7-59199-B
gong1 sheng1	7-57056-B
gong1 shi2	7-62927-B,21-55433-B
gong1 shi2 xu4	9-55105-S
gong1 shi3	7-54709-B
gong1 shi4	7-54152-B,7-59792-B,15-2944-S,19-53958-S,21-52683-B,29-47335-B,30-21527-S,35-7046-S,61-34943-S,65-61265-S
gong1 shi4 gong1 ban4	7-54219-B
gong1 shou3 fa3	18-2978-S
gong1 shou4 yun4	4-8740-S
gong1 shu3	7-63605-B,23-5026-S
gong1 shui3	5-22549-B
gong1 shun4	25-4656-B
gong1 si1	1-49323-S,2-55963-S,2-56464-S,2-59642-S,2-60883-S,2-61362-S,2-62265-S,2-62899-S,2-63009-S,2-63209-S,2-76805-S,5-41099-S,7-40988-S,7-41688-S,7-57098-B,7-63014-B,8-29002-S,8-50176-S,9-156-S,11-16117-S,11-19681-S,11-43498-S,13-42605-S,15-6931-S,15-18589-S,16-45720-S,17-6477-S,17-61076-S,17-61207-S,19-397-S,24-22011-S,30-10755-S,32-41090-S,36-3661-S,37-1297-S,37-30144-S,44-57588-S,50-31915-S,51-3162-S,51-4005-S,51-5136-S,51-58165-S,51-60661-S,52-9816-S,53-35201-S,54-2718-S,59-42047-S,59-48979-S,60-39062-S,65-57009-S,66-8016-S,67-15885-S,67-15971-S,67-34372-S,67-36684-S,68-62713-S
gong1 si1 fa3	7-57408-B
gong1 si1 he2 ying2	7-63167-B
gong1 si1 hui4 yi4	7-57263-B
gong1 si1 jian1 gu4	7-63077-B
gong1 si1 li3 cai2	7-57468-B
gong1 si1 zhai4	7-57188-B
gong1 si1 zhi4 li3	7-57333-B
gong1 su4	7-64250-B
gong1 suo1	19-57949-B
gong1 tang2	20-54638-S
gong1 ting1	37-54104-S,61-34995-S
gong1 ting1 hui4	7-64135-B
gong1 ting2	19-57571-B
gong1 tong2 chou2	12-46701-S
gong1 tou2	7-60009-B,10-14468-S,21-57493-B
gong1 wang3	7-63521-B
gong1 wei2	25-4351-B
gong1 wei3	21-55047-B
gong1 wei3 ji4	59-19624-S
gong1 wen2	7-60170-B
gong1 wu2 si1	17-6657-S
gong1 wu4	7-56872-B
gong1 wu4 yuan2	7-56923-B
gong1 xi3	25-3777-B
gong1 xi3 fa1 cai2	25-3836-B
gong1 xian2	23-25600-B
gong1 xian2 r5	23-25645-B
gong1 xian4	5-22802-B,29-48304-B,35-44577-S
gong1 xiao1	5-23367-B
gong1 xiao1 shang1	5-23453-B
gong1 xiao4	9-49117-B
gong1 xiao4 lu:4	9-55027-S
gong1 xin1 jie1 ceng2	21-56819-B
gong1 xin1 ku3	53-41108-S
gong1 xing2	19-57307-B,23-25795-B
gong1 xiu1 ri4	7-54579-B
gong1 xu1	5-23586-B
gong1 xu4	21-55258-B
gong1 xue2	4-52460-S
gong1 xue2 yuan4	6-3220-S,9-54580-S,21-55099-B,22-25292-S
gong1 xue4	5-22997-B
gong1 xue4 zhe3	5-23047-B
gong1 xun1	9-47990-B
gong1 yan3	7-61418-B
gong1 yang2	7-63657-B
gong1 yang3	5-23637-B
gong1 yang4	5-23725-B
gong1 yao1	23-26088-B
gong1 ye4	1-52525-S,9-49355-B,10-21671-S,15-13571-S,21-55612-B,26-32613-S,33-27232-S,33-57201-S,49-25657-S,57-59792-S,61-9959-S,63-58187-S,67-28086-S
gong1 ye4 bu4	33-57261-S
gong1 ye4 da4 xue2	21-56025-B
gong1 ye4 de5 ju4 tou2	21-56205-B
gong1 ye4 ge2 ming4	21-56355-B
gong1 ye4 gong1 si1	2-62899-S,2-63209-S
gong1 ye4 guo2	21-55885-B
gong1 ye4 guo2 zu3 zhi1	7-50293-S
gong1 ye4 hua4	21-55654-B
gong1 ye4 hua4 guo2 jia1	21-55733-B
gong1 ye4 ji2 tuan2	1-52645-S
gong1 ye4 pin3	21-55822-B
gong1 ye4 she4 ji4	21-56283-B
gong1 ye4 wei3 yuan2 hui4	15-13746-S
gong1 ye4 xian4 dai4 hua4	21-56112-B
gong1 ye4 xie2 hui4	2-61549-S
gong1 ye4 yuan2 qu1	21-55954-B
gong1 yi2 shan1	25-31263-S
gong1 yi4	7-62379-B,7-63905-B,21-56891-B,26-32669-S,53-4184-S
gong1 yi4 jin1	7-62624-B
gong1 yi4 mei3 shu4	21-57029-B
gong1 yi4 pin3	21-56956-B
gong1 yi4 shi4 ye4	7-62497-B
gong1 yin1 shi4	7-57657-B
gong1 yin3	7-59834-B
gong1 ying1	55-609-S
gong1 ying1 lian4	5-22489-B
gong1 ying4	5-22308-B,7-60366-B
gong1 ying4 liang4	59-37280-S
gong1 ying4 shang1	5-22373-B,67-25430-S
gong1 ying4 zhe3	5-22434-B
gong1 yong4	7-61985-B,9-49605-B
gong1 yong4 dian4 hua4	7-62175-B
gong1 yong4 jiao1 huan4 dian4 hua4 wang3	7-62042-B
gong1 you3	7-60523-B
gong1 you3 hua4	7-60658-B
gong1 you3 zhi4	7-60596-B
gong1 yu2 yi1 yi4	43-54130-S
gong1 yu4	4-25249-S,7-59093-B
gong1 yu4 lou2	7-59136-B
gong1 yuan2	2-69596-S,7-55096-B,7-57755-B,15-4739-S,15-6032-S,17-70060-S,31-10086-S,40-20631-S,50-2156-S,69-27472-S
gong1 yuan2 qian2	7-55155-B
gong1 yuan2 xiao3 jing4 xiao4 ying4	7-57802-B
gong1 yue1	7-63445-B
gong1 yue1 shu4	32-19797-S
gong1 yun4 zuo4	16-56828-S
gong1 zai3	26-43662-S
gong1 zhai4	7-54938-B
gong1 zhai4 quan4	7-54989-B
gong1 zhan4	29-47230-B
gong1 zhang1	7-63395-B
gong1 zhang4	7-53874-B
gong1 zhao4 liang4	4-9179-S
gong1 zhe3	28-36916-S,32-43063-S
gong1 zhen4	26-8643-S,35-44647-S
gong1 zheng3	21-55361-B
gong1 zheng4	1-70648-S,7-60865-B,7-64627-B,18-53337-S,59-33923-S
gong1 zheng4 chu4	7-64764-B
gong1 zheng4 ren2	7-64702-B
gong1 zhi1	51-11461-S
gong1 zhi1 mu3	17-65717-S
gong1 zhi1 niao3	6-44103-S,69-60774-S
gong1 zhi2	7-64080-B
gong1 zhi4	15-14627-S
gong1 zhi4 neng2	4-8883-S
gong1 zhong4	7-62705-B
gong1 zhong4 dian4 xin4 wang3 lu4	7-62821-B
gong1 zhong4 yi4 jian4	7-62748-B
gong1 zhu1	7-64825-B
gong1 zhu1 tong2 hao4	7-64377-B
gong1 zhu1 yu2 shi4	7-64532-B
gong1 zhu3	7-53920-B,44-47685-S
gong1 zhuan4	7-65057-B
gong1 zhuang4	23-25847-B
gong1 zi1	21-57346-B
gong1 zi1 zhi4	7-52325-S
gong1 zi3	7-54530-B,7-58245-B,18-19495-S,53-59894-S
gong1 zi3 ge1 er5	7-58297-B
gong1 zi4 dong4 hua4	61-35117-S
gong1 zi4 po4	2-12696-S
gong1 zi4 wen4	11-54824-S
gong1 zi5	53-59957-S
gong1 zu3 zhi1	37-34950-S
gong1 zui4	9-49724-B
gong1 zuo4	6-15349-S,7-37622-S,10-58595-S,21-53059-B,24-61784-S,31-6841-S,35-36241-S,38-1318-S,46-48858-S,53-2138-S
gong1 zuo4 bao4 gao4	21-53249-B
gong1 zuo4 biao3	21-53609-B
gong1 zuo4 bu4	49-51214-S
gong1 zuo4 dan1 wei4	21-53183-B
gong1 zuo4 dui4	21-53869-B
gong1 zuo4 fu2	21-53398-B
gong1 zuo4 guo4 du4	21-53734-B
gong1 zuo4 ji4 yi4	21-53665-B
gong1 zuo4 liang4	21-53798-B
gong1 zuo4 mian4	21-53943-B
gong1 zuo4 ren2 yuan2	21-53120-B
gong1 zuo4 shi4	21-53337-B
gong1 zuo4 ye4	16-56646-S
gong1 zuo4 yi1	26-49445-S
gong1 zuo4 zhan4	21-53455-B
gong1 zuo4 zhe3	30-4800-S,30-54513-S,46-48926-S
gong1 zuo4 zhi4	7-51013-S
gong1 zuo4 zu3	21-53524-B
gong3	6-8367-S,10-53349-S,15-23702-S,21-34640-S,23-23127-B,26-44658-S,27-48151-B,33-54941-B,36-57677-B,38-54294-S,42-44284-B,43-14463-S,49-12541-S,68-7285-B
gong3 ba4	27-48282-B
gong3 bao4	27-48676-B
gong3 bi4	27-48891-B
gong3 dao4	27-49155-B
gong3 ding3	27-49243-B
gong3 du4	27-48327-B
gong3 dun1	27-48230-B
gong3 gu4	68-7362-B
gong3 jian1	27-48993-B
gong3 lang2	27-48426-B
gong3 men2	27-49197-B
gong3 mo4	68-7529-B
gong3 qiao2	27-48784-B
gong3 shou3	27-48581-B
gong3 tong2	42-44313-B
gong3 wei4	27-49097-B
gong3 xing2	27-48541-B
gong3 zhu4	27-48732-B
gong3 zhuang4	27-48831-B
gong3 zuo4 yi1	26-44717-S
gong4	1-2827-S,2-50554-S,3-1294-S,5-21899-B,7-55392-S,7-70231-B,11-44417-S,12-32279-S,13-8485-S,15-2382-S,18-8794-S,20-61157-S,21-59306-S,47-5900-S,47-64162-S,49-18007-S,49-51603-S,50-31987-S,51-20985-S,53-14589-S,59-34426-B,60-26100-S,62-33959-S,64-42104-S,64-42347-S,69-53583-S
gong4 Zhong1 yang1 Xuan1 chuan2 bu4	2-50728-S
gong4 an1 quan2 zui4	7-55875-S
gong4 cai2 chan3	7-56497-S
gong4 ce4 suo3	7-55970-S
gong4 chan3	7-72012-B
gong4 chan3 dang3	7-72215-B
gong4 chan3 dang3 bu4 dui4	7-72607-B
gong4 chan3 dang3 ren2	7-72278-B
gong4 chan3 dang3 xuan1 yan2	7-72442-B
gong4 chan3 dang3 yuan2	7-72360-B
gong4 chan3 dang3 zhong1 yang1 wei3 yuan2 hui4 xuan1 chuan2 bu4	2-54596-S
gong4 chan3 zhu3 yi4	7-72057-B
gong4 chan3 zhu3 yi4 yun4 dong4	15-14696-S
gong4 chang3 suo3	7-55803-S
gong4 chu3	7-72803-B,13-22201-S
gong4 cun2	7-71577-B
gong4 cun2 xing4	7-71622-B
gong4 dai4 tian1	1-70704-S
gong4 dao4 de2	7-56571-S
gong4 du3	32-36896-S
gong4 e4 zuo4 yong4	8-68-B
gong4 feng4	5-22179-B
gong4 fu4	8-0-B,59-34895-B
gong4 gao1 wo3 man4	59-34936-B
gong4 guan1 xi4	7-56657-S
gong4 guan3	7-72746-B
gong4 he2	7-71197-B
gong4 he2 dang3 ren2	7-71495-B
gong4 he2 guo2	2-80662-S,4-12165-S,7-71292-B,9-28042-S,19-10252-S,19-33140-S,28-8947-S,32-50611-S,47-20410-S,54-61843-S,68-11542-S
gong4 he2 guo2 lian2 meng2	55-40595-S
gong4 he2 zheng4 ti3	7-71345-B
gong4 he2 zhi4	7-71239-B
gong4 he2 zuo4	15-2463-S
gong4 huan4 zheng4	4-14730-S
gong4 ji4	7-73185-B,12-51323-S
gong4 jia4 jian4	7-70589-B
gong4 jian4	32-37053-S
gong4 jiao1 huan4 dian4 hua4 wang3 lu4	7-55571-S
gong4 jiao1 tong1	7-55714-S
gong4 jiu3 da4	2-51233-S
gong4 ku3	12-49865-S
gong4 li4 yi4	46-48354-S
gong4 ming2	8-209-B
gong4 mou2	7-73240-B
gong4 mou2 zhe3	7-73339-B
gong4 mou2 zui4	7-73283-B
gong4 pin3	5-22060-B,59-34463-B
gong4 qi1	7-71923-B
gong4 qi4 che1	7-56040-S
gong4 qi4 che1 zhan4	7-56100-S
gong4 qing1 tuan2	8-135-B
gong4 qu1	47-64253-S
gong4 ren4	5-23104-B
gong4 rong2 quan1	17-22157-S
gong4 shang3	32-37212-S
gong4 she4 shi1	7-56413-S
gong4 sheng1	7-71966-B
gong4 shi2	7-73396-B
gong4 shi4	53-14662-S
gong4 shi4 ye4	7-55447-S
gong4 ti3	35-27310-S
gong4 tong2	7-70657-B
gong4 tong2 dian3	7-71136-B
gong4 tong2 ji1 jin1	7-70822-B
gong4 tong2 li4 yi4	7-70736-B
gong4 tong2 shai1 xuan3	7-70944-B
gong4 tong2 shi4 chang3	35-28573-S
gong4 tong2 zha2 dao4 jie4 mian4	7-71027-B
gong4 wei4 sheng1	7-56340-S
gong4 wu4	5-22760-B,59-34638-B
gong4 xian4	42-56742-S,59-34679-B
gong4 xian4 zhe3	59-34763-B
gong4 xiang1	7-72869-B
gong4 xiang1 shan4 ju3	7-72940-B
gong4 xiang1 sheng4 ju3	7-73055-B
gong4 xiang3	7-70304-B
gong4 xiang3 dai4 kuan1	7-70445-B
gong4 xiang3 ruan3 ti3	7-70521-B
gong4 xiang3 yi3 tai4 wang3 luo4	7-70349-B
gong4 xin4	62-34012-S
gong4 xing2	7-71720-B
gong4 xing2 zheng4	7-56258-S
gong4 xing4	7-71765-B
gong4 xuan1 chuan2	11-44564-S
gong4 xuan1 chuan2 zui4	11-44661-S
gong4 yong4	7-72692-B
gong4 you3	7-71863-B
gong4 zhen4	7-71818-B,33-56385-S,33-61104-S,46-34634-S
gong4 zhen4 cheng2 xiang4	46-34698-S
gong4 zhen4 cheng2 xiang4 shu4	9-49967-S
gong4 zhi2	5-22940-B
gong4 zhi4 xu4	7-56189-S
gong4 zhong1 yang1	2-50625-S
gong4 zhong1 yang1 ji4 lu:4 jian3 cha2 wei3 yuan2 hui4	2-51045-S
gong4 zhong1 yang1 ji4 wei3 jian1 cha2 bu4	2-50903-S
gong4 zhu3 yi4	11-44494-S
gong5	7-55327-S,51-25818-S
gou	1-17703-S,1-27517-S,2-2925-S,2-26936-S,2-55335-S,3-8002-S,3-18408-S,3-22534-S,3-67975-S,4-32332-S,4-33662-S,5-9220-B,5-12298-S,5-16174-S,7-32706-S,8-12271-B,8-48041-S,8-49797-S,10-2123-S,10-12386-B,10-12436-B,12-10588-S,12-44814-S,12-62705-S,13-60080-S,15-15474-S,15-15596-S,15-31755-S,15-57059-B,16-34095-S,16-43627-S,17-2140-B,17-25335-S,18-10427-S,18-42567-B,18-57531-B,19-48030-S,19-52137-S,20-41954-S,20-67814-S,21-31323-S,21-35649-B,22-3635-S,22-3902-S,23-21581-S,23-46566-B,24-43852-S,25-45019-S,26-6355-S,26-46649-S,26-49899-S,26-56171-S,27-7971-S,27-26092-S,27-43033-S,28-16978-S,28-20045-S,28-22465-S,28-51615-B,28-56459-S,28-61295-S,28-62385-S,29-42892-S,29-54874-S,29-56433-S,30-2148-S,30-36722-S,31-56503-S,31-56846-S,33-21248-S,33-39616-S,33-39965-B,33-40002-B,33-61401-S,34-43230-B,35-4347-S,35-10430-S,36-4180-S,36-62688-S,38-21713-S,38-22393-S,39-1817-S,39-17334-S,39-18183-B,39-32342-S,39-42808-S,41-21089-S,41-39807-S,41-54231-S,42-6954-B,42-10524-S,42-24959-S,43-5624-S,43-44416-S,46-14174-S,47-55646-S,48-1403-S,48-13629-B,48-32847-B,49-42491-S,49-53767-S,50-9562-S,51-34746-B,51-39149-S,52-5283-S,52-27300-S,52-27412-S,52-34464-S,52-40264-S,52-45059-S,53-65753-B,54-8394-B,55-31174-S,55-53134-S,57-40729-B,57-57687-S,58-10639-S,58-14834-B,58-22389-S,59-19325-S,59-25954-S,59-54946-S,59-63456-B,60-12458-S,60-24727-S,60-24871-S,60-32488-S,60-63110-S,61-60104-S,62-58712-B,63-26257-S,63-37260-S,64-11655-S,64-24495-B,66-60914-B,68-13500-B,68-30795-S,70-28571-S,70-38408-S,70-55688-S
gou ban	42-6980-S
gou bu ru	59-26028-S
gou cheng	34-43734-B
gou ci fa yi shi	34-43856-B
gou dang	10-12744-B,42-6680-S
gou dao	39-18427-B
gou duan luo xuan ti bing	64-24570-B
gou gu	39-18342-B
gou gu ding li	10-12878-B
gou he	18-57574-B,39-18218-B,53-65809-B
gou hua	10-12490-B,10-12699-B
gou huo	48-32901-B
gou ji	11-37963-S,66-21651-S
gou jia	34-43813-B
gou jian	34-43319-B,34-43425-B
gou jiao gou ban	42-6980-B
gou jie	10-12793-B
gou li lun	49-42787-S
gou mai	60-276-B
gou mai li	60-318-B
gou mai zhe	60-378-B
gou mian	55-8739-S
gou na wu	55-30841-S
gou nian	42-7286-B
gou pi	42-7197-B
gou qi	33-40118-B
gou qi zhu	26-46744-S
gou qi zi	33-40184-B
gou qiao	45-13738-S,55-36584-S
gou qiao shi bian	45-13840-S,55-36662-S
gou qu	39-18280-B,65-24223-S
gou quan	6-57171-S,10-12642-B,21-58180-S,42-7348-B
gou r	27-21394-S
gou r bu lu chi	13-28660-S
gou ri de liang shi	42-7416-B
gou rou	42-7497-B
gou ru zhai	23-29475-S
gou shi	49-42708-S
gou shi bian	33-49592-S
gou shou	10-12598-B
gou si	34-43487-B
gou suo ci	40-815-S
gou ti	12-45856-S,43-62082-S
gou tong	3-45895-S,39-18381-B
gou tong xiao	49-53827-S
gou tou sheng	24-42815-S
gou tu	34-43375-B
gou tui zi	42-7539-B
gou wai lian	57-1607-S
gou wu	42-7247-B,59-63497-B
gou wu che	60-174-B
gou wu da sha	60-51-B
gou wu dai	60-118-B
gou wu quan	60-0-B
gou wu zhong xin	59-63538-B
gou xian	3-18559-S
gou xian lu	30-21142-S
gou xiang	34-43567-B
gou xiang tu	34-43611-B
gou xiao	1-16636-S
gou xiao shuo	55-53176-S
gou yin	10-12546-B
gou you	42-6218-S
gou yuan	28-22556-S
gou zao	33-29627-S,34-43943-B
gou zhang ren shi	42-7048-B
gou zhe	57-57754-S
gou zhe zhu	47-59704-S
gou zheng yi li lun	23-21648-S
gou zhi	60-231-B
gou zhu ci	49-42634-S
gou zhu yi	49-42566-S
gou zi	64-24534-B
gou1	3-18408-S,3-22534-S,4-32332-S,5-9220-B,10-12386-B,12-44814-S,16-34095-S,16-43627-S,17-25335-S,21-31323-S,26-49899-S,26-56171-S,27-26092-S,28-16978-S,28-20045-S,28-61295-S,30-36722-S,33-21248-S,33-39965-B,35-10430-S,38-21713-S,39-1817-S,39-18183-B,39-32342-S,39-42808-S,47-55646-S,48-32847-B,52-34464-S,52-40264-S,52-45059-S,59-19325-S,63-37260-S,64-24495-B,68-13500-B,70-38408-S,70-55688-S
gou1 dao4	39-18427-B
gou1 duan1 luo2 xuan2 ti3 bing4	64-24570-B
gou1 gu3	39-18342-B
gou1 gu3 ding4 li3	10-12878-B
gou1 he4	39-18218-B
gou1 hua4	10-12490-B,10-12699-B
gou1 huo3	48-32901-B
gou1 jie2	10-12793-B
gou1 qiao2	45-13738-S,55-36584-S
gou1 qiao2 shi4 bian4	45-13840-S,55-36662-S
gou1 qu1	65-24223-S
gou1 qu2	39-18280-B
gou1 quan2	10-12642-B,21-58180-S
gou1 shi4 bian4	33-49592-S
gou1 shou3	10-12598-B
gou1 tong1	3-45895-S,39-18381-B
gou1 wai4 lian2	57-1607-S
gou1 xian4	3-18559-S
gou1 xiao1	1-16636-S
gou1 yin3	10-12546-B
gou1 zhe3 zhu1	47-59704-S
gou1 zi5	64-24534-B
gou3	1-17703-S,2-26936-S,12-10588-S,15-31755-S,20-67814-S,21-35649-B,22-3635-S,26-6355-S,26-46649-S,28-56459-S,33-40002-B,36-4180-S,38-22393-S,41-21089-S,42-6954-B,42-10524-S,42-24959-S,48-13629-B,51-34746-B,52-5283-S,53-65753-B,54-8394-B,59-25954-S,60-12458-S,64-11655-S,70-28571-S
gou3 bu4 ru2	59-26028-S
gou3 dang3	42-6680-S
gou3 he2	53-65809-B
gou3 jiao1 gou4 ban1	42-6980-B
gou3 nian2	42-7286-B
gou3 pi4	42-7197-B
gou3 qi1 zhu3	26-46744-S
gou3 qi3	33-40118-B
gou3 qi3 zi5	33-40184-B
gou3 quan2	42-7348-B
gou3 r5 bu4 lu4 chi3	13-28660-S
gou3 ri4 de5 liang2 shi5	42-7416-B
gou3 rou4	42-7497-B
gou3 ru4 zhai4	23-29475-S
gou3 tui3 zi5	42-7539-B
gou3 wu1	42-7247-B
gou3 you3	42-6218-S
gou3 zhang4 ren2 shi4	42-7048-B
gou4	1-27517-S,2-2925-S,2-55335-S,3-8002-S,3-67975-S,4-33662-S,5-12298-S,5-16174-S,7-32706-S,8-12271-B,8-48041-S,8-49797-S,10-2123-S,10-12436-B,12-62705-S,13-60080-S,15-15474-S,15-15596-S,15-57059-B,17-2140-B,18-10427-S,18-42567-B,18-57531-B,19-48030-S,19-52137-S,20-41954-S,22-3902-S,23-21581-S,23-46566-B,24-43852-S,25-45019-S,27-7971-S,27-43033-S,28-22465-S,28-51615-B,28-62385-S,29-42892-S,29-54874-S,29-56433-S,30-2148-S,31-56503-S,31-56846-S,33-39616-S,33-61401-S,34-43230-B,35-4347-S,36-62688-S,39-17334-S,41-39807-S,41-54231-S,43-5624-S,43-44416-S,46-14174-S,48-1403-S,49-42491-S,49-53767-S,50-9562-S,51-39149-S,52-27300-S,52-27412-S,55-31174-S,55-53134-S,57-40729-B,57-57687-S,58-10639-S,58-14834-B,58-22389-S,59-54946-S,59-63456-B,60-24727-S,60-24871-S,60-32488-S,60-63110-S,61-60104-S,62-58712-B,63-26257-S,66-60914-B,68-30795-S
gou4 ban1	42-6980-S
gou4 cheng2	34-43734-B
gou4 ci2 fa3 yi4 shi2	34-43856-B
gou4 dang4	10-12744-B
gou4 he2	18-57574-B
gou4 ji4	11-37963-S,66-21651-S
gou4 jia4	34-43813-B
gou4 jian4	34-43319-B,34-43425-B
gou4 li3 lun4	49-42787-S
gou4 mai3	60-276-B
gou4 mai3 li4	60-318-B
gou4 mai3 zhe3	60-378-B
gou4 mian4	55-8739-S
gou4 na4 wu1	55-30841-S
gou4 quan2	6-57171-S
gou4 r5	27-21394-S
gou4 shi4	49-42708-S
gou4 si1	34-43487-B
gou4 suo3 ci1	40-815-S
gou4 ti3	12-45856-S,43-62082-S
gou4 tong3 xiao1	49-53827-S
gou4 tou1 sheng1	24-42815-S
gou4 tu2	34-43375-B
gou4 wu4	59-63497-B
gou4 wu4 che1	60-174-B
gou4 wu4 da4 sha4	60-51-B
gou4 wu4 dai4	60-118-B
gou4 wu4 quan4	60-0-B
gou4 wu4 zhong1 xin1	59-63538-B
gou4 xian4 lu4	30-21142-S
gou4 xiang3	34-43567-B
gou4 xiang3 tu2	34-43611-B
gou4 xiao3 shuo1	55-53176-S
gou4 yuan2	28-22556-S
gou4 zao4	33-29627-S,34-43943-B
gou4 zhe3	57-57754-S
gou4 zheng4 yi4 li3 lun4	23-21648-S
gou4 zhi4	60-231-B
gou4 zhu3 yi4	49-42566-S
gou4 zhu4 ci2	49-42634-S
gu	1-20340-S,1-47264-S,1-57241-S,1-64615-S,2-20775-S,2-36505-S,2-52092-S,3-8441-S,3-30950-S,3-52290-S,4-9601-S,4-28858-S,4-45275-S,4-59373-B,4-59403-B,4-67172-S,4-69633-S,5-2545-S,5-5891-S,5-24262-S,5-53772-S,6-115-S,6-5300-S,6-32192-S,6-33125-S,6-52215-B,6-57321-S,7-14082-S,7-31641-S,7-52488-S,7-63077-S,8-7004-S,8-25296-B,8-27677-S,9-14099-S,9-53145-S,9-65134-S,10-6246-S,10-17096-S,11-6285-S,11-11771-S,11-56330-S,11-60118-S,11-71305-B,12-8886-S,12-36945-S,12-52308-S,13-15386-B,13-26627-B,13-53415-S,13-53415-S,13-64427-S,14-26619-S,14-26619-S,14-29561-B,14-58498-S,14-62520-S,14-64047-B,15-61615-S,16-3431-S,16-7001-B,16-19193-S,16-34245-S,16-50188-S,17-13589-S,17-16486-S,17-17557-S,17-24768-S,17-31709-S,17-34769-S,17-42756-S,17-56671-S,17-60750-S,18-39501-B,18-39872-S,18-39872-S,19-12715-B,19-48583-S,20-36571-S,20-62621-S,21-12154-S,21-12360-S,21-13140-S,21-15947-S,21-17832-S,21-17832-S,21-33234-S,21-40815-S,21-45591-B,21-62979-S,22-2269-S,22-17803-S,22-44430-S,22-45087-S,22-54592-S,22-55317-S,22-63283-S,23-26300-S,23-62061-S,24-13666-S,24-29914-S,24-53041-S,25-934-S,25-6841-S,25-18649-S,25-28868-S,25-45156-S,25-45156-S,26-84-S,26-12533-S,26-22323-S,26-23057-S,26-30802-S,26-43312-S,26-43312-S,26-47787-S,26-50869-S,26-53317-B,27-5633-S,27-43207-S,28-3173-S,28-3173-S,28-14757-S,28-18612-S,28-55764-S,28-55764-S,28-59188-S,29-12476-S,29-27314-S,29-58290-B,30-608-S,30-13650-S,30-14214-S,31-35508-S,31-47066-S,31-51880-S,31-54868-S,32-2769-S,32-9584-S,32-15128-S,32-15639-S,32-18846-S,33-26085-S,33-31575-S,33-31845-S,33-32973-S,33-44475-S,33-58600-S,33-64369-S,34-12997-B,34-16113-S,34-25846-S,34-39267-B,34-42945-B,35-660-S,35-10591-S,35-40358-S,35-57830-S,36-63846-B,37-7262-S,37-21302-S,37-25651-B,37-29083-B,37-41823-S,37-42578-S,37-58818-S,38-51713-S,39-6334-S,39-18342-S,39-28384-B,39-36715-S,39-42849-S,40-11903-B,40-13984-B,40-54281-S,40-62470-S,41-9849-S,41-9849-S,41-51192-S,41-55274-B,42-927-B,42-1211-S,42-9256-S,42-11111-S,43-5149-S,43-7312-S,43-10323-S,43-15342-S,43-42180-S,43-51409-S,44-10428-S,44-16360-B,44-33563-S,44-49465-S,44-60151-S,44-60662-S,45-10437-S,45-14629-B,45-39915-S,45-47439-S,45-60604-S,45-60703-B,46-15642-S,46-22047-S,46-65417-B,47-10869-S,47-21146-S,47-35931-S,47-36228-S,47-36694-B,47-41796-S,48-19915-S,48-23344-B,48-24781-B,48-34714-S,49-11934-S,49-52905-S,50-19346-S,50-51035-B,50-51120-B,51-5943-S,51-9809-B,51-13678-S,51-14705-S,51-32823-S,51-50168-S,52-189-S,52-2202-S,52-7408-S,52-9678-B,52-10821-S,52-12668-S,52-14213-S,52-18929-S,52-26210-S,52-30853-S,52-30953-S,52-31347-S,52-52855-B,53-3410-S,53-61940-S,54-9169-S,54-9169-S,54-15590-S,54-28049-B,54-36571-B,54-61750-S,55-4847-B,55-29157-S,55-43637-S,55-43637-S,55-43789-S,55-48219-S,55-51851-S,55-59491-B,55-61253-B,56-8563-S,56-9267-S,56-14335-S,56-15220-S,56-18011-S,56-22172-B,56-44083-S,56-55262-S,57-46929-B,57-47449-S,57-64837-S,58-6026-B,58-7115-S,59-9111-S,59-15246-B,59-16128-S,59-53608-B,60-37794-S,60-37794-S,60-56082-S,61-4130-S,61-5225-B,61-16811-S,61-20261-B,61-20288-B,61-30679-S,61-33725-B,61-47835-S,61-63943-S,62-32397-S,62-50230-S,62-60287-S,63-2555-S,63-3980-S,63-41973-B,63-55781-S,63-59343-S,64-14216-S,64-15997-S,64-22316-B,64-31044-S,64-31519-S,64-31701-S,64-43645-S,64-47491-B,64-52812-S,65-967-S,65-8266-S,66-36679-S,66-41651-S,66-56196-S,67-66492-S,68-7362-S,68-20975-S,68-28315-S,68-31401-S,68-39567-S,68-40567-S,68-44401-S,68-48720-B,68-53031-S,68-53213-S,68-59260-S,69-15072-S,69-22634-S,69-30208-S,69-30383-S,69-40139-S,69-65066-B,70-3604-S,70-3763-S,70-4115-S,70-10845-S,70-38931-S,70-39180-S,70-54900-B,70-56024-S,70-56982-B,71-150-S,71-47772-B,71-51756-S,71-52688-S,71-62883-S
gu Da xue	7-31781-S
gu Han yu	2-52165-S
gu Luo ma	12-4840-B
gu Qiu bai	42-18870-S
gu Xi la	12-1995-B
gu an suan	47-36813-B
gu an xian an	59-15608-B
gu ba bi lun	12-1927-B
gu ba fa	35-40424-S
gu bao	54-61973-S
gu bei jie	12-1139-B
gu ben	52-10109-B
gu ben jin bi lu:	52-10166-B
gu bing	64-43715-S
gu bu de	68-48800-B
gu bu hua	37-42671-S
gu bu qi	65-8348-S
gu bu quan zheng	26-12595-S
gu bu zhi chun qiu	56-18065-S
gu bu zi feng	29-60588-B
gu cang	47-36726-B
gu cao	47-37140-B
gu ce	4-59717-B
gu chan	4-59757-B
gu chang	1-65929-S,26-47828-S
gu chang qing	54-43897-S
gu chen zhong	31-65774-S
gu cheng	12-1466-B,29-59584-B,29-60908-B,71-9906-S
gu chui	71-47943-B
gu chui zhe	71-48019-B
gu chun	12-34161-S,52-50569-S,68-47448-S
gu ci	29-60547-B,69-65107-B
gu ci sheng zhi	19-13898-B
gu cui hua	51-14780-S
gu da lu	51-58289-S
gu dai	6-61320-S,12-439-B,17-56714-S
gu dai shi	12-497-B
gu dai si da mei nu:	2-55115-S
gu dan	19-12962-B,19-13470-B
gu dan ying xiong	19-13525-B
gu dao	12-5458-B,19-13010-B,29-61440-B,43-20676-S,54-11997-S
gu dao niao	12-4524-B,63-4695-S
gu di	29-59357-B,29-60965-B,59-15306-B,59-29203-S
gu di chong you	29-59423-B
gu di ci	12-1333-B
gu dian	8-27768-S,12-762-B,29-59067-B,71-49045-B
gu dian pai	12-882-B
gu dian yin yue	12-1011-B
gu dian yu yan	12-938-B
gu dian yue	12-805-B
gu dian zhu yi	30-45061-S
gu dian zi	71-49095-B
gu ding	4-59603-B,5-13524-S,15-0-B,21-13033-S,44-49515-S
gu ding dian	15-296-B
gu ding li	10-12878-S
gu ding shou ru	15-51-B
gu ding xu ni lian jie	15-119-B
gu ding zi chan	15-228-B
gu dong	12-5077-B,52-10242-B,70-2044-B,71-47822-B
gu du	12-5499-B,19-13296-B,29-61481-B
gu du shu	32-55749-S
gu dui r	4-59538-B
gu duo	70-405-B
gu er	19-12804-B,29-61076-B
gu er ban tong gu te sha mo	12-3674-B
gu er bang jie	12-3790-B
gu er yao	19-12842-B
gu er yuan	19-12896-B
gu er zhi xin	39-21826-S
gu fa	70-658-B
gu fan	31-25748-S
gu fang ji	47-39927-S,47-40041-S
gu fei hou	70-1827-B
gu fen	52-9755-B
gu fen gong si	52-9816-B
gu fen you xian gong si	2-61362-S,37-1297-S
gu fen zhi	52-9890-B
gu feng	12-5546-B,36-39457-S,71-48793-B
gu feng ji	71-48850-B
gu feng jin	5-64777-S
gu feng lu	71-48923-B
gu fu	18-39693-B,18-40384-B,61-33822-B
gu gan	33-52958-S,70-142-B
gu gan wang lu	70-193-B
gu ge	16-51985-S,70-2522-B
gu geng	70-2779-B
gu geng zai hou	70-3051-B
gu geng zhi chen	70-2903-B
gu gong	29-59785-B
gu gong yuan	31-10086-S
gu gou	52-45059-S
gu gu	18-39872-B,52-10821-B
gu gu jiao	13-26655-B
gu guai	12-2225-B,22-20220-S,47-27637-S
gu guan	13-31031-S
gu guan xi	10-6297-S
gu guo	29-59183-B,44-11457-S,54-62022-S
gu han jin	54-12564-S
gu he	9-65314-S,40-34714-S
gu hen	1-6114-S
gu hou	45-60420-S,63-55827-S
gu hu	40-34792-S
gu hua	69-65268-B
gu hui	24-13889-S,70-723-B
gu hui he	70-782-B
gu huo	56-22309-B
gu ji	4-59937-B,12-4739-B,12-5326-B,12-5402-B,12-54548-S,29-23619-S,29-58683-B,29-61314-B,33-59397-S,49-6180-S,68-49022-B,68-49266-B
gu ji chong yan	29-58738-B
gu ji zi	52-10768-B
gu jia	4-59450-B,29-59935-B,49-33533-S,51-32988-S,52-9968-B,70-462-B
gu jia zi di	29-59978-B
gu jian	14-64141-B
gu jian jin	59-42167-S
gu jiao	13-26655-S,29-58576-B
gu jiao yuan	70-1980-B
gu jie	70-1514-B
gu jin	12-264-B,70-918-B
gu jiu	12-5037-B,29-61117-B
gu jiu bu qi	29-61161-B
gu ju	29-60059-B,38-52084-S
gu ke	12-3012-B,56-15283-S,68-49219-B,69-65158-B,70-1406-B
gu ke jian	12-3148-B
gu ke shu	12-3075-B
gu la	13-50466-S
gu la feng	13-50775-S
gu la shan	13-50555-S
gu la shan mai	13-50657-S
gu lai	12-556-B
gu lan jing	12-5185-B
gu lang	28-10357-S
gu lao	12-4985-B
gu lao rou	13-26729-B
gu lao wen ti	2-39416-S
gu le	52-29079-S
gu lei	47-37228-B
gu li	5-13741-S,19-13343-B,29-61604-B,34-41514-S,45-61209-S,47-37091-B,69-65205-B,70-1468-B,71-47899-B
gu li shi	14-58553-S
gu li wu yuan	19-13391-B
gu li ya	9-5979-S
gu lian	52-2297-S
gu liang	1-75521-S,4-59984-B
gu liao	70-318-B
gu lin xun	44-19034-S
gu ling ling	19-14020-B
gu liu	70-1042-B
gu lou	19-13732-B,71-48292-B
gu lou gua wen	19-13786-B
gu lou guo	64-47547-B
gu lu	13-26799-B,31-22505-S
gu lu lu	70-1303-B
gu lu shi	31-22605-S
gu lu:	68-49506-B
gu ma	18-39954-B
gu mao lu	1-44380-S
gu min	52-10346-B
gu ming si yi	68-49095-B
gu mo	4-59668-B,70-1913-B,71-48642-B
gu mu	12-1681-B,18-40322-B,29-59700-B,46-53148-S
gu mu li ying	12-1735-B
gu na xin	12-60195-S
gu na you qi	68-43759-S
gu na zuo qi	68-43876-S
gu nai nai	18-39782-B
gu nao	67-5958-S
gu nao zhen	67-6025-S
gu ni ya bing du	18-914-S
gu ni ya re	18-824-S
gu nian	68-49305-B
gu niang	18-39916-B,40-25343-S
gu niu pai	1-26243-S
gu nong	59-37063-S
gu nong xuan xu	29-60107-B
gu pai	70-1001-B
gu pen	70-1264-B,71-48348-B
gu pen zhi qi	71-48490-B
gu pi	19-12748-B
gu piao	49-8446-S,52-10452-B
gu piao dai hao	52-10587-B
gu piao jiao yi suo	52-10506-B
gu piao shi chang	52-10683-B
gu qi	70-563-B
gu qie	18-39595-B
gu qin	12-4014-B
gu qu	16-19050-S,22-45150-S,39-50454-S,44-60750-S
