裝滿 装满 [01\[ zhuāng mǎn\]]	to fill up
裝潢 装潢 [01\[ zhuāng huáng\]]	to mount (a picture);to dress;to adorn;decoration;packaging
裝甲 装甲 [01\[ zhuāng jiǎ\]]	vehicle armor
裝甲車 装甲车 [01\[ zhuāng jiǎ chē\]]	armored car
裝瘋賣傻 装疯卖傻 [01\[ zhuāng fēng mài shǎ\]]	to play the fool (成语 saw);to feign madness
裝神弄鬼 装神弄鬼 [01\[ zhuāng shén nòng guǐ\]]	lit. dress up as god
裝置 装置 [01\[ zhuāng zhì\]]	equipment;system;device
裝置物 装置物 [01\[ zhuāng zhì wù\]]	fixture;installation
裝聾作啞 装聋作哑 [01\[ zhuāng lóng zuò yǎ\]]	to play deaf-mute
裝船 装船 [01\[ zhuāng chuán\]]	shipment
裝訂 装订 [01\[ zhuāng dìng\]]	bookbinding
裝設 装设 [01\[ zhuāng shè\]]	to install;to fit (e.g. a light bulb)
裝貨 装货 [01\[ zhuāng huò\]]	shipping
裝載 装载 [01\[ zhuāng zài\]]	to load
裝配 装配 [01\[ zhuāng pèi\]]	to assemble;to fit together
裝配員 装配员 [01\[ zhuāng pèi yuán\]]	assembly worker
裝配線 装配线 [01\[ zhuāng pèi xiàn\]]	assembly line;production line
裝飾 装饰 [01\[ zhuāng shì\]]	to decorate;decoration;decorative;ornamental
裝飾品 装饰品 [01\[ zhuāng shì pǐn\]]	ornament
裝飾物 装饰物 [01\[ zhuāng shì wù\]]	ornament;ornamentation
裟 裟 [01\[ shā\]]	buddhist monk's robe
裡 里 [01\[ lǐ\]]	inside;internal;interior;lining;village;basic unit of city administration
裡出外進 里出外进 [01\[ lǐ chū wài jìn\]]	uneven;in disorder;everything sticking out
裡加 里加 [01\[ lǐ jiā\]]	riga (capital of latvia)
裡勾外連 里勾外连 [01\[ lǐ gōu wài lián\]]	to act from inside in coordination with attackers outside;attacked from both inside and out
裡士滿 里士满 [01\[ lǐ shì mǎn\]]	richmond
裡外 里外 [01\[ lǐ wài\]]	inside and out;or so
裡奧斯 里奥斯 [01\[ lǐ ào sī\]]	ríos
裡帶 里带 [01\[ lǐ dài\]]	inner tube (of tire)
裡斯本 里斯本 [01\[ lǐ sī běn\]]	lisbon (capital of portugal)
裡昂 里昂 [01\[ lǐ áng\]]	lyon
裡根 里根 [01\[ lǐ gēn\]]	(ronald) reagan
裡海 里海 [01\[ lǐ hǎi\]]	caspian sea
裡爾 里尔 [01\[ lǐ ěr\]]	lille (city in france)
裡瓦爾多 里瓦尔多 [01\[ lǐ wǎ ěr duō\]]	rivaldo
裡裡外外 里里外外 [01\[ lǐ lǐ wài wài\]]	inside and out
裡邊 里边 [01\[ lǐ biān\]]	inside
裡邊兒 里边儿 [01\[ lǐ biān 5r\]]	erhua variant of 裡邊|里边
裡面 里面 [01\[ lǐ miàn\]]	inside;interior
裡頭 里头 [01\[ lǐ tou\]]	inside;interior
裨 裨 [01\[ bì\]]	to benefit;to aid;advantageous;profitable
裨 裨 [01\[ pí\]]	surname pi;assistant;small
裨益 裨益 [01\[ bì yì\]]	benefit;advantage;profit;to be a benefit to
裯 裯 [01\[ chóu\]]	bed curtain;coverlet
裱 裱 [01\[ biǎo\]]	hang (paper);mount (painting)
裱糊 裱糊 [01\[ biǎo hú\]]	wall paper
裲 裲 [01\[ liǎng\]]	waistcoat
裳 裳 [01\[ cháng\]]	lower garment;skirts;petticoats;garments
裴 裴 [01\[ péi\]]	surname pei
裸 裸 [01\[ luǒ\]]	naked
裸子植物 裸子植物 [01\[ luǒ zǐ zhí wù\]]	gymnosperm (plants with seed contained in a cone)
裸子植物門 裸子植物门 [01\[ luǒ zǐ zhí wù mén\]]	gymnosperm (plants with seed contained in a cone)
裸照 裸照 [01\[ luǒ zhào\]]	nude photograph
裸體 裸体 [01\[ luǒ tǐ\]]	naked
裸體主義 裸体主义 [01\[ luǒ tǐ zhǔ yì\]]	nudism
裸體主義者 裸体主义者 [01\[ luǒ tǐ zhǔ yì zhě\]]	nudist
裸麥 裸麦 [01\[ luǒ mài\]]	rye
裹 裹 [01\[ guǒ\]]	wrap around
裹屍布 裹尸布 [01\[ guǒ shī bù\]]	shroud;cloth to wrap a corpse
裹腳 裹脚 [01\[ guǒ jiǎo\]]	foot-binding;long strip of cloth used for foot-binding
製 制 [01\[ zhì\]]	manufacture
製作 制作 [01\[ zhì zuò\]]	make;manufacture
製作者 制作者 [01\[ zhì zuò zhě\]]	producer
製假 制假 [01\[ zhì jiǎ\]]	to counterfeit;to manufacture counterfeit goods
製劑 制剂 [01\[ zhì jì\]]	(chemical or pharmaceutical) preparation
製品 制品 [01\[ zhì pǐn\]]	products;goods
製成 制成 [01\[ zhì chéng\]]	to manufacture;to turn out (a product)
製片 制片 [01\[ zhì piàn\]]	moviemaking
製片人 制片人 [01\[ zhì piàn rén\]]	moviemaking
製藥廠 制药厂 [01\[ zhì yào chǎng\]]	pharmaceutical company;drugs manufacturing factory
製造 制造 [01\[ zhì zào\]]	to manufacture;to make
製造商 制造商 [01\[ zhì zào shāng\]]	manufacturing company
製造廠 制造厂 [01\[ zhì zào chǎng\]]	manufacturing plant;factory
製造業者 制造业者 [01\[ zhì zào yè zhě\]]	manufacturer
製造者 制造者 [01\[ zhì zào zhě\]]	maker
製陶工人 制陶工人 [01\[ zhì táo gōng rén\]]	potter
製鞋匠 制鞋匠 [01\[ zhì xié jiàng\]]	shoemaker;cobbler
製鞋工人 制鞋工人 [01\[ zhì xié gōng rén\]]	shoemaker;cobbler
裾 裾 [01\[ jū\]]	garment
褂 褂 [01\[ guà\]]	coat
複 复 [01\[ fù\]]	to repeat;to double;to overlap;complex (not simple);compound;composite;double;diplo-;duplicate;overlapping;to duplicate
複利 复利 [01\[ fù lì\]]	compound interest
複印 复印 [01\[ fù yìn\]]	to photocopy;to duplicate a document
複印機 复印机 [01\[ fù yìn jī\]]	photocopier;xerox machine
複句 复句 [01\[ fù jù\]]	compound phrase
複合 复合 [01\[ fù hé\]]	complex;compound;hybrid
複合材料 复合材料 [01\[ fù hé cái liào\]]	composite material
複合詞素詞 复合词素词 [01\[ fù hé cí sù cí\]]	polymorphemic
複姓 复姓 [01\[ fù xìng\]]	two-character surname such as 司馬|司马 or 諸葛|诸葛
複寫紙 复写纸 [01\[ fù xiě zhǐ\]]	carbon paper
複數 复数 [01\[ fù shù\]]	plural;complex number (math.)
複數域 复数域 [01\[ fù shù yù\]]	(math.) a complex domain;a domain in the complex numbers
複數平面 复数平面 [01\[ fù shù píng miàn\]]	(math.) the complex plane;(math.) argand plane
複方 复方 [01\[ fù fāng\]]	compound prescription (involving several medicines)
複本 复本 [01\[ fù běn\]]	copy
複比 复比 [01\[ fù bǐ\]]	compound ratio (i.e. product of two ratios)
複眼 复眼 [01\[ fù yǎn\]]	compound eye
複製 复制 [01\[ fù zhì\]]	to duplicate;to reproduce;to make a copy of;to copy
複製品 复制品 [01\[ fù zhì pǐn\]]	replica;reproduction
複變 复变 [01\[ fù biàn\]]	(math.) complex variable
複變函數 复变函数 [01\[ fù biàn hán shù\]]	(math.) function of a complex variable
複變函數論 复变函数论 [01\[ fù biàn hán shù lùn\]]	(math.) theory of functions of a complex variable
複雜 复杂 [01\[ fù zá\]]	complicated;complex
複雜化 复杂化 [01\[ fù zá huà\]]	complicate;complicating
複雜性 复杂性 [01\[ fù zá xìng\]]	complexity
複雜系統 复杂系统 [01\[ fù zá xì tǒng\]]	complex system
複音形 复音形 [01\[ fù yīn xíng\]]	diphthong;liaison
複韻母 复韵母 [01\[ fù yùn mǔ\]]	compound final
褉 褉 [01\[ xiē\]]	short garments
褊 褊 [01\[ biǎn\]]	narrow;urgent
褊狹 褊狭 [01\[ biǎn xiá\]]	narrow;small-minded
褌 褌 [01\[ huī\]]	sacrificial robe of the empress
褎 褎 [01\[ xiù\]]	sleeve;ample flowing robes
褐 褐 [01\[ hè\]]	coarse hemp cloth;gray or dark color;taiwan pr. he2
褐煤 褐煤 [01\[ hè méi\]]	lignite;brown coal
褐色 褐色 [01\[ hè sè\]]	brown
褒 褒 [01\[ bāo\]]	to praise
褒忠鄉 褒忠乡 [01\[ bāo zhōng xiāng\]]	(n) paochung (village in taiwan)
褒揚 褒扬 [01\[ bāo yáng\]]	to praise
褒禪山 褒禅山 [01\[ bāo chán shān\]]	mt baochan in anhui;formerly known as mt hua 華山|华山
褒義 褒义 [01\[ bāo yì\]]	commendatory;commendatory term;positive connotation
褓 褓 [01\[ bǎo\]]	cloth for carrying baby on back
褔 褔 [01\[ fù\]]	complex;double
褕 褕 [01\[ yú\]]	loose garment
褘 袆 [01\[ huī\]]	a queen's ceremonial gowns
褙 褙 [01\[ bèi\]]	paper or cloth pasted together
褚 褚 [01\[ chǔ\]]	surname chu
褚人獲 褚人获 [01\[ chǔ rén huò\]]	chu renhuo (17th century)
褟 褟 [01\[ dá\]]	inner shirt or singlet
褡 褡 [01\[ dā\]]	cummerbund
褢 褢 [01\[ huái\]]	to carry in the bosom or the sleeve;to wrap
褥 褥 [01\[ rù\]]	mattress
褥子 褥子 [01\[ rù zi\]]	cotton-padded mattress
褥瘡 褥疮 [01\[ rù chuāng\]]	bedsore
褦 褦 [01\[ nài\]]	ignorant;sun hat
褧 褧 [01\[ jiǒng\]]	monotone garment with no lining
褪 褪 [01\[ tùn\]]	fade;take off (clothes)
褪色 褪色 [01\[ tùn sè\]]	fade
褫 褫 [01\[ chǐ\]]	strip;deprive of;to discharge;dismiss;undress
褯 褯 [01\[ jiè\]]	diaper
褰 褰 [01\[ qiān\]]	to lift (clothes
褱 褱 [01\[ huái\]]	to carry in the bosom or the sleeve;to wrap
褲 裤 [01\[ kù\]]	drawers;trousers;pants
褲子 裤子 [01\[ kù zi\]]	trousers;pants
褳 裢 [01\[ lián\]]	pouch hung from belt
褵 褵 [01\[ lí\]]	bride's veil or kerchief
褶 褶 [01\[ xí\]]	(arch.) court dress
褶 褶 [01\[ zhě\]]	pleat;crease
褶曲 褶曲 [01\[ zhě qū\]]	creasing;folding
褶皺 褶皱 [01\[ zhě zhòu\]]	crease;folding;geological fold
褶皺山系 褶皱山系 [01\[ zhě zhòu shān xì\]]	fold mountain system (geol.)
褶皺山系火地島 褶皱山系火地岛 [01\[ zhě zhòu shān xì huǒ dì dǎo\]]	tierra del fuego
褶皺山脈 褶皱山脉 [01\[ zhě zhòu shān mài\]]	fold mountain range (geol.)
褸 褛 [01\[ lǚ\]]	soiled;tattered
褻 亵 [01\[ xiè\]]	licentious
褻瀆 亵渎 [01\[ xiè dú\]]	to blaspheme
褻瀆的話 亵渎的话 [01\[ xiè dú de huà\]]	blasphemy
褻瀆神明 亵渎神明 [01\[ xiè dú shén míng\]]	sacrilege
褽 褽 [01\[ wèi\]]	collar
襁 襁 [01\[ qiǎng\]]	cloth for carrying baby on back
襃 襃 [01\[ bāo\]]	to commend;to honor;to cite;variant of 褒
襄 襄 [01\[ xiāng\]]	assist
襄垣 襄垣 [01\[ xiāng yuán\]]	(n) xiangyuan (place in shanxi)
襄城 襄城 [01\[ xiāng chéng\]]	(n) xiangcheng (place in henan)
襄樊 襄樊 [01\[ xiāng fán\]]	xiangfan prefecture level city in hubei
襄樊市 襄樊市 [01\[ xiāng fán shì\]]	xiangfan prefecture level city in hubei
襄汾 襄汾 [01\[ xiāng fén\]]	(n) xiangfen (place in shanxi)
襄陽 襄阳 [01\[ xiāng yáng\]]	(n) xiangyang (place in hubei)
襄陽地區 襄阳地区 [01\[ xiāng yáng dì qū\]]	(n) xiangyang district (district in hubei)
襆 襆 [01\[ pú\]]	hemless skirt;hood;turban
襇 裥 [01\[ jiǎn\]]	folds
襉 襉 [01\[ jiǎn\]]	variant of 襇|裥
襋 襋 [01\[ jí\]]	coat collar
襌 襌 [01\[ dān\]]	garment without a lining
襏 襏 [01\[ bó\]]	raincoat
襖 袄 [01\[ ǎo\]]	coat;jacket;short and lined coat or robe
襚 襚 [01\[ suì\]]	grave-clothes
襛 襛 [01\[ nóng\]]	bright light;warm dress
襜 襜 [01\[ chān\]]	the front of clothes
襞 襞 [01\[ bì\]]	creases;folds or pleats in a garment
襟 襟 [01\[ jīn\]]	lapel;overlap of chinese gown;fig. bosom (the seat of emotions);to cherish (ambition
襟兄 襟兄 [01\[ jīn xiōng\]]	husband of wife's older sister
襟度 襟度 [01\[ jīn dù\]]	broad-minded;magnanimous
襟弟 襟弟 [01\[ jīn dì\]]	husband of wife's younger sister
襟懷 襟怀 [01\[ jīn huái\]]	bosom (the seat of emotions);one's mind
襟懷坦白 襟怀坦白 [01\[ jīn huái tǎn bái\]]	open hearted;unselfish;magnanimous;broad-minded
襟懷夷曠 襟怀夷旷 [01\[ jīn huái yí kuàng\]]	broad-minded
襟抱 襟抱 [01\[ jīn bào\]]	ambition;an aspiration
襟素 襟素 [01\[ jīn sù\]]	one's true heart
襠 裆 [01\[ dāng\]]	crotch;seat of a pair of trousers
襡 襡 [01\[ shú\]]	short skirt or tunic
襢 襢 [01\[ tǎn\]]	to bare
襤 褴 [01\[ lán\]]	ragged garments
襦 襦 [01\[ rú\]]	jacket;short coat
襪 袜 [01\[ wà\]]	socks;stockings
襪子 袜子 [01\[ wà zi\]]	socks;stockings
襪帶 袜带 [01\[ wà dài\]]	garter
襫 襫 [01\[ shì\]]	raincoat
襬 襬 [01\[ bǎi\]]	hem at the bottom of garment
襭 襭 [01\[ xié\]]	carry with the front of a robe
襮 襮 [01\[ bó\]]	embroidered collar;expose
襯 衬 [01\[ chèn\]]	give alms;underwear;to line;lining;contrast;assist
襯墊 衬垫 [01\[ chèn diàn\]]	pad
襯托 衬托 [01\[ chèn tuō\]]	to set off
襯衣 衬衣 [01\[ chèn yī\]]	shirt
襯衫 衬衫 [01\[ chèn shān\]]	shirt;blouse
襯裙 衬裙 [01\[ chèn qún\]]	petticoat
襯裡 衬里 [01\[ chèn lǐ\]]	lining
襲 袭 [01\[ xí\]]	to attack;to inherit;classifier for suits (esp. of funeral robes)
襲擊 袭击 [01\[ xí jī\]]	an attack (esp. surprise attack);raid;to attack
襲擊者 袭击者 [01\[ xí jī zhě\]]	attacker
襴 襴 [01\[ lán\]]	gown or robe
襶 襶 [01\[ dài\]]	untidy (in dress)
襻 襻 [01\[ pàn\]]	a loop;a belt or band
襼 襼 [01\[ yì\]]	sleeve of dress
襾 襾 [01\[ yà\]]	cover;radical no 146
西 西 [01\[ xī\]]	west;the west;spain (abbr.);spanish
西三條 西三条 [01\[ xī sān tiáo\]]	xisantiao (beijing placename)
西乃 西乃 [01\[ xī nǎi\]]	sinai
西乃山 西乃山 [01\[ xī nǎi shān\]]	mount sinai
西亞 西亚 [01\[ xī yà\]]	southwest asia
西伯利亞 西伯利亚 [01\[ xī bó lì yà\]]	siberia
西元 西元 [01\[ xī yuán\]]	christian era;gregorian calendar;ad (anno domini);same as 公元
西元前 西元前 [01\[ xī yuán qián\]]	before the common era;bc
西充 西充 [01\[ xī chōng\]]	(n) xichong (place in sichuan)
西北 西北 [01\[ xī běi\]]	northwest
西北工業大學 西北工业大学 [01\[ xī běi gōng yè dà xué\]]	northwestern polytechnical university
西北方 西北方 [01\[ xī běi fāng\]]	northwest;northwestern
西北航空公司 西北航空公司 [01\[ xī běi háng kōng gōng sī\]]	northwest airlines
西北部 西北部 [01\[ xī běi bù\]]	northwest part
西區 西区 [01\[ xī qū\]]	(n) hsi (area in taiwan)
西半球 西半球 [01\[ xī bàn qiú\]]	western hemisphere
西南 西南 [01\[ xī nán\]]	southwest
西南中沙群島 西南中沙群岛 [01\[ xī nán zhōng shā qún dǎo\]]	(n) xinan zhongsha islands (by hainan)
西南亞 西南亚 [01\[ xī nán yà\]]	southwest asia
西南交通大學 西南交通大学 [01\[ xī nán jiāo tōng dà xué\]]	southwest jiaotong university
西南部 西南部 [01\[ xī nán bù\]]	the southwest
西印度 西印度 [01\[ xī yìn dù\]]	west indies (i.e. the caribbean)
西吉 西吉 [01\[ xī jí\]]	(n) xiji (place in ningxia)
西周 西周 [01\[ xī zhōu\]]	western zhou (1027-771 bc)
西和 西和 [01\[ xī hé\]]	(n) xihe (place in gansu)
西哈努克 西哈努克 [01\[ xī hā nǔ kè\]]	(king) sihanouk (of cambodia)
西單 西单 [01\[ xī dān\]]	xidan neighborhood of central beijing
西單圖書大廈 西单图书大厦 [01\[ xī dān tú shū dà shà\]]	xidan book center
西城區 西城区 [01\[ xī chéng qū\]]	xicheng county level district of beijing municipality
西域 西域 [01\[ xī yù\]]	(trad.) western regions (in han
西域記 西域记 [01\[ xī yù jì\]]	report of the regions west of great tang;travel record of xuan zang 玄奘 on his travels to central asia and india
西塔 西塔 [01\[ xī tǎ\]]	theta (greek letter θθ)
西塞羅 西塞罗 [01\[ xī sāi luó\]]	marcus tullius cicero (106-43 bc)
西夏 西夏 [01\[ xī xià\]]	western xia
西天 西天 [01\[ xī tiān\]]	the western paradise (buddh.)
西太平洋 西太平洋 [01\[ xī tài píng yáng\]]	the western pacific
西奇 西奇 [01\[ xī qí\]]	sygyt (overtone singing)
西奈 西奈 [01\[ xī nài\]]	sinai peninsula
西奈半島 西奈半岛 [01\[ xī nài bàn dǎo\]]	sinai peninsula
西孟加拉邦 西孟加拉邦 [01\[ xī mèng jiā lā bāng\]]	west bengal
西學 西学 [01\[ xī xué\]]	western learning (intellectual movement in the late qing);also called 洋務運動|洋务运动
西安 西安 [01\[ xī ān\]]	xī'ān prefecture level city and capital of shǎnxī province 陝西省|陕西省 in central north china;also xi'an district of liaoyuan city 遼源市|辽源市
西安事變 西安事变 [01\[ xī ān shì biàn\]]	xi'an incident of 12th december 1936 (kidnap of chiang kai-shek 蔣介石|蒋介石)
西安區 西安区 [01\[ xī ān qū\]]	xi'an district of liaoyuan city 遼源市|辽源市
西安市 西安市 [01\[ xī ān shì\]]	xī'ān prefecture level city and capital of shǎnxī province 陝西省|陕西省 in central north china
西寧 西宁 [01\[ xī níng\]]	xining prefecture level city and capital of qinghai province in west china
西寧市 西宁市 [01\[ xī níng shì\]]	xining prefecture level city and capital of qinghai province in west china
西屯區 西屯区 [01\[ xī tún qū\]]	(n) hsitun (area in taiwan)
西山區 西山区 [01\[ xī shān qū\]]	(n) xishan (area in yunnan)
西岸 西岸 [01\[ xī àn\]]	the west bank;west bank of jordan river
西峰 西峰 [01\[ xī fēng\]]	(n) xifeng (city in gansu)
西峽 西峡 [01\[ xī xiá\]]	(n) xixia (place in henan)
西嶼鄉 西屿乡 [01\[ xī yǔ xiāng\]]	(n) hsiyu (village in taiwan)
西嶽 西岳 [01\[ xī yuè\]]	mt hua 華山|华山 in shaanxi
西市區 西市区 [01\[ xī shì qū\]]	west city district;xishi district of yingkou city 營口市|营口市
西平 西平 [01\[ xī píng\]]	(n) xiping (place in henan)
西廂記 西厢记 [01\[ xī xiāng jì\]]	romance of the west chamber by wang shifu 王實甫|王实甫
西式 西式 [01\[ xī shì\]]	western style
西弗 西弗 [01\[ xī fú\]]	sievert (sv)
西弗吉尼亞 西弗吉尼亚 [01\[ xī fú jí ní yà\]]	west virginia
西弗吉尼亞州 西弗吉尼亚州 [01\[ xī fú jí ní yà zhōu\]]	west virginia
西征 西征 [01\[ xī zhēng\]]	punitive expedition to the west
西德 西德 [01\[ xī dé\]]	west germany;german federal republic
西戎 西戎 [01\[ xī róng\]]	xionites (central asian nomads)
西拉雅族 西拉雅族 [01\[ xī lā yǎ zú\]]	siraya
西撒哈拉 西撒哈拉 [01\[ xī sā hā lā\]]	western sahara
西文 西文 [01\[ xī wén\]]	spanish;western language;foreign languages (in qing times)
西斯塔尼 西斯塔尼 [01\[ xī sī tǎ ní\]]	sistani (name of a prominent iraqi ayatollah)
西方 西方 [01\[ xī fāng\]]	the west;the occident;western countries
西方人 西方人 [01\[ xī fāng rén\]]	a westerner
西方文化 西方文化 [01\[ xī fāng wén huà\]]	western culture
西方極樂世界 西方极乐世界 [01\[ xī fāng jí lè shì jiè\]]	western pure land of ultimate bliss or sukhavati (sanskrit)
西方馬腦炎病毒 西方马脑炎病毒 [01\[ xī fāng mǎ nǎo yán bìng dú\]]	western equine encephalitis (wee) virus
西施 西施 [01\[ xī shī\]]	xi shi (c. 450 bc)
西昌 西昌 [01\[ xī chāng\]]	xichang (cosmodrome in south-west china)
西晉 西晋 [01\[ xī jìn\]]	the western jin dynasty (265-316)
西服 西服 [01\[ xī fú\]]	suit;western-style clothes (historical usage)
西林 西林 [01\[ xī lín\]]	(n) xilin (place in guangxi)
西格瑪 西格玛 [01\[ xī gé mǎ\]]	sigma (greek letter σσ);(symbol for standard deviation in statistics)
西格蒙德 西格蒙德 [01\[ xī gé mēng dé\]]	sigmund (name)
西格馬 西格马 [01\[ xī gé mǎ\]]	sigma (greek letter σσ)
西樓夢 西楼梦 [01\[ xī lóu mèng\]]	qing dynasty novel the western chamber by yuan yuling 袁于令;same as 西樓記|西楼记
西樓記 西楼记 [01\[ xī lóu jì\]]	qing dynasty novel the western chamber by yuan yuling 袁于令;same as 西樓夢|西楼梦
西歐 西欧 [01\[ xī ōu\]]	western europe
西江 西江 [01\[ xī jiāng\]]	xijiang river
西沙群島 西沙群岛 [01\[ xī shā qún dǎo\]]	paracel islands
西洋 西洋 [01\[ xī yáng\]]	the west;europe;the pacific (west from china)
西洋人 西洋人 [01\[ xī yáng rén\]]	westerner
西洋杉 西洋杉 [01\[ xī yáng shān\]]	cedar
西洋棋 西洋棋 [01\[ xī yáng qí\]]	chess
西洛賽賓 西洛赛宾 [01\[ xī luò sài bīn\]]	psilocybin
西涼 西涼 [01\[ xī liáng\]]	western liang of the sixteen kingdoms (400-421)
西港鄉 西港乡 [01\[ xī gǎng xiāng\]]	(n) hsikang (village in taiwan)
西湖 西湖 [01\[ xī hú\]]	xihu or west lake (place name);west lake in hangzhou 杭州
西湖區 西湖区 [01\[ xī hú qū\]]	west lake district (place name);xihu district of nanchang city 南昌市
西湖鄉 西湖乡 [01\[ xī hú xiāng\]]	(n) hsihu (village in taiwan)
西漢 西汉 [01\[ xī hàn\]]	western han or former dynasty (206 bc-8 ad)
西澳大利亞 西澳大利亚 [01\[ xī ào dà lì yà\]]	western australia (state of australia)
西澳大利亞州 西澳大利亚州 [01\[ xī ào dà lì yà zhōu\]]	western australia
西烏珠穆沁旗 西乌珠穆沁旗 [01\[ xī wū zhū mù qìn qí\]]	(n) xiwuzhumuqin qi (place in inner mongolia)
西王母 西王母 [01\[ xī wáng mǔ\]]	xi wangmu
西班牙 西班牙 [01\[ xī bān yá\]]	spain
西班牙文 西班牙文 [01\[ xī bān yá wén\]]	spanish (language)
西班牙港 西班牙港 [01\[ xī bān yá gǎng\]]	port-of-spain (capital of trinidad and tobago)
西班牙語 西班牙语 [01\[ xī bān yá yǔ\]]	spanish language
西瓜 西瓜 [01\[ xī guā\]]	watermelon
西番蓮 西番莲 [01\[ xī fān lián\]]	passion flower
西番雅書 西番雅书 [01\[ xī fān yǎ shū\]]	book of zephaniah
西疇 西畴 [01\[ xī chóu\]]	(n) xichou (place in yunnan)
西盟佤族自治縣 西盟佤族自治县 [01\[ xī méng wǎ zú zì zhì xiàn\]]	ximeng wazu autonomous county in yunnan
西直門 西直门 [01\[ xī zhí mén\]]	xizhimen neighborhood of beijing;xizhimen
西秦 西秦 [01\[ xī qín\]]	western qin of the sixteen kingdoms (385-431)
西端 西端 [01\[ xī duān\]]	western extremity
西米 西米 [01\[ xī mǐ\]]	sago
西紅柿 西红柿 [01\[ xī hóng shì\]]	tomato
西紅柿炒蛋 西红柿炒蛋 [01\[ xī hóng shì chǎo dàn\]]	scrambled egg with fresh tomatoes (south china);same as 番茄炒蛋|番茄炒蛋
西經 西经 [01\[ xī jīng\]]	longitude west
西花廳 西花厅 [01\[ xī huā tīng\]]	xihuating pavilion on west side on zhongnanhai
西芹 西芹 [01\[ xī qín\]]	parsley
西華 西华 [01\[ xī huá\]]	(n) xihua (place in henan)
西葫蘆 西葫芦 [01\[ xī hú lú\]]	vegetable marrow
西薩摩亞 西萨摩亚 [01\[ xī sà mó yà\]]	western samoa
西藏 西藏 [01\[ xī zàng\]]	tibet;xizang autonomous region
西藏毛腿沙雞 西藏毛腿沙鸡 [01\[ xī zàng máo tuǐ shā jī\]]	tibetan sandgrouse (syrrhaptes tibetanus)
西藏自治區 西藏自治区 [01\[ xī zàng zì zhì qū\]]	tibetan autonomous region
西藝 西艺 [01\[ xī yì\]]	western skills;in qing times
西蘭花 西兰花 [01\[ xī lán huā\]]	broccoli
西螺鎮 西螺镇 [01\[ xī luó zhèn\]]	(n) hsilo (town in taiwan)
西裝 西装 [01\[ xī zhuāng\]]	(western-style) clothes
西裝革履 西装革履 [01\[ xī zhuāng gé lǚ\]]	got up in western dress;impeccably attired
西裡爾 西里尔 [01\[ xī lǐ ěr\]]	cyrillic
西裡爾字母 西里尔字母 [01\[ xī lǐ ěr zì mǔ\]]	cyrillic alphabet;cyrillic letters
西西裡島 西西里岛 [01\[ xī xī lǐ dǎo\]]	sicily
西西里 西西里 [01\[ xī xī lǐ\]]	sicily;sicilia (italian island)
西豐 西丰 [01\[ xī fēng\]]	xifeng county in tieling 鐵嶺|铁岭
西豐縣 西丰县 [01\[ xī fēng xiàn\]]	xifeng county in tieling 鐵嶺|铁岭
西遊補 西游补 [01\[ xī yóu bǔ\]]	one of three ming dynasty sequels to journey to the west 西遊記|西游记
西遊記 西游记 [01\[ xī yóu jì\]]	journey to the west
西遼 西辽 [01\[ xī liáo\]]	western liao
西邊 西边 [01\[ xī biān\]]	west;west side;western part;to the west of
西邊兒 西边儿 [01\[ xī biān 5r\]]	erhua variant of 西邊|西边
西部 西部 [01\[ xī bù\]]	western part
西鄉 西乡 [01\[ xī xiāng\]]	(n) xixiang (place in shaanxi)
西醫 西医 [01\[ xī yī\]]	western medicine;a doctor trained in western medicine
西里西亞 西里西亚 [01\[ xī lǐ xī yà\]]	silesia
西門子 西门子 [01\[ xī mén zǐ\]]	siemens (company name)
西門子公司 西门子公司 [01\[ xī mén zǐ gōng sī\]]	siemens ag
西限 西限 [01\[ xī xiàn\]]	the western boundary
西陲 西陲 [01\[ xī chuí\]]	western frontier
西雅圖 西雅图 [01\[ xī yǎ tú\]]	seattle
西雙版納 西双版纳 [01\[ xī shuāng bǎn nà\]]	xishuangbanna
西雙版納傣族自治州 西双版纳傣族自治州 [01\[ xī shuāng bǎn nà dǎi zú zì zhì zhōu\]]	xishuangbanna
西非 西非 [01\[ xī fēi\]]	west africa
西面 西面 [01\[ xī miàn\]]	west side;west
西頓 西顿 [01\[ xī dùn\]]	sidon (lebanon)
西風 西风 [01\[ xī fēng\]]	west wind
西餐 西餐 [01\[ xī cān\]]	western-style food
西魏 西魏 [01\[ xī wèi\]]	western wei of the northern dynasties (535-557)
西麓 西麓 [01\[ xī lù\]]	the western foothills (of a mountain)
西點 西点 [01\[ xī diǎn\]]	west point
要 要 [01\[ yāo\]]	demand;ask;request;coerce
要 要 [01\[ yào\]]	important;vital;to want;to be going to;must
要不 要不 [01\[ yào bù\]]	otherwise;or;or else
要不得 要不得 [01\[ yào bu de\]]	intolerable;unacceptable
要不是 要不是 [01\[ yào bu shì\]]	if it were not for;but for
要不然 要不然 [01\[ yào bù rán\]]	otherwise;or else;or
要之 要之 [01\[ yào zhī\]]	in brief;in a word
要事 要事 [01\[ yào shì\]]	important matter
要人 要人 [01\[ yào rén\]]	important person
要件 要件 [01\[ yào jiàn\]]	key document;important condition
要價 要价 [01\[ yào jià\]]	to ask a price;by extension
要務 要务 [01\[ yào wù\]]	key task;important affair
要命 要命 [01\[ yào mìng\]]	to cause sb's death;very;extremely;frightening;annoying
要員 要员 [01\[ yào yuán\]]	key participant;vip
要圖 要图 [01\[ yào tú\]]	main plan;important program
要地 要地 [01\[ yào dì\]]	strategic location
要塞 要塞 [01\[ yào sài\]]	stronghold
要好 要好 [01\[ yào hǎo\]]	be on good terms;be close friends
要子 要子 [01\[ yào zi\]]	straw rope
要害 要害 [01\[ yào hài\]]	crucial;key point
要強 要强 [01\[ yào qiáng\]]	eager to excel;wishing to outdo others
要徑 要径 [01\[ yào jìng\]]	important path
要得 要得 [01\[ yào dé\]]	good;fine
要挾 要挟 [01\[ yāo xié\]]	to threaten
要擊 要击 [01\[ yāo jī\]]	to intercept;to ambush
要旨 要旨 [01\[ yào zhǐ\]]	the gist (of a text or argument);the main points
要是 要是 [01\[ yào shi\]]	if
要有 要有 [01\[ yào yǒu\]]	to need;to require;must have
要樞 要枢 [01\[ yào shū\]]	important traffic hub;key crossroad
要樣兒 要样儿 [01\[ yào yàng 5r\]]	appearance;manner
要死 要死 [01\[ yào sǐ\]]	extremely important;deadly urgent;matter of life and death
要死不活 要死不活 [01\[ yào sǐ bù huó\]]	half dead;more dead than alive
要死要活 要死要活 [01\[ yào sǐ yào huó\]]	desperate;matter of life or death
要求 要求 [01\[ yāo qiú\]]	request;require;stake a claim (to something);to ask;to demand
要沖 要冲 [01\[ yào chōng\]]	road hub;major crossroad
要津 要津 [01\[ yào jīn\]]	key post
要犯 要犯 [01\[ yào fàn\]]	major criminal
要略 要略 [01\[ yào lüè\]]	roughly;outline;summary
要目 要目 [01\[ yào mù\]]	important substance (of a document);key section
要看 要看 [01\[ yào kàn\]]	it depends on...
要端 要端 [01\[ yào duān\]]	the main points
要素 要素 [01\[ yào sù\]]	essential factor;key constituent
要緊 要紧 [01\[ yào jǐn\]]	important;urgent
要義 要义 [01\[ yào yì\]]	the essentials
要聞 要闻 [01\[ yào wén\]]	important news story;headline
要職 要职 [01\[ yào zhí\]]	key job;important position
要臉 要脸 [01\[ yào liǎn\]]	to save sb's face
要花 要花 [01\[ yào huā\]]	cost; raise (price); bring (a price)
要言不煩 要言不烦 [01\[ yào yán bù fán\]]	to explain in simple terms;succinct;concise
要訣 要诀 [01\[ yào jué\]]	the key trick;the secret of success
要謊 要谎 [01\[ yào huǎng\]]	to ask an enormous price (as first negotiating step)
要路 要路 [01\[ yào lù\]]	important road;main thoroughfare;fig. key position
要道 要道 [01\[ yào dào\]]	major road;thoroughfare;main road
要錢 要钱 [01\[ yào qián\]]	to charge;to demand payment
要隘 要隘 [01\[ yào ài\]]	strategic pass
要面子 要面子 [01\[ yào miàn zi\]]	to save one's face;to stay on one's dignity
要領 要领 [01\[ yào lǐng\]]	main aspects;essentials;gist
要飯 要饭 [01\[ yào fàn\]]	to beg (for food or money)
要麼 要么 [01\[ yào me\]]	or;either one or the other
要點 要点 [01\[ yào diǎn\]]	main point;essential
覂 覂 [01\[ fěng\]]	to throw a rider
覃 覃 [01\[ tán\]]	deep;surname tan
覆 覆 [01\[ fù\]]	to cover;to overflow;to reply to a letter;to overturn;to capsize
覆亡 覆亡 [01\[ fù wáng\]]	fall (of an empire)
覆沒 覆没 [01\[ fù mò\]]	annihilated;capsized
覆滅 覆灭 [01\[ fù miè\]]	destruction
覆膜 覆膜 [01\[ fù mó\]]	membrane covering sth;coating
覆蓋 覆盖 [01\[ fù gài\]]	to cover
覆蓋面 覆盖面 [01\[ fù gài miàn\]]	coverage
覆轍 覆辙 [01\[ fù zhé\]]	disastrous policy
覆述 覆述 [01\[ fù shù\]]	to state again
覇 覇 [01\[ bà\]]	japanese variant of 霸;hegemon
覈 核 [01\[ hé\]]	to investigate thoroughly
覈准 核准 [01\[ hé zhǔn\]]	to authorise;to investigate then ratify
覈定 核定 [01\[ hé dìng\]]	to audit and determine;to check and ratify;to appraise and decide;determination;on a deemed basis (taxation);to deem
覈實 核实 [01\[ hé shí\]]	to verify;to check
覈對 核对 [01\[ hé duì\]]	to check (figures);to audit
覈查 核查 [01\[ hé chá\]]	examine;inspect
覈算 核算 [01\[ hé suàn\]]	an audit;a valuation
覈銷 核销 [01\[ hé xiāo\]]	to audit and write off
見 见 [01\[ jiàn\]]	to see;to meet;to appear (to be sth);to interview
見 见 [01\[ xiàn\]]	appear
見不得 见不得 [01\[ jiàn bu dé\]]	may not be seen by or exposed to
見到 见到 [01\[ jiàn dào\]]	to see
見報 见报 [01\[ jiàn bào\]]	to appear in the news;in the papers
見微知著 见微知著 [01\[ jiàn wēi zhī zhù\]]	one tiny clue reveals the general trend (成语 saw); small beginnings show how things will develop
見怪 见怪 [01\[ jiàn guài\]]	to blame (often oneself);to take to task
見怪不怪 见怪不怪 [01\[ jiàn guài bù guài\]]	to face dangers calmly;with no fears of the unknown;ghost and goblins hold no fears for me
見愛 见爱 [01\[ jiàn ài\]]	loved;respected (honorific)
見效 见效 [01\[ jiàn xiào\]]	to have the desired effect
見方 见方 [01\[ jiàn fāng\]]	a (10 meter) square;a square of given side
見縫就鑽 见缝就钻 [01\[ jiàn fèng jiù zuān\]]	lit. to see a gap and drill (成语 saw); fig. to make the most of every opportunity
見縫插針 见缝插针 [01\[ jiàn fèng chā zhēn\]]	lit. to see a gap and stick in a needle (成语 saw); fig. to make use of every second and every inch
見義勇爲 见义勇为 [01\[ jiàn yì yǒng wéi\]]	to see what is right and act courageously (成语 saw
見聞 见闻 [01\[ jiàn wén\]]	what one sees and hears;knowledge;information
見背 见背 [01\[ jiàn bēi\]]	to pass away (lit.
見解 见解 [01\[ jiàn jiě\]]	opinion;view;understanding
見訪 见访 [01\[ jiàn fǎng\]]	your visit (honorific);you honor me with your visit
見證 见证 [01\[ jiàn zhèng\]]	witness;testimony
見證人 见证人 [01\[ jiàn zhèng rén\]]	witness
見識 见识 [01\[ jiàn shi\]]	knowledge and experience;to increase one's knowledge
見識淺 见识浅 [01\[ jiàn shi qiǎn\]]	short-sighted
見財起意 见财起意 [01\[ jiàn cái qǐ yì\]]	seeing riches provokes evil designs
見賢思齊 见贤思齐 [01\[ jiàn xián sī qí\]]	see a worthy
見過 见过 [01\[ jiàn guò\]]	have seen
見長 见长 [01\[ jiàn cháng\]]	to be good at sth;one's forte
見面 见面 [01\[ jiàn miàn\]]	to meet;to see sb
見風使帆 见风使帆 [01\[ jiàn fēng shǐ fān\]]	lit. see the wind and set your sails (成语 saw); fig. to act pragmatically;to be flexible and take advantage of the situation
見風使舵 见风使舵 [01\[ jiàn fēng shǐ duò\]]	lit. see the wind and set the helm (成语 saw); fig. to act pragmatically;to be flexible and take advantage of the situation
見風是雨 见风是雨 [01\[ jiàn fēng shì yǔ\]]	lit. see the wind and assume it will rain (成语 saw); fig. gullible;to believe whatever people suggest
見馬克思 见马克思 [01\[ jiàn mǎ kè sī\]]	to die;lit. to visit marx;to pass away
見鬼 见鬼 [01\[ jiàn guǐ\]]	curse it!;to hell with it!
規 规 [01\[ guī\]]	compass;a rule;regulation;to admonish;to plan;to scheme
規例 规例 [01\[ guī lì\]]	regulations
規則 规则 [01\[ guī zé\]]	rule;regulation;rules and regulations
規則化 规则化 [01\[ guī zé huà\]]	regularity
規則性 规则性 [01\[ guī zé xìng\]]	regularity
規則性效應 规则性效应 [01\[ guī zé xìng xiào yìng\]]	regularity effect
規劃 规划 [01\[ guī huà\]]	plan;program
規劃人員 规划人员 [01\[ guī huà rén yuán\]]	planner
規劃局 规划局 [01\[ guī huà jú\]]	planning department
規勸 规劝 [01\[ guī quàn\]]	to advise
規定 规定 [01\[ guī dìng\]]	provision;to fix;to set;to formulate;to stipulate;to provide;regulation;rule
規定價格 规定价格 [01\[ guī dìng jià gé\]]	to fix the price
規律 规律 [01\[ guī lǜ\]]	rule (e.g. of science);law of behavior;regular pattern;rhythm;discipline
規律性 规律性 [01\[ guī lǜ xìng\]]	regular
規格 规格 [01\[ guī gé\]]	standard;norm;specification
規條 规条 [01\[ guī tiáo\]]	regulations
規模 规模 [01\[ guī mó\]]	scale;scope;extent
規率 规率 [01\[ guī lǜ\]]	law;pattern
規矩 规矩 [01\[ guī ju\]]	rules;customs;practices;well-behaved
規程 规程 [01\[ guī chéng\]]	rules;regulations
規章 规章 [01\[ guī zhāng\]]	rule;regulation
規管 规管 [01\[ guī guǎn\]]	to regulate
規範 规范 [01\[ guī fàn\]]	norm;standard;specification;regulation;rule;within the rules;to fix rules;to regulate;to specify
規範化 规范化 [01\[ guī fàn huà\]]	to standardize;standardization
規範理論 规范理论 [01\[ guī fàn lǐ lùn\]]	standard model (of particle physics)
規約 规约 [01\[ guī yuē\]]	terms (of an agreement)
規避 规避 [01\[ guī bì\]]	to evade;to dodge
覓 觅 [01\[ mì\]]	seek
覓取 觅取 [01\[ mì qǔ\]]	to seek;to seek out
覓句 觅句 [01\[ mì jù\]]	to search for the right word (of poet)
覓食 觅食 [01\[ mì shí\]]	to forage;to hunt for food;to scavenge;fig. to make a living
覓食行為 觅食行为 [01\[ mì shí xíng wéi\]]	foraging
視 视 [01\[ shì\]]	to look at;to regard;to inspect
視力 视力 [01\[ shì lì\]]	vision;eyesight
視力測定法 视力测定法 [01\[ shì lì cè dìng fǎ\]]	optometry;eyesight testing
視力表 视力表 [01\[ shì lì biǎo\]]	eye chart (used by optician)
視區 视区 [01\[ shì qū\]]	field of view
視同 视同 [01\[ shì tóng\]]	to regard the same as;to regard as being the same as
視圖 视图 [01\[ shì tú\]]	view
視如土芥 视如土芥 [01\[ shì rú tǔ jiè\]]	to regard as useless;to view as no better than weeds
視如寇仇 视如寇仇 [01\[ shì rú kòu chóu\]]	to regard as an enemy
視如敝屣 视如敝屣 [01\[ shì rú bì xǐ\]]	to regard like a pair of worn-out shoes;to look on sth as worthless
視如糞土 视如粪土 [01\[ shì rú fèn tǔ\]]	to look upon as dirt; to be considered worthless
視察 视察 [01\[ shì chá\]]	to inspect;an investigation
視差 视差 [01\[ shì chā\]]	parallax
視微知着 视微知著 [01\[ shì wēi zhī zhuó\]]	one tiny clue reveals the general trend (成语 saw); small beginnings show how things will develop
視損傷 视损伤 [01\[ shì sǔn shāng\]]	visual impairment
視為 视为 [01\[ shì wéi\]]	to view sth as;to see as;to consider sth to be;to deem
視為知己 视为知己 [01\[ shì wéi zhī jǐ\]]	to consider sb as close friend (成语 saw); to take into one's confidence
視界 视界 [01\[ shì jiè\]]	field of vision
視盲 视盲 [01\[ shì máng\]]	blindness
視神經 视神经 [01\[ shì shén jīng\]]	optic nerve
視神經乳頭 视神经乳头 [01\[ shì shén jīng rǔ tóu\]]	optic disk (terminal of the optic nerve on the retina)
視神經盤 视神经盘 [01\[ shì shén jīng pán\]]	optic disk (terminal of the optic nerve on the retina)
視空間系統 视空间系统 [01\[ shì kōng jiān xì tǒng\]]	visuo-spatial sketchpad
視窗 视窗 [01\[ shì chuāng\]]	a window (on a computer screen);windows (the microsoft operating system)
視窗加速器 视窗加速器 [01\[ shì chuāng jiā sù qì\]]	windows accelerator
視窗基準 视窗基准 [01\[ shì chuāng jī zhǔn\]]	windows based
視窗新技 视窗新技 [01\[ shì chuāng xīn jì\]]	windows nt
視網膜 视网膜 [01\[ shì wǎng mó\]]	retina
視線 视线 [01\[ shì xiàn\]]	line of sight
視而不見 视而不见 [01\[ shì ér bù jiàn\]]	to turn a blind eye to;to ignore
視若路人 视若路人 [01\[ shì ruò lù rén\]]	to view as strangers
視覺 视觉 [01\[ shì jué\]]	sight;visual
視覺加工技巧 视觉加工技巧 [01\[ shì jué jiā gōng jì qiǎo\]]	visual processing skill
視角 视角 [01\[ shì jiǎo\]]	viewpoint;angle on sth;opinion
視距 视距 [01\[ shì jù\]]	visible range
視野 视野 [01\[ shì yě\]]	field of view;horizon
視頻 视频 [01\[ shì pín\]]	video
視頻節目 视频节目 [01\[ shì pín jié mù\]]	video program
視頻點播 视频点播 [01\[ shì pín diǎn bō\]]	video on demand
覗 覗 [01\[ sī\]]	peek
覘 觇 [01\[ zhān\]]	keep at;to spy
覚 覚 [01\[ jué\]]	japanese variant of 覺|觉
覜 覜 [01\[ tiào\]]	have an audience
覡 觋 [01\[ xí\]]	wizard
覦 觎 [01\[ yú\]]	passionately desire
覧 覧 [01\[ lǎn\]]	japanese variant of 覽|览
覩 睹 [01\[ dǔ\]]	to see;to observe;to witness;variant of 睹
親 亲 [01\[ qīn\]]	parent;one's own (flesh and blood);relative;related;marriage;bride;close;intimate;in person;first-hand;in favor of;pro-;to kiss
親 亲 [01\[ qìng\]]	parents-in-law of one's offspring
親事 亲事 [01\[ qīn shì\]]	marriage
親人 亲人 [01\[ qīn rén\]]	one's close relatives
親代 亲代 [01\[ qīn dài\]]	parent's generation;previous generation
親信 亲信 [01\[ qīn xìn\]]	trusted aide
親切 亲切 [01\[ qīn qiè\]]	amiable;friendliness;gracious;hospitality;intimate;cordial;kind;close and dear;familiar
親友 亲友 [01\[ qīn yǒu\]]	friends and relatives
親口 亲口 [01\[ qīn kǒu\]]	to say sth personally
親吻 亲吻 [01\[ qīn wěn\]]	kiss
親善 亲善 [01\[ qīn shàn\]]	goodwill
親嘴 亲嘴 [01\[ qīn zuǐ\]]	to kiss (as lovers)
親如手足 亲如手足 [01\[ qīn rú shǒu zú\]]	as close as brothers (成语 saw); deep friendship
親子 亲子 [01\[ qīn zǐ\]]	parent and child;parent-child (relationship);two successive generations
親子鑒定 亲子鉴定 [01\[ qīn zǐ jiàn dìng\]]	paternity testing
親家 亲家 [01\[ qìng jia\]]	parents of one's daughter-in-law or son-in-law;relatives by marriage
親密 亲密 [01\[ qīn mì\]]	intimate;close
親密無間 亲密无间 [01\[ qīn mì wú jiān\]]	close relation
親屬 亲属 [01\[ qīn shǔ\]]	kin;kindred
親征 亲征 [01\[ qīn zhēng\]]	to take to the field oneself (of emperor);to take part in person in an expedition
親情 亲情 [01\[ qīn qíng\]]	affection;family love;love
親愛 亲爱 [01\[ qīn ài\]]	dear or beloved (way of starting a letter)
親愛的 亲爱的 [01\[ qīn ài de\]]	dear
親愛的你 亲爱的你 [01\[ qīn ài de nǐ\]]	my dear;my darling
親戚 亲戚 [01\[ qīn qi\]]	a relative (i.e. family relation)
親手 亲手 [01\[ qīn shǒu\]]	personally;with one's own hands
親昵 亲昵 [01\[ qīn nì\]]	intimate
親朋好友 亲朋好友 [01\[ qīn péng hǎo yǒu\]]	friends and family;kith and kin
親歷 亲历 [01\[ qīn lì\]]	personal experience
親民黨 亲民党 [01\[ qīn mín dǎng\]]	people's first party
親水性 亲水性 [01\[ qīn shuǐ xìng\]]	water soluble
親熱 亲热 [01\[ qīn rè\]]	affectionate;intimate;warm-hearted
親王 亲王 [01\[ qīn wáng\]]	prince
親生 亲生 [01\[ qīn shēng\]]	born to oneself (i.e. one's natural child);having born oneself (i.e. one's natural parent)
親生子女 亲生子女 [01\[ qīn shēng zǐ nǚ\]]	natural child
親疏 亲疏 [01\[ qīn shū\]]	close and distant (relatives)
親疏貴賤 亲疏贵贱 [01\[ qīn shū guì jiàn\]]	close and distant
親眷 亲眷 [01\[ qīn juàn\]]	relatives
親眼 亲眼 [01\[ qīn yǎn\]]	with one's own eyes;personally
親筆 亲笔 [01\[ qīn bǐ\]]	in one's own handwriting
親緣 亲缘 [01\[ qīn yuán\]]	affinity;family relationship;consanguinity
親耳 亲耳 [01\[ qīn ěr\]]	with one's own ears
親自 亲自 [01\[ qīn zì\]]	personally
親親 亲亲 [01\[ qīn qīn\]]	to kiss;friendly
親身 亲身 [01\[ qīn shēn\]]	personal;oneself
親近 亲近 [01\[ qīn jìn\]]	get close to sb;get intimate
覬 觊 [01\[ jì\]]	covet;long for
覯 觏 [01\[ gòu\]]	complete;meet unexpectedly;see
覲 觐 [01\[ jìn\]]	(hist.) to have an audience with the emperor
覲見 觐见 [01\[ jìn jiàn\]]	to have an audience (with the emperor)
観 観 [01\[ guān\]]	japanese variant of 觀|观
覷 觑 [01\[ qù\]]	to spy;watch for
覺 觉 [01\[ jiào\]]	a nap;a sleep
覺 觉 [01\[ jué\]]	feel;find that;thinking;awake;aware
覺察 觉察 [01\[ jué chá\]]	to sense;to perceive;to come to realize
覺得 觉得 [01\[ jué de\]]	to think;to feel
覺悟 觉悟 [01\[ jué wù\]]	consciousness;awareness;buddhist enlightenment (sanskrit: cittotpāda)
覺醒 觉醒 [01\[ jué xǐng\]]	to awaken;to come to realize;awakened to the truth;the truth dawns upon one;scales fall from the eyes;to become aware
覽 览 [01\[ lǎn\]]	look over;to view
覿 觌 [01\[ dí\]]	face to face
觀 观 [01\[ guān\]]	to look at;to watch;to observe;to behold;concept;point of view
觀 观 [01\[ guàn\]]	taoist monastery
觀世音 观世音 [01\[ guān shì yīn\]]	guanyin
觀世音菩薩 观世音菩萨 [01\[ guān shì yīn pú sà\]]	guanyin
觀光 观光 [01\[ guān guāng\]]	to tour;sightseeing;tourism
觀光區 观光区 [01\[ guān guāng qū\]]	tourist region;sight-seeing area
觀光客 观光客 [01\[ guān guāng kè\]]	tourist
觀塘 观塘 [01\[ guàn táng\]]	kwun tong (place in hong kong)
觀客 观客 [01\[ guān kè\]]	audience
觀察 观察 [01\[ guān chá\]]	to observe;to watch;to survey;to examine;observation;view;perspective
觀察人士 观察人士 [01\[ guān chá rén shì\]]	observer
觀察力 观察力 [01\[ guān chá lì\]]	power of observation;perception
觀察員 观察员 [01\[ guān chá yuán\]]	observer
觀察哨 观察哨 [01\[ guān chá shào\]]	sentry post
觀察家 观察家 [01\[ guān chá jiā\]]	observer
觀察者 观察者 [01\[ guān chá zhe\]]	observer
觀念 观念 [01\[ guān niàn\]]	notion;thought
觀感 观感 [01\[ guān gǎn\]]	one's impressions;observations
觀摩 观摩 [01\[ guān mó\]]	to observe and emulate;to study (esp. following sb's example)
觀望 观望 [01\[ guān wàng\]]	to observe from outside;to have an overview;to oversee
觀止 观止 [01\[ guān zhǐ\]]	incomparably good
觀測 观测 [01\[ guān cè\]]	(scientific etc) observation;to observe
觀測者 观测者 [01\[ guān cè zhě\]]	observer
觀測衛星 观测卫星 [01\[ guān cè wèi xīng\]]	observation satellite
觀火 观火 [01\[ guān huǒ\]]	penetrating (vision)
觀看 观看 [01\[ guān kàn\]]	to watch;to view
觀眾 观众 [01\[ guān zhòng\]]	spectator;audience
觀瞻 观瞻 [01\[ guān zhān\]]	appearance;view;abiding impression
觀禮 观礼 [01\[ guān lǐ\]]	to attend a ritual
觀覽 观览 [01\[ guān lǎn\]]	to view;to look at;to look sth over
觀象臺 观象台 [01\[ guān xiàng tái\]]	observatory;observation platform
觀賞 观赏 [01\[ guān shǎng\]]	to see and enjoy;to admire the view
觀釁伺隙 观衅伺隙 [01\[ guān xìn sì xì\]]	lit. to look for holes
觀音 观音 [01\[ guān yīn\]]	guanyin
觀音菩薩 观音菩萨 [01\[ guān yīn pú sà\]]	guanyin
觀音鄉 观音乡 [01\[ guān yīn xiāng\]]	(n) kuanyin (village in taiwan)
觀風 观风 [01\[ guān fēng\]]	on lookout duty;to serve as lookout
觀點 观点 [01\[ guān diǎn\]]	point of view;viewpoint;standpoint
角 角 [01\[ jiǎo\]]	angle;horn;horn-shaped;unit of money equal to 0.1 yuan
角 角 [01\[ jué\]]	role (theater);to compete;ancient three legged wine vessel;third note of pentatonic scale;surname jue
角伎 角伎 [01\[ jiǎo jì\]]	high-class prostitute;courtesan
角力 角力 [01\[ jué lì\]]	wrestling;a trial of strength
角動量 角动量 [01\[ jiǎo dòng liàng\]]	angular momentum
角口 角口 [01\[ jiǎo kǒu\]]	to quarrel
角回 角回 [01\[ jiǎo huí\]]	angular gyrus (convolution of the brain)
角妓 角妓 [01\[ jiǎo jì\]]	high-class prostitute;courtesan
角子 角子 [01\[ jiǎo zi\]]	one jiao coin (mao
角尺 角尺 [01\[ jiǎo chǐ\]]	set square (tool to measure right angles)
角度 角度 [01\[ jiǎo dù\]]	angle;point of view
角弓 角弓 [01\[ jiǎo gōng\]]	bow decorated with animal horns
角弓反張 角弓反张 [01\[ jiǎo gōng fǎn zhāng\]]	opitoshtonous (med.)
角抵 角抵 [01\[ jué dǐ\]]	(arch.) throw in wrestling
角曲尺 角曲尺 [01\[ jiǎo qū chǐ\]]	miter square (tool to measure angles)
角朊 角朊 [01\[ jiǎo ruǎn\]]	keratin
角柱體 角柱体 [01\[ jiǎo zhù tǐ\]]	prism (math.)
角椅 角椅 [01\[ jiǎo yǐ\]]	chair designed to fit in corner of a room
角樓 角楼 [01\[ jiǎo lóu\]]	corner (between walls)
角標 角标 [01\[ jiǎo biāo\]]	superscript
角球 角球 [01\[ jiǎo qiú\]]	corner kick (in soccer);free strike in hockey
角砧 角砧 [01\[ jiǎo zhēn\]]	beck iron (corner of anvil)
角票 角票 [01\[ jiǎo piào\]]	bank note in jiao units (mao
角膜 角膜 [01\[ jiǎo mó\]]	cornea
角膜炎 角膜炎 [01\[ jiǎo mó yán\]]	inflamation of the cornea
角色 角色 [01\[ jiǎo sè\]]	persona;character in a novel
角色 角色 [01\[ jué sè\]]	role
角色扮演遊戲 角色扮演游戏 [01\[ jué sè bàn yǎn yóu xì\]]	a role playing game (rpg)
角落 角落 [01\[ jiǎo luò\]]	nook;corner
角蛋白 角蛋白 [01\[ jiǎo dàn bái\]]	keratin (protein forming nails and feathers etc)
角規 角规 [01\[ jiǎo guī\]]	angle gauge;clinograph
角質 角质 [01\[ jiǎo zhì\]]	cutin;keratin
角質素 角质素 [01\[ jiǎo zhì sù\]]	keratin
角逐 角逐 [01\[ jué zhú\]]	to tussle;to contend;to contest
角速度 角速度 [01\[ jiǎo sù dù\]]	angular velocity
角釘 角钉 [01\[ jiǎo dīng\]]	brads
角錐 角锥 [01\[ jiǎo zhuī\]]	pyramid
角鐵 角铁 [01\[ jiǎo tiě\]]	angle iron
角門 角门 [01\[ jiǎo mén\]]	corner gate
角閃石 角闪石 [01\[ jiǎo shǎn shí\]]	hornblende (rock-forming mineral
角頭 角头 [01\[ jiǎo tóu\]]	gang leader;mafia boss
角頻率 角频率 [01\[ jiǎo pín lǜ\]]	angular frequency
角鬥 角斗 [01\[ jué dòu\]]	to wrestle
角鬥士 角斗士 [01\[ jiǎo dòu shì\]]	gladiator
角鴞 角鴞 [01\[ jiǎo xiāo\]]	screech owl (genus otus)
觔 觔 [01\[ jīn\]]	catty
觕 觕 [01\[ cū\]]	coarse
觖 觖 [01\[ jué\]]	dissatisfied
觚 觚 [01\[ gū\]]	goblet;rule;law
觜 觜 [01\[ zī\]]	(zodiacal sign)
觜 觜 [01\[ zuǐ\]]	mouth
觝 觝 [01\[ dǐ\]]	to butt;resist
觡 觡 [01\[ gé\]]	horns;antlers
解 解 [01\[ jiě\]]	to divide;to break up;to split;to separate;to dissolve;to solve;to melt;to remove;to untie;to loosen;to open;to emancipate;to explain;to understand;to know;a solution;a dissection
解 解 [01\[ jiè\]]	transport under guard
解 解 [01\[ xiè\]]	surname xie
解乏 解乏 [01\[ jiě fá\]]	to relieve tiredness;to freshen up
解僱 解雇 [01\[ jiě gù\]]	to fire;to sack;to dismiss
解免 解免 [01\[ jiě miǎn\]]	to avoid (difficulties);to open up a siege
解凍 解冻 [01\[ jiě dòng\]]	thaw
解剖 解剖 [01\[ jiě pōu\]]	to dissect (an animal);to analyze;anatomy
解剖學 解剖学 [01\[ jiě pǒu xué\]]	anatomy
解剖室 解剖室 [01\[ jiě pōu shì\]]	a dissecting room
解剖麻雀 解剖麻雀 [01\[ jiě pōu má què\]]	lit. to dissect a sparrow; fig. a preliminary test on a small sample
解勸 解劝 [01\[ jiě quàn\]]	to pacify;to molify
解吸 解吸 [01\[ jiě xī\]]	to de-absorb;to get a chemical out of solution
解和 解和 [01\[ jiě hé\]]	to mediate (in a conflict);to pacify
解嘲 解嘲 [01\[ jiě cháo\]]	words or actions designed to avoid embarassment or ridicule
解嚴 解严 [01\[ jiě yán\]]	to lift restrictions (such as curfew or martial law)
解囊 解囊 [01\[ jiě náng\]]	lit. to loosen one's purse; fig. to give generously to help others
解圍 解围 [01\[ jiě wéi\]]	to lift an encirclement;to help sb out of trouble or embarrassment
解壓 解压 [01\[ jiě yā\]]	decompression (in digital technology);to extract data from compressed file
解壓縮 解压缩 [01\[ jiě yā suō\]]	to decompress;decompression (esp. computer)
解密 解密 [01\[ jiě mì\]]	to declassify
解寒 解寒 [01\[ jiě hán\]]	to relieve cold
解悟 解悟 [01\[ jiě wù\]]	to dispel doubts
解悶 解闷 [01\[ jiě mèn\]]	to relieve boredom or melancholy;a diversion
解惑 解惑 [01\[ jiě huò\]]	to dispel doubts;to clear up confusion
解愁 解愁 [01\[ jiě chóu\]]	to relieve melancholy
解手 解手 [01\[ jiě shǒu\]]	to relieve oneself (i.e. use the toilet);to solve
解放 解放 [01\[ jiě fàng\]]	to liberate;to emancipate;liberation;refers to the communists' victory over the nationalists in 1949
解放巴勒斯坦人民陣線 解放巴勒斯坦人民阵线 [01\[ jiě fàng bā lè sī tǎn rén mín zhèn xiàn\]]	popular front for the liberation of palestine
解放後 解放后 [01\[ jiě fàng hòu\]]	after liberation (i.e. after the communist's victory);after the establishment of prc in 1949
解放戰爭 解放战争 [01\[ jiě fàng zhàn zhēng\]]	war of liberation (1945-49)
解放日 解放日 [01\[ jiě fàng rì\]]	liberation day;cf japan's surrender on 15th august 1945
解放日報 解放日报 [01\[ jiě fàng rì bào\]]	liberation daily
解放組織 解放组织 [01\[ jiě fàng zǔ zhī\]]	liberation organization
解放軍 解放军 [01\[ jiě fàng jūn\]]	people's liberation army (i.e. the chinese army)
解放運動 解放运动 [01\[ jiě fàng yùn dòng\]]	liberation movement
解救 解救 [01\[ jiě jiù\]]	to rescue;to help out of difficulties;to save the situation
解散 解散 [01\[ jiě sàn\]]	dissolve;disband
解析 解析 [01\[ jiě xī\]]	to analyze;to resolve;(math.) analysis;analytic
解析函數 解析函数 [01\[ jiě xī hán shù\]]	(math.) an analytic function (of a complex variable)
解析函數論 解析函数论 [01\[ jiě xī hán shù lùn\]]	(math.) complex analytic function theory
解析幾何 解析几何 [01\[ jiě xī jǐ hé\]]	analytic geometry;coordinate geometry
解析幾何學 解析几何学 [01\[ jiě xī jǐ hé xué\]]	analytic geometry;coordinate geometry
解毒 解毒 [01\[ jiě dú\]]	to detoxify;to relieve fever (in chinese medicine)
解民倒懸 解民倒悬 [01\[ jiě mín dào xuán\]]	lit. to rescue the people from hanging upside down (成语 saw
解決 解决 [01\[ jiě jué\]]	to settle (a dispute);to resolve;to solve
解決問題 解决问题 [01\[ jiě jué wèn tí\]]	problem solving
解法 解法 [01\[ jiě fǎ\]]	(math.) solution (to a problem);method of solving
解深密經 解深密经 [01\[ jiě shēn mì jīng\]]	sandhinir mokcana vyuha sutra
解渴 解渴 [01\[ jiě kě\]]	quench
解熱 解热 [01\[ jiě rè\]]	to relieve fever
解甲 解甲 [01\[ jiě jiǎ\]]	to remove armor;to return to civilian life
解甲歸田 解甲归田 [01\[ jiě jiǎ guī tián\]]	to remove armor and return to the farm;to return to civilian life
解疑 解疑 [01\[ jiě yí\]]	to dispel doubts;to remove ambiguities
解痛 解痛 [01\[ jiě tòng\]]	to relieve pain;analgesic
解碼 解码 [01\[ jiě mǎ\]]	to decode;to decipher
解碼器 解码器 [01\[ jiě mǎ qì\]]	decoder
解禁 解禁 [01\[ jiě jìn\]]	to lift a prohibition
解答 解答 [01\[ jiě dá\]]	answer;explanation;(math.) solution (of an equation)
解聘 解聘 [01\[ jiě pìn\]]	to dismiss on employee;to sack
解職 解职 [01\[ jiě zhí\]]	to dismiss from office;to discharge;to sack
解脫 解脱 [01\[ jiě tuō\]]	relief;free oneself;liberate;emancipate;be free;be relieved
解藥 解药 [01\[ jiě yào\]]	antidote
解說 解说 [01\[ jiě shuō\]]	to explain;to comment
解說員 解说员 [01\[ jiě shuō yuán\]]	commentator
解說詞 解说词 [01\[ jiě shuō cí\]]	a commentary
解調 解调 [01\[ jiě diào\]]	to demodulate
解謎 解谜 [01\[ jiě mí\]]	to solve the riddle
解讀 解读 [01\[ jiě dú\]]	to decypher;to decode
解酲 解酲 [01\[ jiě chéng\]]	to sober up;to sleep off the effect of drink
解酸藥 解酸药 [01\[ jiě suān yào\]]	to relieve acidity;anti-acid
解釋 解释 [01\[ jiě shì\]]	explanation;to explain;to interpret;to resolve
解釋執行 解释执行 [01\[ jiě shì zhí xíng\]]	interpreted (computer)
解釦 解扣 [01\[ jiě kòu\]]	lit. to unbutton; fig. to solve a dispute
解鈴系鈴 解铃系铃 [01\[ jiě líng xì líng\]]	lit. whoever hung the bell on the tiger's neck must untie it (成语 saw); fig. whoever started the trouble should end it
解開 解开 [01\[ jiě kāi\]]	to untie;to undo
解除 解除 [01\[ jiě chú\]]	to remove;to relieve (sb of their duties);to free;to get rid of;to lift (an embargo);to rescind (an agreement)
解離 解离 [01\[ jiě lí\]]	dissociation;to break up a chemical compound into its elements
解餓 解饿 [01\[ jiě è\]]	to relieve hunger
解饞 解馋 [01\[ jiě chán\]]	to eat to one's heart's content
解體 解体 [01\[ jiě tǐ\]]	to break up into components;to disintegrate;to collapse;to crumble
觥 觥 [01\[ gōng\]]	big;cup made of horn;horn wine container
觩 觩 [01\[ qiú\]]	bent upwards;taut
觫 觫 [01\[ sù\]]	tremble with fear
觭 觭 [01\[ jī\]]	odd;one horn up and one horn down
觱 觱 [01\[ bì\]]	fever;tartar horn
觱慄 觱栗 [01\[ bì lì\]]	ancient bamboo reed instrument;chinese shawm (probably related to central asian zurna)
觱篥 觱篥 [01\[ bì lì\]]	ancient bamboo reed instrument;chinese shawm (probably related to central asian zurna)
觳 觳 [01\[ hú\]]	ancient measuring vessel (same as 斛);frightened
觴 觞 [01\[ shāng\]]	feast;goblet
觶 觯 [01\[ zhì\]]	goblet
觷 觷 [01\[ xué\]]	to polish horn
觸 触 [01\[ chù\]]	knock against;touch;to feel
觸動 触动 [01\[ chù dòng\]]	to touch;to stir up (trouble or emotions);to move (sb's emotions or worry)
觸怒 触怒 [01\[ chù nù\]]	provocation
觸手 触手 [01\[ chù shǒu\]]	tentacle
觸技曲 触技曲 [01\[ chù jì qǔ\]]	toccata
觸控板 触控板 [01\[ chù kòng bǎn\]]	touchpad
觸控螢幕 触控萤幕 [01\[ chù kòng yíng mù\]]	touch panel
觸控點 触控点 [01\[ chù kòng diǎn\]]	pointing stick (for notebook computer)
觸摸 触摸 [01\[ chù mō\]]	touch
觸犯 触犯 [01\[ chù fàn\]]	offend
觸發 触发 [01\[ chù fā\]]	trigger;spark
觸發器 触发器 [01\[ chù fā qì\]]	flip-flop (electronics)
觸發引信 触发引信 [01\[ chù fā yǐn xìn\]]	an impact detonator
觸發清單 触发清单 [01\[ chù fā qīng dān\]]	trigger list
觸目驚心 触目惊心 [01\[ chù mù jīng xīn\]]	shocking;dreadful to see
觸礁 触礁 [01\[ chù jiāo\]]	hit a snag
觸覺 触觉 [01\[ chù jué\]]	touch;sense of touch
觸角 触角 [01\[ chù jiǎo\]]	antenna;feeler
觸電 触电 [01\[ chù diàn\]]	to get an electric shock
觸鬚 触须 [01\[ chù xū\]]	tentacles;feelers;antennae
觸鬥蠻爭 触斗蛮争 [01\[ chù dòu mán zhēng\]]	constant bickering and fighting (成语 saw); constantly at each other's throats;struggle for personal gain
觼 觼 [01\[ jué\]]	buckle;clasp;ring
觾 觾 [01\[ yàn\]]	variant of 燕
觿 觿 [01\[ xī\]]	ivory bodkin for undoing knots
言 言 [01\[ yán\]]	to speak;to say;talk;word
言外之意 言外之意 [01\[ yán wài zhī yì\]]	meaning beyond the words (成语 saw); unspoken implication;reading between the lines;what is actually intended
言明 言明 [01\[ yán míng\]]	state explicitly
言行 言行 [01\[ yán xíng\]]	words and actions;what one says and what one does
言詞 言词 [01\[ yán cí\]]	words;expression
言語 言语 [01\[ yán yǔ\]]	speech;talk
言語失常症 言语失常症 [01\[ yán yǔ shī cháng zhèng\]]	speech defect
言語缺陷 言语缺陷 [01\[ yán yǔ quē xiàn\]]	speech defect
言談 言谈 [01\[ yán tán\]]	discourse;words;utterance;what one says;manner of speech
言論 言论 [01\[ yán lùn\]]	expression of (political) opinion
言論自由 言论自由 [01\[ yán lùn zì yóu\]]	(constitutional) freedom of speech
言辭 言辞 [01\[ yán cí\]]	word;word (as opposed to thought and deed)
訂 订 [01\[ dìng\]]	to agree;to conclude;to draw up;to subscribe to (a newspaper etc);to order
訂出 订出 [01\[ dìng chū\]]	to map out;to sketch out;to draw up (a plan);booked out (i.e. already fully booked)
訂單 订单 [01\[ dìng dān\]]	(purchase) order
訂單號 订单号 [01\[ dìng dān hào\]]	order number
訂婚 订婚 [01\[ dìng hūn\]]	engagement
訂定 订定 [01\[ dìng dìng\]]	to set;to designate;to stipulate;to provide;to draw up;to formulate (rules
訂户 订户 [01\[ dìng hù\]]	subscriber (to a newspaper or periodical)
訂房 订房 [01\[ dìng fáng\]]	to reserve a room
訂書機 订书机 [01\[ dìng shū jī\]]	stapler;stapling machine;bookbinding machine
訂正 订正 [01\[ dìng zhèng\]]	make corrections;errata (to a publication)
訂票 订票 [01\[ dìng piào\]]	to book tickets;to issue tickets
訂立 订立 [01\[ dìng lì\]]	to conclude (treaty
訂製 订制 [01\[ dìng zhì\]]	custom made;made to order;to have something custom made;also written 定製 定制
訂貨 订货 [01\[ dìng huò\]]	to order goods;to place an order
訂購 订购 [01\[ dìng gòu\]]	to order;to subscribe;subscriber
訂購者 订购者 [01\[ dìng gòu zhě\]]	subscriber
訂金 订金 [01\[ dìng jīn\]]	an initial payment;earnest money;deposit
訂閱 订阅 [01\[ dìng yuè\]]	subscription
訃 讣 [01\[ fù\]]	obituary notice
訃告 讣告 [01\[ fù gào\]]	obituary
訇 訇 [01\[ hōng\]]	sound of a crash;surname hong
計 计 [01\[ jì\]]	to calculate;to compute;to count;reckon;ruse;to plan;surname ji
計劃 计划 [01\[ jì huà\]]	plan;project;program;to plan;to map out
計劃生育 计划生育 [01\[ jì huà shēng yù\]]	planned childbirth;the one child policy
計劃目標 计划目标 [01\[ jì huà mù biāo\]]	planned target;scheduled target
計劃經濟 计划经济 [01\[ jì huà jīng jì\]]	planned economy
計提 计提 [01\[ jì tí\]]	to set aside;to make provision for (capital requirements)
計數 计数 [01\[ jì shù\]]	to count;reckoning
計數器 计数器 [01\[ jì shù qì\]]	counter;register
計數法 计数法 [01\[ jì shù fǎ\]]	calculation;reckoning
計數率儀 计数率仪 [01\[ jì shù lǜ yí\]]	ratemeter
計數管 计数管 [01\[ jì shù guǎn\]]	counter
計數者 计数者 [01\[ jì shù zhě\]]	counter
計時法 计时法 [01\[ jì shí fǎ\]]	time reckoning
計生 计生 [01\[ jì shēng\]]	abbr. for 計劃生育|计划生育;planned childbirth;the one child policy
計畫 计画 [01\[ jì huà\]]	plan
計票 计票 [01\[ jì piào\]]	count of votes
計程車 计程车 [01\[ jì chéng chē\]]	taxi;cab (taiwan)
計策 计策 [01\[ jì cè\]]	stratagem
計算 计算 [01\[ jì suàn\]]	to count;to calculate;to compute
計算器 计算器 [01\[ jì suàn qì\]]	calculator;calculating machine;computer
計算尺 计算尺 [01\[ jì suàn chě\]]	slide rule
計算數學 计算数学 [01\[ jì suàn shù xué\]]	computational mathematics;numerical mathematics
計算機 计算机 [01\[ jì suàn jī\]]	computer;calculator
計算機制圖 计算机制图 [01\[ jì suàn jī zhì tú\]]	computer graphics
計算機動畫 计算机动画 [01\[ jì suàn jī dòng huà\]]	computer animation
計算機工業 计算机工业 [01\[ jì suàn jī gōng yè\]]	computer industry
計算機模式 计算机模式 [01\[ jì suàn jī mó shì\]]	computer simulation
計算機模擬 计算机模拟 [01\[ jì suàn jī mó nǐ\]]	computer simulation
計算機比喻 计算机比喻 [01\[ jì suàn jī bǐ yù\]]	computer metaphor
計算機科學 计算机科学 [01\[ jì suàn jī kē xué\]]	computer science
計算機網絡 计算机网络 [01\[ jì suàn jī wǎng luò\]]	computer network
計算機輔助設計 计算机辅助设计 [01\[ jì suàn jī fǔ zhù shè jì\]]	cad computer-aided design
計算機集成制造 计算机集成制造 [01\[ jì suàn jī jí chéng zhì zào\]]	computer-integrated manufacturing (cim)
計謀 计谋 [01\[ jì móu\]]	to plan;to scheme
計較 计较 [01\[ jì jiào\]]	to haggle;to bicker;to argue
計都 计都 [01\[ jì dū\]]	concept from vedic astronomy (sanskrit ketu)
計量 计量 [01\[ jì liàng\]]	measurement;calculate
計量單位 计量单位 [01\[ jì liàng dān wèi\]]	unit of measure
訊 讯 [01\[ xùn\]]	to question;to ask;to interrogate;rapid;speedy;fast;news;information
訊問 讯问 [01\[ xùn wèn\]]	interrogate;ask about
訊息 讯息 [01\[ xùn xī\]]	information;news;message;text message or sms
訊息傳遞中介 讯息传递中介 [01\[ xùn xī chuán dì zhōng jiè\]]	message transfer agent;mta
訊息原 讯息原 [01\[ xùn xī yuán\]]	information source
訊息處理系統 讯息处理系统 [01\[ xùn xī chǔ lǐ xì tǒng\]]	message handling system;mhs
訊框傳送 讯框传送 [01\[ xùn kuàng chuán sòng\]]	frame relay
訊框傳送服務 讯框传送服务 [01\[ xùn kuàng chuán sòng fú wù\]]	frame relay service
訊框傳送網路 讯框传送网路 [01\[ xùn kuàng chuán sòng wǎng lù\]]	frame relay network
訊框傳送論壇 讯框传送论坛 [01\[ xùn kuàng chuán sòng lùn tán\]]	frame relay forum
訊號 讯号 [01\[ xùn hào\]]	signal
討 讨 [01\[ tǎo\]]	ask for;send punitive expedition;to demand;to marry
討乞 讨乞 [01\[ tǎo qǐ\]]	to go begging;to ask for alms
討人嫌 讨人嫌 [01\[ tǎo rén xián\]]	unpleasant;disagreeable
討伐 讨伐 [01\[ tǎo fá\]]	to suppress by armed force
討便宜 讨便宜 [01\[ tǎo pián yi\]]	to look for a bargain;to seek advantage;to try to gain at expense of others
討保 讨保 [01\[ tǎo bǎo\]]	to ask for bail money
討債 讨债 [01\[ tǎo zhài\]]	to demand repayment
討價還價 讨价还价 [01\[ tǎo jià huán jià\]]	haggle over price
討厭 讨厌 [01\[ tǎo yàn\]]	disgusting;troublesome;nuisance;nasty;to hate doing sth
討厭鬼 讨厌鬼 [01\[ tǎo yàn guǐ\]]	disgusting person;slob
討吃 讨吃 [01\[ tǎo chī\]]	to beg for food
討好 讨好 [01\[ tǎo hǎo\]]	to get the desired outcome;to win favor by fawning on sb;to curry favor with;a fruitful outcome to reward one's labor
討嫌 讨嫌 [01\[ tǎo xián\]]	disagreeable;hateful;a pain in the neck
討巧 讨巧 [01\[ tǎo qiǎo\]]	to act cleverly to get what one desires;to get the best at least expense
討平 讨平 [01\[ tǎo píng\]]	to put down (an uprising);to pacify
討底 讨底 [01\[ tǎo dǐ\]]	to enquire;to demand details
討底兒 讨底儿 [01\[ tǎo dǐ 5r\]]	erhua variant of 討底|讨底 to enquire;to demand details
討擾 讨扰 [01\[ tǎo rǎo\]]	i beg to disturb you;i trespass on your hospitality;thank you for your hospitality!
討教 讨教 [01\[ tǎo jiào\]]	to consult;to ask for advice
討生活 讨生活 [01\[ tǎo shēng huó\]]	to eke out a living;to live from hand to mouth;to drift aimlessly
討米 讨米 [01\[ tǎo mǐ\]]	to beg for food
討論 讨论 [01\[ tǎo lùn\]]	to discuss;to talk over
討論會 讨论会 [01\[ tǎo lùn huì\]]	symposium;discussion forum
討論的議題 讨论的议题 [01\[ tǎo lùn de yì tí\]]	topic of discussion
討賬 讨账 [01\[ tǎo zhàng\]]	to demand payment;to collect overdue payment
討還 讨还 [01\[ tǎo huán\]]	to get sth back;to recover
討飯 讨饭 [01\[ tǎo fàn\]]	to ask for food;to beg
討饒 讨饶 [01\[ tǎo ráo\]]	to beg for mercy;to ask for forgiveness
訏 訏 [01\[ xū\]]	to boast;great;large
訐 讦 [01\[ jié\]]	accuse;pry
訑 訑 [01\[ yí\]]	arrogant;mean
訒 訒 [01\[ rèn\]]	slow in speech
訓 训 [01\[ xùn\]]	example;pattern;to teach;to train;instruction
訓令 训令 [01\[ xùn lìng\]]	order;instruction
訓導職務 训导职务 [01\[ xùn dǎo zhí wù\]]	ministry;the teaching of a religious leader
訓斥 训斥 [01\[ xùn chì\]]	to reprimand;to rebuke;to berate;stern criticism
訓民正音 训民正音 [01\[ xùn mín zhèng yīn\]]	the korean text hunmin jongum promulgated by sejong daewang in 1418 to introduce hangeul
訓獸術 训兽术 [01\[ xùn shòu shù\]]	animal training;taming wild beast (e.g. lion-taming)
訓練 训练 [01\[ xùn liàn\]]	drill;exercise;train;training
訓練營 训练营 [01\[ xùn liàn yíng\]]	training camp
訓練者 训练者 [01\[ xùn liàn zhě\]]	trainer
訓育 训育 [01\[ xùn yù\]]	pedagogy;to instruct and guide
訓詁 训诂 [01\[ xùn gǔ\]]	to interpret and make glossaries and commentaries on classic texts
訓詁學 训诂学 [01\[ xùn gǔ xué\]]	the study of classic texts (including interpretation
訓詞 训词 [01\[ xùn cí\]]	instruction;admonition
訓話 训话 [01\[ xùn huà\]]	to admonish subordinates
訓誡 训诫 [01\[ xùn jiè\]]	to preach;to admonish;sermon;disciplinary
訓迪 训迪 [01\[ xùn dí\]]	guidance;to instruct;pedagogy
訕 讪 [01\[ shàn\]]	abuse;slander
訖 讫 [01\[ qì\]]	finished
託 托 [01\[ tuō\]]	to trust;to entrust;to be entrusted with;to act as trustee
託拉博拉 托拉博拉 [01\[ tuō lā bó lā\]]	torabora mountain area in east afghanistan
託洛茨基 托洛茨基 [01\[ tuō luò cí jī\]]	leon davidovich trotsky (1879-1940)
託詞 托词 [01\[ tuō cí\]]	pretext;excuse;also written 托辭|托辞
記 记 [01\[ jì\]]	to remember;to note;mark;sign;to record
記不住 记不住 [01\[ jì bu zhù\]]	can't remember
記事 记事 [01\[ jì shì\]]	to keep a record of events;a record
記事冊 记事册 [01\[ jì shì cè\]]	notebook containing a record
記事本 记事本 [01\[ jì shì běn\]]	notebook;paper notepad;laptop computer
記事簿 记事簿 [01\[ jì shì bù\]]	a memo book (recording events)
記仇 记仇 [01\[ jì chóu\]]	to hold a grudge
記住 记住 [01\[ jì zhu\]]	to remember
記作 记作 [01\[ jì zuò\]]	to denote;denoted by;written
記傳 记传 [01\[ jì zhuàn\]]	history and biography
記帳 记帐 [01\[ jì zhàng\]]	charge
記帳員 记帐员 [01\[ jì zhàng yuán\]]	bookkeeper
記得 记得 [01\[ jì de\]]	to remember
記性 记性 [01\[ jì xìng\]]	memory
記憶 记忆 [01\[ jì yì\]]	memories;remember;memory
記憶力 记忆力 [01\[ jì yì lì\]]	memory (power)
記憶廣度 记忆广度 [01\[ jì yì guǎng dù\]]	memory span
記憶體 记忆体 [01\[ jì yì tǐ\]]	(computer) memory
記為 记为 [01\[ jì wéi\]]	denoted by
記者 记者 [01\[ jì zhě\]]	reporter;journalist
記者報道 记者报道 [01\[ jì zhě bào dào\]]	press report
記者招待會 记者招待会 [01\[ jì zhě zhāo dài huì\]]	press conference
記者會 记者会 [01\[ jì zhě huì\]]	press conference
記者無國界 记者无国界 [01\[ jì zhě wú guó jiè\]]	reporters without borders (pressure group)
記者站 记者站 [01\[ jì zhě zhàn\]]	correspondent post;correspondent station
記號 记号 [01\[ jì hao\]]	notation;seal
記賬 记账 [01\[ jì zhàng\]]	to keep accounts;book-keeping
記起 记起 [01\[ jì qǐ\]]	recall
記載 记载 [01\[ jì zǎi\]]	write down;record;written account
記述 记述 [01\[ jì shù\]]	make a descriptive record (of events)
