dà xīn	17-19646-B
dà xīng	17-32707-B
dà xīng qū	17-32770-B
dà xīng xīng	17-27527-B
dà xīng yún	4-28475-S,42-24542-S
dà xīng ān lǐn dì qū	17-32866-B
dà xū shēng	14-48269-S
dà xǐ	17-10381-B
dà xǐ guò wàng	17-10423-B
dà ye	17-27250-B
dà yuàn	17-38637-B
dà yuàn dì zàng pú sà	17-40643-B
dà yuán	17-9771-B,17-11116-B
dà yuán dà yī tǒng zhì	17-6216-B
dà yuán quān	17-11186-B
dà yuán xiāng	17-11039-B
dà yuè	17-20780-B
dà yuè jìn	17-35946-B
dà yuè zhī	17-20860-B,17-20956-B
dà yuē	17-30573-B
dà yà wān	17-5066-B
dà yàn	17-39402-B
dà yàn tǎ	17-39445-B
dà yàng	17-23036-B
dà yào	17-35132-B
dà yá	48-4538-S
dà yáng	17-24908-B,37-36054-S
dà yáng zhōng jǐ	17-24948-B
dà yáng zhōu	17-25028-B
dà yáo	17-13658-B
dà yáo dà bǎi	17-19151-B
dà yáo xiàn	17-13718-B
dà yè	17-22855-B
dà yè xìng fèi yán	17-33826-B
dà yé	17-27182-B,51-26408-S
dà yì	17-17939-B,17-30874-B,17-36543-B,44-1967-S,48-49237-S
dà yì lǐn rán	17-30987-B
dà yì miè qīn	17-31103-B
dà yì xiàn	17-36602-B
dà yìn	17-8501-B
dà yí	17-13785-B
dà yí zi	17-13862-B
dà yín háng	2-54078-S
dà yòng	17-28311-B
dà yù	17-27580-B
dà yùn	17-36343-B
dà yùn hé	4-3293-S,17-36391-B
dà yú	17-18002-B,17-19942-B,17-41297-B,29-53078-S
dà yú qiú	5-22103-S
dà yú xiàn	17-41365-B
dà yú xīn sǐ	13-32621-S,25-37522-S
dà yā lì	21-61154-S
dà yān	17-26801-B
dà yě	17-6724-B
dà yī	17-3966-B,17-34669-B
dà yī tǒng zhì	17-4082-B,17-6216-S
dà yī xiē	17-4027-B
dà yīng bó wù guǎn	17-33232-B
dà yīng dì guó	17-33316-B
dà yīng lián hé wáng guó	17-33389-B
dà yōng	17-17052-B
dà yǎ	17-39509-B
dà yǎ xiāng	17-39606-B
dà yǎ zhī táng	2-19765-S
dà yǎn	40-7232-S
dà yǎng bā	17-24300-B
dà yǒng ruò qiè	17-7886-B
dà yǒu	17-21052-B
dà yǒu kě wéi	17-21298-B
dà yǒu rén zài	17-21109-B
dà yǒu wén zhāng	17-21518-B
dà yǒu xī wàng	17-21418-B
dà yǒu zuò wéi	17-21195-B
dà yǔ	6-48408-S,17-29797-B,17-39967-B
dà yǔ rú zhù	17-40009-B
dà yǔ shān	17-16572-B
dà yǔ xiǎo	67-22549-S
dà zhuàn	17-30240-B
dà zhài	17-15282-B
dà zhàn	2-39207-S,3-36720-S,3-36968-S,17-18427-B,31-30958-S,44-52173-S,48-9058-S,48-11398-S
dà zhèn	51-65363-S
dà zhèng	17-23361-B
dà zhì	17-17619-B,17-32567-B
dà zhì huì	17-20438-B
dà zhì ruò yú	17-20517-B
dà zhì rú yú	17-20304-B
dà zhí	34-34673-S
dà zhòng	17-28918-B
dà zhòng chuán bō	17-28973-B
dà zhòng huà	17-29049-B
dà zhòng mǎ	17-5162-B
dà zhú	17-30045-B
dà zhāi	17-42837-B
dà zhāi jié	17-42994-B
dà zhāi qī	17-42899-B
dà zhāng dá fá	17-17476-B
dà zhāng qí gǔ	17-17557-B
dà zhāo	33-1643-S
dà zhāo fēng	34-60695-S
dà zhāo sì	17-20253-B
dà zhōng	64-8922-S
dà zhōng xué sheng	17-4461-B
dà zhōu	17-25081-B
dà zhǐ	17-18911-B
dà zhǔ jiào	15-50241-S,17-4554-B
dà zuò	17-5350-B,21-2182-S
dà zào	17-26339-B
dà zá huì	17-39679-B
dà zá yuàn	17-39749-B
dà zì bào	17-14245-B
dà zì rán	17-32496-B
dà zú	17-35849-B
dà zāi	17-26404-B
dà zǎo	1-5821-S
dà zǎo 5r	1-5913-S
dà zǐ jīng xūn zhāng	17-30625-B
dà zǒng tǒng	17-30782-B
dà è jí	50-51633-S
dà ér	17-5004-B
dà ān	17-14513-B
dà ān dì liè sī	17-14739-B
dà ān dì liè sī qún dǎo	17-14818-B
dà ān qū	17-14587-B
dà ān shì	17-14654-B
dà ān xiāng	17-14919-B
dà ěr	52-12439-S
dài	1-1792-S,1-7702-S,1-27001-S,1-30112-S,1-33013-S,1-42591-S,1-45966-S,1-58108-S,2-37725-S,2-76192-S,3-32381-S,3-46822-S,3-61538-S,3-66830-S,4-30112-B,4-38274-S,5-10207-S,5-10284-S,5-44596-S,5-46688-S,5-63756-S,6-1407-S,6-11901-S,6-33590-S,6-34354-S,6-35294-S,6-35787-S,6-41669-S,6-60921-S,6-61320-S,7-32146-S,7-68057-S,8-19827-S,8-22188-S,9-39666-S,9-41873-S,9-56939-S,9-67952-S,10-30504-S,10-34258-S,10-49827-S,10-56844-S,11-13933-S,11-23081-S,11-29535-S,11-57764-S,11-69609-S,12-439-S,12-4052-S,12-44573-S,12-48319-S,13-10905-S,13-50139-S,13-58017-S,14-41978-S,15-34009-S,15-40516-S,15-46122-S,15-46251-S,15-64416-B,16-47322-S,17-3937-B,17-56714-S,17-70269-S,18-2566-S,19-336-S,19-23718-S,19-34915-S,20-9343-S,20-25292-S,20-25653-S,20-27429-S,20-27720-S,20-49597-S,21-386-S,21-538-S,21-25857-S,21-37010-B,22-27365-B,22-27849-B,22-39379-S,22-47102-S,22-67113-S,23-39413-S,23-64931-B,23-66860-S,24-15670-S,24-56702-B,25-35235-S,25-42050-S,25-49236-S,25-58577-S,25-63506-S,26-17598-S,26-23202-B,27-36174-S,27-41664-S,27-47573-S,28-7777-S,28-13280-S,28-25867-S,28-45850-S,29-17649-S,29-22752-S,29-33874-S,29-44664-S,30-49320-S,30-52136-S,30-53031-S,30-58730-S,30-60658-S,30-68721-S,31-1208-S,31-22043-S,31-34761-S,31-34938-S,31-39189-S,31-63029-S,32-2691-S,32-7010-S,32-8196-S,32-16983-S,32-32452-S,32-47547-S,32-51064-S,32-59533-S,33-11410-S,35-21838-S,35-24423-S,35-51348-S,35-60240-B,36-3457-S,37-7083-S,37-17621-S,37-25575-S,38-19025-S,38-58640-S,39-21162-S,39-48369-S,40-20835-S,41-3570-S,41-4110-S,41-18678-S,41-20227-S,42-41443-B,42-48858-S,43-8664-S,43-15498-B,43-49603-S,43-54507-S,43-55937-S,43-65728-S,44-54115-S,44-65363-S,45-205-S,45-3563-S,45-3657-S,45-28550-S,45-37042-S,45-38456-S,45-51872-S,45-55381-S,46-5067-S,46-9775-S,46-35156-S,47-23463-S,47-51397-S,47-51437-S,48-8383-S,48-9811-S,48-10781-S,48-11811-S,48-12211-S,48-12832-S,48-18596-S,49-18777-S,49-22107-S,49-34937-B,49-45390-S,49-54488-S,50-9086-S,50-18475-S,50-38967-S,51-65586-S,52-17491-S,52-40928-S,52-42160-S,52-48793-S,52-52980-S,53-5255-S,53-28359-S,53-28904-S,53-39589-B,53-67167-S,54-11571-S,54-43385-S,55-18574-S,55-48345-S,55-50775-S,55-54020-S,55-55939-S,56-33780-S,56-42680-S,56-50071-B,57-1906-S,57-11630-S,57-12432-B,57-37916-S,59-40996-S,59-45811-B,60-118-S,61-42722-S,61-47396-S,61-50347-B,61-51698-S,62-18172-S,62-26443-B,64-7424-S,64-21583-S,64-24120-S,64-42224-S,64-42458-S,64-42707-S,64-44948-S,64-49224-S,66-15676-S,66-32439-S,66-38773-S,66-43589-S,67-50452-B,67-59063-S,68-6714-S,68-10915-S,68-14041-S,68-23489-S,68-34422-S,68-41802-S,68-56954-S,68-60426-S,69-1201-S,69-9249-S,70-12169-S,70-26937-S,71-15642-S,71-37341-B
dài 5r	22-28042-B
dài biāo shí	22-28558-B
dài biǎo	1-30647-S,4-11729-S,4-33061-B,7-38048-S,15-45041-S,69-21954-S
dài biǎo duì	4-33361-B
dài biǎo dà huì	7-35145-S
dài biǎo tuán	4-33235-B
dài biǎo xìng	4-33292-B
dài biǎo zuò	4-33145-B
dài bàn	4-33720-B
dài bì	33-11757-S
dài bìng	22-28699-B
dài bǔ	14-26362-S,62-26483-B
dài chuán dòng	44-65414-S
dài chē	21-25922-S
dài chū	22-47192-S
dài chǒu wén	22-29127-B
dài cì	22-28143-B
dài cí	4-15256-S,4-33471-B,11-54751-S,27-60687-S,44-3957-S
dài diàn	2-7042-S,22-29223-B
dài diàn lì zǐ	22-29296-B
dài duò	24-56885-B
dài dài xiāng chuán	4-30348-B
dài dào	22-28098-B
dài dé	25-41000-S
dài dòng	22-28268-B
dài dùn	4-33852-B
dài dǎo	4-32724-B
dài fu	17-13281-B
dài fā	30-16343-S
dài fāng	59-45916-B
dài fēng bào	41-18800-S
dài fū	69-39404-S
dài guǎng chǎng	31-39243-S
dài gòu	4-33662-B
dài gāo lè	26-24308-B
dài gěi	22-28819-B
dài gōng	24-56753-B
dài gōu	4-32332-B
dài huà	14-46395-S,15-13644-S,21-56112-S,42-48935-S,47-17802-S,48-11870-S,61-41561-S
dài huáng	17-42573-B
dài huáng dì	32-59582-S
dài huáng jīn jiǎ	39-36865-S
dài huì	27-41870-S,57-66888-S
dài huí	22-28380-B
dài hào	4-33018-B,52-10587-S
dài hé qū	10-31553-S
dài hóng sè	22-28767-B
dài hū	24-56842-B
dài jià	4-30474-B
dài jiè	30-51886-S
dài jiāo tì	2-37839-S
dài jiě	23-65255-B
dài jìn	14-11917-S,22-28204-B
dài jí tuán	42-49254-S
dài jī	46-35202-S
dài jǔ	44-55698-S
dài kuáng	53-4483-S
dài kuān	7-70445-S,22-28468-B
dài kuǎn	6-57876-S,9-61310-S,27-14818-S,35-21485-S,59-45990-B
dài kuǎn rén	59-46061-B
dài kè	4-33511-B
dài kè bó chē	4-30769-B
dài kòu	4-30925-B,22-29183-B
dài kǎo	4-32955-B,23-65184-B
dài kǒu	27-22306-S,27-35941-S,29-33755-S
dài liú suān nà	46-23742-S
dài lái	22-27974-B
dài láo	4-39235-S
dài lì sī	4-30551-B
dài lù	22-28970-B,22-29381-B
dài lù rén	22-29060-B
dài lǐ	4-32380-B
dài lǐ rén	4-32475-B
dài lǐng	22-29418-B
dài lǜ mào zi	26-23858-B
dài lǜ tóu jīn	26-23950-B
dài miào	21-37321-B
dài màn	24-56927-B
dài mào	42-41487-B
dài mìng	25-59519-S
dài míng cí	4-30600-B
dài míng shì	26-23388-B
dài mǎ	4-32524-B,6-23985-S,15-4601-S,25-21245-S,39-15756-S
dài mǎ duàn	4-32615-B
dài mǎ yè	4-32672-B
dài ná mǎi tè	4-30999-B
dài nǚ	27-35597-S
dài pài	42-49123-S
dài pá	62-22729-S
dài páo	60-25771-S
dài pén wàng tiān	26-23741-B
dài pǎo	62-20560-S
dài pǐn	32-17057-S
dài qu	22-28338-B
dài shang	26-23278-B
dài shuō	2-8160-S
dài shuǐ	27-37181-S
dài shèng	26-23332-B
dài shì	28-26010-S
dài shí bān yú	1-27690-S
dài shí guó	3-46892-S
dài shù	3-68952-S,4-31068-B,9-1068-S,12-63784-S,22-16719-S,27-17920-S,33-577-S,37-35910-S,50-16689-S,70-19320-S
dài shù cù	4-32070-B,70-20202-S
dài shù fāng chéng	4-31756-B
dài shù hán shù	4-31109-B
dài shù hán shù lùn	4-31194-B
dài shù hé	4-31294-B
dài shù jī běn dìng lǐ	4-31351-B
dài shù jǐ hé	4-31458-B
dài shù jǐ hé xué	4-31530-B
dài shù liàng	4-32139-B
dài shù liú xíng	4-31997-B
dài shù qū miàn	4-31924-B
dài shù qū xiàn	4-31853-B
dài shù shì	4-31613-B
dài shù tuò pū	4-31675-B
dài shù xué	3-69037-S
dài shān	21-37255-B
dài shǐ	3-47017-S,12-497-S,30-43553-S,53-27889-S,61-47442-S,61-48590-S
dài shǔ	21-578-S,56-50221-B
dài suǒ	27-41801-S
dài suǒ zhuā	33-39813-S
dài sì dà měi nǚ	2-55115-S
dài sǐ	33-11847-S
dài tián	4-30652-B
dài tiān	1-70704-S
dài táng	4-32781-B
dài táo jiāng	33-640-S
dài tì	4-32204-B,10-18713-S
dài tì zhě	4-32278-B
dài tóng táng	1-30162-S
dài tóu	22-29463-B
dài tīng	71-3053-S
dài tōng shǐ	38-58713-S
dài wéi sī	26-24074-B,42-58699-S
dài wéi sī bēi	26-24148-B
dài wéi yíng	26-24252-B
dài wǔ	42-49197-S
dài xiàn	4-32832-B
dài xiè	4-33585-B,30-57940-S
dài xiè bìng	63-42851-S
dài xióng	34-61842-S,56-50152-B
dài xiāng chuán	2-37921-S,4-30348-S
dài xiāo cǎo	23-65031-B
dài xiě	4-30836-B
dài xì	22-17450-S
dài xìng	42-49067-S
dài xíng shì	42-48994-S
dài yuán	27-41741-S,28-25952-S
dài yán rén	4-33417-B
dài yè	23-65093-B
dài yù	23-65317-B,32-20954-S,33-35296-S,41-56729-S
dài yùn	4-30716-B
dài yùn shū jī	44-65492-S
dài yú	7-51114-S,22-29538-B,41-18870-S
dài yīn	12-12805-S
dài yīn yuè	42-49318-S
dài yǒu	22-28512-B
dài yǒu sè yǎn jìng	26-23583-B
dài yǔ lín	41-18726-S
dài zhuàng pào zhěn	22-28610-B
dài zhuàng tài	67-21156-S
dài zhuī rén	49-45481-S
dài zhèn	22-17507-S
dài zhì shàng	35-51416-S
dài zhì xià	35-51497-S
dài zhě	29-33925-S
dài zhī	11-58918-S
dài zhī yǐ	4-30250-B
dài zhōng guó	61-56868-S
dài zhǔ yì	24-698-S
dài zi	17-34723-S,22-28427-B,56-50117-B
dài zuì gāo yáng	4-32887-B
dài zōng	21-37066-B
dài zǒu	22-28864-B
dài ān nà	26-23457-B,71-37404-B
dài ān nà wáng fēi	26-23512-B
dài ěr	26-23704-B,54-1630-S,54-61632-S
dàn	1-1835-S,1-10483-S,1-13362-S,1-13458-S,1-67829-S,2-68493-S,2-70951-S,3-37658-S,4-43883-S,4-64505-B,5-60516-S,6-31282-S,6-45858-S,6-51275-B,6-62028-S,7-30040-S,8-19723-S,8-21880-S,9-69170-S,10-23214-S,11-32040-S,11-47388-S,11-47494-S,11-47853-S,11-47906-S,11-52932-S,13-63957-B,13-64010-B,14-9198-S,14-33913-B,15-40310-S,16-35207-S,17-12837-S,19-1239-S,19-1467-S,19-1542-S,19-1618-S,19-16593-S,19-38409-S,19-45950-S,20-12923-S,20-58602-S,20-63938-S,21-51624-S,22-43096-S,23-46516-B,23-46884-B,23-50315-S,24-42402-S,24-65947-S,25-47649-S,25-56335-B,25-57846-B,26-20228-S,26-34178-S,28-55333-S,29-6264-S,29-7365-S,29-22463-B,30-9935-S,31-12669-B,31-41228-S,31-61759-S,33-28639-S,33-57465-S,34-42755-S,35-37287-S,36-3885-S,36-7026-S,36-7597-S,36-34046-S,36-35238-B,37-1596-S,37-13650-S,38-38011-S,38-38402-S,38-43245-B,38-43780-S,38-55224-S,38-57019-S,38-63060-S,39-8428-S,39-34964-S,39-43788-S,40-4096-B,40-7028-S,40-29153-S,40-29251-S,40-30338-S,40-31056-S,41-7813-S,41-10600-S,41-34619-S,42-33267-S,42-51830-S,43-57407-S,44-2685-S,44-20713-B,45-135-S,45-58537-S,46-3657-B,46-18598-S,46-22972-S,47-10555-S,47-33927-S,47-46334-S,47-46421-S,47-55911-B,48-7833-S,49-4069-S,49-5388-S,49-10688-S,51-51044-S,52-3895-S,52-7985-S,52-21663-S,52-52487-S,53-7671-S,53-16672-S,53-56663-S,54-18313-S,54-19628-S,54-36298-S,54-42378-B,55-60525-B,56-4088-B,56-55046-S,56-61155-S,57-21454-S,58-23712-B,60-44611-S,63-14443-S,63-59259-S,65-60582-S,66-33007-S,66-58518-S,67-8027-S,67-40598-S,67-46197-B,67-62938-S,68-63248-S,69-32000-S,70-4584-S,70-24610-B,70-36055-S,70-54827-B,71-4580-S
dàn 5r	52-52532-S
dàn bái	24-20683-S,24-22213-S,42-52685-S,43-39938-S,44-45833-S,48-61425-S,50-47127-S,50-47704-S,52-7478-S,52-28696-S,55-60710-B,56-28032-S,57-45930-S,70-23177-S
dàn bái shí	55-60769-B
dàn bái sù	55-60818-B
dàn bái zhì	42-52248-S,55-60869-B
dàn bó	38-43841-B
dàn bù jīng	24-65993-S,54-18396-S
dàn chén	58-23818-B
dàn chǎo fàn	67-8143-S
dàn dà xué	24-14520-S
dàn dàn	38-43780-B
dàn dàn miàn	29-23021-B
dàn dào	23-50245-B
dàn dào dǎo dàn	23-50315-B
dàn dīng	4-64561-B
dàn dǎo dàn	11-47906-S
dàn guān xì	8-21931-S
dàn guāng	38-43340-B
dàn guǐ	28-55402-S
dàn gāo	43-21278-S,55-60921-B,71-30702-S
dàn gōng	23-48257-B
dàn huà	38-43383-B
dàn huáng	38-43899-B,55-61063-B
dàn huáng jiàng	55-61107-B
dàn huáng sù	55-61166-B
dàn huā tāng	55-60959-B
dàn huǒ chē	19-1278-S
dàn hé	49-4109-S,49-5428-S
dàn hé qián tǐng	20-58673-S
dàn jiá	23-47765-B
dàn jiè qì	36-35382-B
dàn jié	51-41928-S,51-51403-S
dàn jiǎo	31-12718-B
dàn jì	38-43429-B,67-40305-S
dàn jìn liáng jué	23-49491-B
dàn jìn yuán jué	23-49352-B
dàn jīng yíng	25-47723-S
dàn kuài lè	51-51269-S
dàn ké	23-49073-B,55-60608-B
dàn ké 5r	67-8083-S
dàn kēng	23-47571-B,63-6998-S
dàn kǎ	51-51209-S
dàn kǒng	23-47909-B
dàn liàng	61-7314-S
dàn lóng	47-60012-S
dàn lǎo rén	51-51491-S
dàn miàn	29-23021-S
dàn ní	51-44491-S
dàn ní shēng	4-64679-B
dàn piàn	23-49121-B
dàn pào	34-42310-S
dàn qián tǐng	20-58933-S
dàn qián xī	51-51138-S
dàn qì	36-35271-B
dàn shuǐ	38-43493-B
dàn shuǐ hú	38-43583-B
dàn shuǐ yú	38-43719-B
dàn shuǐ zhèn	38-43644-B
dàn shì	4-64740-B
dàn shì jiàn	37-1659-S
dàn shù	51-51342-S
dàn shā shǒu	53-7832-S
dàn shēng	58-23772-B
dàn shū	4-64785-B
dàn sī kè	33-65001-S
dàn tà	55-60563-B
dàn tóu	23-50378-B,33-57513-S
dàn wán	23-47048-B
dàn wú jī	54-18484-S
dàn wú qí	22-43165-S
dàn wǔ qì jì shù kòng zhì zhì dù	20-58774-S
dàn xìng	22-6875-S
dàn xí jī shì jiàn	53-7522-S
dàn yuàn	4-64844-B
dàn yào	10-21901-S,11-32219-S,23-49960-B,43-24523-S
dàn yào kù	23-50004-B
dàn yǎng huà wù	36-35312-B
dàn yǐ lǐ shū	4-64611-B
dàn zhèn	17-22440-S
dàn zhū	23-49225-B
dàn zi	29-22680-B
dàn è	23-58150-S
dàn ān suān	55-60649-B
dàng	1-2375-S,1-54246-S,2-19271-S,2-35303-S,6-60579-S,10-1432-S,10-1868-S,10-12744-S,14-57623-S,15-53402-S,17-66386-S,18-36445-S,19-7951-S,19-39247-B,19-46679-S,19-63464-S,23-16944-S,23-58922-S,24-8563-S,25-5753-S,25-30794-B,26-2787-S,26-57438-S,27-35886-S,27-70852-S,28-11193-S,28-46414-S,28-59878-S,29-20186-B,29-52833-S,30-27090-S,30-28862-S,30-59340-S,34-46129-S,35-11306-B,35-54643-S,37-41592-S,38-10729-S,38-11247-S,38-12055-S,38-46375-S,39-43626-S,40-5596-S,40-5693-S,41-51452-S,43-64540-B,45-14367-B,45-21415-S,46-30422-B,47-48762-S,47-49039-S,48-35791-B,48-39970-S,48-54571-S,52-41192-S,53-2847-S,54-23737-S,54-31457-B,55-15614-B,60-34302-S,60-34750-S,60-35009-S,62-37788-S,62-65554-S,63-18859-S,65-52839-S,67-40797-S,68-61241-S,70-16699-S
dàng bō li	68-55132-S
dàng chéng	43-67281-B
dàng chāng	19-39289-B
dàng chē	19-30227-S
dàng chǎn	6-47391-S
dàng cì	35-12286-B
dàng diào huán	29-30640-S
dàng dàng	38-10729-S,47-49039-S
dàng dí	55-15829-B
dàng fù	55-15695-B
dàng fú zhuāng	70-16761-S
dàng fǎ	52-39453-S
dàng gǎn	28-46464-S
dàng huí shì	43-66415-B
dàng huí shì 5r	43-66574-B
dàng jiāng hú	65-52966-S
dàng qiū qiān	45-14561-B
dàng qì huí cháng	55-15751-B
dàng qī	35-11426-B
dàng rán	45-14502-B,55-15928-B
dàng rán wú cún	55-16020-B
dàng shān	46-30468-B
dàng tiān	43-66975-B
dàng xìng	35-38125-S
dàng yàng	45-14418-B,55-15874-B
dàng yī huí shì	2-19338-S
dàng zhāo zhāng	60-34381-S
dàng zuò	43-65799-B,43-65852-B
dàng àn	35-11482-B
dàng àn fú wù	35-11962-B
dàng àn fēn pèi qū	35-11644-B
dàng àn guǎn	35-12225-B
dàng àn jiàn lì	35-11893-B
dàng àn shǔ xìng	35-11822-B
dàng àn zhuǎn sòng	35-12028-B
dàng àn zhuǎn sòng cún qǔ jí guǎn lǐ	35-12100-B
dàng àn zhí xíng	35-11735-B
dào	1-22057-S,1-61085-S,1-66964-S,1-72558-S,1-76455-S,2-21947-S,3-7280-S,3-42795-S,4-3709-S,4-16103-S,4-16202-S,4-16279-S,4-17332-S,5-17227-S,5-30407-S,5-46835-S,5-49503-S,5-55092-B,6-10164-S,6-14211-S,6-23368-S,6-41390-S,6-41853-S,6-44572-S,6-46239-S,7-3279-S,7-4851-S,7-25719-S,7-31070-S,7-46354-S,7-65112-S,9-9255-B,9-63269-S,10-34046-S,11-35667-S,11-44141-S,11-60273-S,11-68916-S,12-5458-S,12-12856-S,12-34912-S,12-52179-S,13-15868-S,13-18065-S,13-31869-S,13-63251-S,14-5634-S,14-21407-S,14-54614-S,15-24874-S,15-38004-S,15-45295-S,15-52354-S,16-9095-S,16-12412-S,16-50022-S,17-36449-S,17-71677-S,18-19278-S,19-2968-S,19-3409-S,19-55856-S,20-43253-S,21-10948-S,21-15166-S,21-16400-S,21-35038-S,22-17958-S,22-28098-S,22-36355-B,22-53034-S,23-23627-S,23-44861-S,23-50245-S,24-5158-S,24-6268-S,24-6920-S,24-17794-S,24-48823-S,24-49002-S,24-63809-S,24-64159-S,24-66092-S,25-9744-S,25-10673-S,25-11347-B,25-25118-S,25-25494-S,25-29330-S,25-39135-S,25-43128-S,25-47875-S,25-50294-S,26-15932-S,26-40675-S,26-58846-S,26-59145-S,26-64839-S,27-49155-S,28-25162-S,28-37545-S,29-25228-S,29-40362-S,29-46382-S,29-61440-S,30-25497-S,30-34634-S,31-10008-S,31-15096-S,31-41777-S,32-58297-S,33-24490-S,33-44723-S,34-23382-S,34-51786-S,35-45378-S,36-30982-S,36-45068-S,36-47079-S,36-58323-S,37-9465-S,37-9588-S,37-21467-S,37-59085-S,38-22873-S,38-29546-S,38-64995-S,39-1910-S,39-18427-S,39-28568-S,39-29504-S,40-62702-S,41-16875-S,41-26189-S,41-34095-B,42-36865-S,42-52851-S,43-29895-S,43-33099-S,43-36720-S,44-46680-S,45-6418-B,45-20603-S,45-38113-S,45-45118-S,46-30638-S,46-51583-S,46-61833-S,47-24321-S,47-35515-B,47-35717-B,47-47538-S,47-59855-S,48-17869-S,48-27255-S,48-46956-S,49-817-S,49-27732-S,49-63335-S,50-48048-B,51-24283-B,51-56854-S,51-69706-S,52-22917-S,52-28093-S,52-44557-S,52-44705-S,52-56269-S,53-2929-S,53-36481-S,54-303-S,54-11997-S,54-33652-S,56-36682-S,56-49494-S,57-27780-S,57-29615-S,57-66821-S,58-28663-S,58-32565-S,58-33747-S,58-40976-S,58-54238-S,58-55628-S,59-44988-S,60-7089-S,60-14290-S,60-33754-S,60-36417-S,60-59925-S,60-60355-S,60-62030-S,61-7970-S,61-15672-S,61-29699-S,61-34639-S,61-35202-S,61-49068-S,61-57267-S,62-13583-S,62-15081-S,62-26869-S,62-35699-S,62-48435-S,62-49380-B,62-52544-S,62-52737-S,62-66181-S,62-67312-S,63-18942-S,63-24543-S,63-50872-S,64-1093-S,65-4959-S,65-30492-S,65-42896-S,65-56834-S,65-61564-S,65-63698-S,66-25256-S,66-26798-S,66-42588-S,67-102-S,67-13709-S,67-49458-S,67-49995-S,68-670-S,68-3940-S,68-27885-S,68-40451-S,68-42400-S,69-705-S,69-4271-S,69-14036-S,69-14261-S,70-51070-S,71-4411-S,71-12834-S,71-23578-S
dào 5r	41-16940-S
dào bié	62-49835-B
dào biāo zhì fú	55-52274-S
dào bái	62-51599-B
dào bèi rú liú	5-59971-B
dào bèi shǒu	5-60085-B
dào bèi shǒu 5r	5-60165-B
dào bù	6-42131-S
dào bù shí yí	62-49468-B
dào bǎn	45-6520-B
dào bǎn zhě	45-6608-B
dào chà	62-50704-B
dào cháng chéng fēi hǎo hàn	1-72640-S
dào chéng	47-35750-B
dào chéng gōng	69-34384-S
dào chù	9-10134-B
dào chā mén	5-57530-B
dào chē	5-61501-B,60-61450-S,65-30075-S
dào chōu le yī kǒu qì	5-57344-B
dào chōu yī kǒu qì	5-57258-B
dào chūn hán	5-58232-B
dào chǎng	9-9486-B,54-31284-S,62-50006-B
dào cì	5-55625-B
dào cí	25-11509-B,25-11564-B
dào cāng	60-62124-S
dào cǎi	5-56104-B,14-10110-S
dào cǎo	47-36018-B
dào cǎo rén	47-36057-B
dào cǐ	9-9822-B
dào cǐ chù	9-9870-B
dào de	62-44728-S
dào duō zhù	24-9306-S
dào duǎn	58-33789-S,58-44834-S
dào dá	9-10192-B
dào dá dà tīng	9-10243-B
dào dá mù dì dì gēng néng gěi rén lè qù	6-65579-S
dào dé	2-34770-S,7-56571-S,32-40099-S,62-50753-B
dào dé jiā	62-50814-B
dào dé jīng	62-50958-B
dào dé rèn shi	62-51038-B
dào dé sù zhì	62-50864-B
dào dì	62-49955-B
dào dòng zú zì zhì xiàn	62-15161-S
dào dǎ yī pá	5-57061-B
dào dǎo dàn	23-50315-S
dào dǐ	9-9555-B,35-54441-S
dào fàn zi	3-43167-S
dào fàng	5-57736-B
dào fèn	5-59714-B
dào fù zhé	64-1165-S
dào fú	62-50273-B
dào fēi chē	5-42624-S
dào fěi	45-6480-B
dào fū	38-65122-S
dào guà	5-57439-B
dào guàn	5-58954-B,62-51903-B
dào guò 5r	5-61773-B
dào guāng	62-49655-B
dào guāng dì	62-49729-B
dào guǒ wéi yīn	5-58479-B
dào gū	62-50230-B
dào gǔ	47-35931-B
dào huáng hé xīn bù sǐ	1-72767-S
dào huì	5-49607-S,61-57333-S
dào huí fǔ	26-49604-S
dào huān yíng	17-71764-S
dào hán	36-64390-S
dào hè	62-52080-B
dào hé	24-44570-S
dào hù	10-16527-S
dào hù zhì	10-16630-S
dào hǎo chù	25-5161-S
dào jiào	62-51187-B
dào jiào tú	62-51263-B
dào jiè miàn	7-71027-S
dào jié	5-59375-B
dào jiù yuán	4-17558-S
dào jiā	53-32854-S,62-50494-B
dào jiāng	3-42975-S,7-53023-S
dào jiāng qū	3-43066-S,7-53114-S
dào jiǎo	24-12369-S
dào jìn tóu de guāng liàng	66-42628-S
dào jù	62-49791-B
dào jī	60-61396-S
dào jī nèi yà	60-7166-S
dào jī quǎn shēng tiān	1-1662-S
dào kāi	5-61994-B
dào kōng	5-59439-B
dào kǎ sī zú	62-49896-B
dào kǒu	3-55249-S,66-25296-S
dào kǔ shuǐ	5-60392-B
dào le	9-9327-B,45-64980-S
dào lián jiē	55-52403-S
dào liè chē	5-42415-S
dào liè fēi chē	5-42514-S
dào liú	5-58742-B,11-54620-S
dào lái	9-9438-B,17-38441-S
dào lì	5-59521-B
dào lì xiàng	5-59620-B
dào líng	28-33509-S
dào lóng	3-42070-S,45-6748-B
dào lù	62-52123-B
dào lù gōng chéng	62-52169-B
dào lǎo	37-63678-S,44-48490-S
dào lǎo xué dào lǎo	37-63678-S
dào lǐ	29-29425-S,32-40149-S,62-51460-B
dào mào àn rán	62-52002-B
dào máng	22-35354-S
dào mén	65-21452-S,65-62598-S
dào móu	48-32362-S
dào mù qián	9-9986-B
dào mù qián wéi zhǐ	9-10051-B
dào mǐ	47-35974-B
dào niàn	25-11382-B
dào niǎo	12-4524-S,63-4695-S
dào nà gè shí hòu	9-10310-B
dào nà lǐ	9-10392-B
dào néng lì	68-34299-S
dào nì liú	60-7248-S
dào péi	5-61249-B
dào pú tao shuō pú tao suān	14-14139-S
dào qiàn	62-51337-B
dào qiè	45-6668-B
dào qióng sī	62-51544-B
dào qí	62-50192-B
dào qī	9-9766-B
dào qū	3-42880-S
dào qǐ dòng jì shù	60-40201-S
dào qǔ	45-3882-B
dào ruò quán	62-32747-S
dào ruò tuì	62-32820-S
dào shi	5-58317-B
dào shì	62-50143-B
dào shí	9-9632-B
dào shí hòu	9-9687-B
dào shí èr gōng	71-23658-S
dào shù	5-58072-B
dào shān xué hǎi	62-50632-B
dào shū	6-41969-S
dào shǒu	23-23707-S
dào shǔ	5-57922-B
dào suǒ	5-61850-B
dào sī hè xū lí	66-12993-S
dào sī · hè xū lí	66-12887-S
dào tián	47-35874-B
dào tián dà xué	31-15185-S
dào tiē	5-61157-B
dào tuán	30-48787-S
dào tuì	5-61660-B
dào tóu lái	9-10442-B
dào tīng tú shuō	62-51775-B
dào wěi	24-12277-S
dào wǎn	1-6032-S
dào wǎng luò de jiē kǒu	43-35160-S
dào wǎng luò jiē kǒu	43-35044-S
dào xiàn	62-51654-B
dào xiàn zài	9-9920-B,45-20642-S
dào xiàng	5-55541-B,5-59309-B
dào xiè	62-51951-B
dào xiāng wáng	25-11426-B
dào xuán	5-56262-B,57-50806-S
dào xuán zhī jí	5-56503-B
dào xuán zhī kǔ	5-56663-B
dào xuán zhī wēi	5-56342-B
dào xué	62-50334-B
dào xìng	16-32566-S
dào xíng nì shī	5-60574-B
dào xù	5-57858-B
dào yuàn	5-49668-S,17-5921-S,18-19392-S,62-52307-B
dào yuàn zhǎng	17-6009-S,43-45057-S
dào yuán	26-55472-S
dào yuǎn	4-44306-S
dào yán	66-25380-S
dào yì	62-51708-B
dào yìng	5-58169-B
dào yùn shū	48-27298-S
dào yǐng	5-56179-B
dào yǐng xiǎng	11-60343-S
dào yǒu	25-46699-S
dào zhuāng	5-60748-B
dào zhuāng jù	5-60873-B
dào zhuǎn	5-61576-B
dào zhèng	33-12694-S
dào zhèng hòu qún	52-38801-S
dào zhì	5-59832-B,32-64677-S,61-13058-S
dào zhāng	5-49555-S,18-19329-S
dào zhě	6-42065-S,12-52228-S,68-34247-S
dào zhī shàng	9-10517-B
dào zhǎng	62-52244-B
dào zhǐ	62-51125-B
dào zhǔ	33-24529-S
dào zhǔ yì	4-17476-S
dào zi	47-35817-B
dào zuì	11-43867-S
dào zuò er	5-55911-B
dào zàng	62-51852-B
dào zéi	45-6707-B
dào zì rán chéng	9-47798-S
dào zāi cōng	5-58595-B
dào ái	69-4314-S
dào ér chí	52-18559-S
dào ér xíng zhī	11-44769-S
dào ěr	19-33090-S,33-47589-S
dào ěr dùn	62-51403-B
dào ěr gòng hé guó	19-33140-S
dá	1-63552-S,3-63080-S,4-56357-S,5-4725-S,6-42184-S,7-6270-S,7-20795-S,7-31480-S,9-10192-S,9-57875-S,12-17417-S,12-24568-S,12-41846-S,13-35245-S,13-62928-S,14-53361-S,14-57129-S,15-67507-S,16-11768-S,16-63975-S,18-36903-B,19-29345-S,19-33223-S,20-3008-S,20-54266-S,21-55167-S,22-7747-S,23-32070-S,24-28506-S,24-54168-B,25-47281-S,25-53606-S,25-61034-S,26-40295-B,27-15436-S,30-40272-S,31-23245-S,32-67863-S,33-48280-S,33-66054-S,33-67248-S,36-61052-S,37-48744-S,40-35475-S,41-61077-S,42-15103-S,43-30262-S,44-19481-B,44-34911-S,45-13277-S,45-25171-S,48-8102-B,48-20432-B,50-4815-S,50-41418-B,50-56843-S,51-57506-S,52-7650-S,53-45976-S,54-13616-B,54-27453-S,54-43102-S,55-21979-B,55-38912-S,55-41838-S,55-44689-S,56-46719-S,57-7968-B,57-51814-S,60-51332-S,60-52605-B,61-29761-S,61-37867-S,62-15292-S,62-33498-B,62-52372-B,63-43311-S,65-20430-S,65-35384-S,66-26580-S,66-54589-S,67-24084-S,68-6329-B,68-9541-B,68-9624-S,68-10728-S,69-1410-S,69-43275-S,70-22885-S
dá biàn	48-21489-B,48-21567-B
dá biāo	62-54175-B
dá bài	48-20800-B
dá bù	66-10512-S
dá bù dào	62-52544-B
dá bǐng gān	55-39068-S
dá chéng	62-53513-B
dá cí	48-21328-B
dá duì	48-20599-B
dá dà tīng	9-10243-S
dá dào	62-52737-B
dá dá	68-9624-B
dá dá hǎi	68-9759-B
dá dá rén	68-9702-B
dá fá	17-17476-S
dá fù	48-20650-B,48-21240-B
dá fēi suǒ wèn	48-21628-B
dá fēn qí mì mǎ	62-55151-B
dá fēn xī	62-55231-B
dá fēng	11-8175-S
dá fěn	21-60-S,55-39014-S
dá fū	70-30593-S
dá fǎng	48-21277-B
dá guó	44-34989-S
dá guó jiā	44-35048-S
dá guān	62-53193-B,62-55312-B
dá gé lán	8-30405-S
dá gé lán zú	8-30468-S
dá gē lā sī	43-55532-S
dá huà	48-21382-B
dá hé	25-38240-S
dá hé duō bā gē	10-51395-S,41-61137-S
dá hé zhōu	25-38287-S
dá hǎi	68-9759-S
dá jiā sī jiā	69-43312-S
dá juàn	48-20486-B
dá kà ěr	62-52960-B
dá kè	43-11160-S,49-16540-S
dá kè shěng	43-11236-S
dá kē tā	10-35293-S,11-4119-S
dá kē tā zhōu	10-35358-S,11-4184-S
dá kǎ	54-43158-S,62-52799-B
dá kǎ nà ěr dǎo	43-9482-S
dá kǎ nà ěr zhàn yì	43-9574-S
dá luó	28-65333-S
dá luó pí tú	62-55036-B
dá là	55-41935-S,55-42130-S
dá là dǎo	55-42027-S
dá lài	62-55396-B
dá lài lǎ ma	62-55482-B
dá lèi sī sà lā mǔ	62-54869-B
dá lì dūn	65-5538-S
dá lìng	62-52689-B
dá lìng liú yù	16-29346-S
dá lí jiā	13-43282-S
dá lā gōng	22-18105-S
dá lā hā lā	43-9693-S
dá lā mǎ	43-9767-S
dá lā mǎ shān	43-9870-S
dá lā shān	22-18165-S
dá lā sī	62-53585-B
dá lā tè qí	62-53633-B
dá lū gá qí	62-53028-B
dá lǎng bèi ěr	62-54098-B
dá lǐ	9-60064-S,26-39533-S,48-21109-B
dá lǐng	7-53215-S
dá lǔ	68-9586-B,69-56711-S
dá lǔ huā chì	62-55544-B
dá lǔ sà lán guó	30-30710-S
dá màn dǎo	19-33286-S
dá màn hǎi	19-33398-S
dá màn qún dǎo	19-33467-S
dá mó	62-53724-B
dá mó xíng	58-10716-S,58-11369-S
dá mù	63-17620-S
dá mù dì dì gēng néng gěi rén lè qù	6-65579-S
dá mù pén dì	33-51273-S
dá mǐ yà	51-8443-S
dá mǔ	55-26388-S
dá mǔ hòu sài yīn	55-26436-S
dá ní yà	62-53248-B
dá pèi sī	22-18023-S
dá qì	44-28020-S
dá rén	68-9702-S
dá rén xiāng	62-52614-B
dá rì	62-54039-B
dá rú liú	20-54313-S
dá shuǐ	55-38960-S
dá shì	6-42290-S,56-46881-S
dá shù	48-20850-B
dá shān mài	11-8068-S
dá shī yǔ zhèng	56-46795-S
dá shōu fā jī	43-63944-S
dá sī	13-38922-S,42-15140-S,54-26006-S,66-12809-S
dá tè	55-26525-S
dá tè máo sī	62-54701-B
dá tè máo sī xué yuàn	62-54776-B
dá wá jié	55-24118-S
dá wèi	62-52860-B
dá wèi wáng	62-52905-B
dá wèn	48-20560-B
dá wén xī mì mǎ	62-53762-B
dá wò sī	62-54232-B
dá wò sī lùn tán	62-54331-B
dá wò ěr	62-53866-B
dá wò ěr zú	62-53930-B
dá wù	58-62952-S
dá wù zú	62-53460-B
dá xiàn	36-61115-S,62-54974-B
dá xiè	48-21433-B
dá xuē xī	3-64583-S
dá yuán	6-42225-S
dá yà qí	42-48123-S
dá yí	48-20971-B
dá yīn	62-53099-B
dá zhōu	5-4653-S,7-31530-S,23-32130-S,31-23308-S,62-53303-B
dá zhōu shì	62-53376-B
dá zī	62-53136-B
dá · fēn qí	62-52463-B
dá · qīng fū	13-25537-S
dá àn	48-20924-B
dá ěr	7-16335-S,30-40477-S,32-15168-S,65-66892-S
dá ěr fù ěr	62-54427-B
dá ěr fú ěr	62-54615-B
dá ěr wén	62-54485-B
dá ěr wén gǎng	62-54554-B
dèng	1-41641-S,8-30541-B,21-48375-B,33-29454-S,39-65379-B,45-59396-B,46-852-S,46-41368-B,52-43224-S,60-51579-B,61-54655-S,63-32756-B,65-936-B,69-43122-S,69-43741-S,71-21269-S
dèng dèng	71-21269-S
dèng gǔ	65-967-B
dèng jiā	63-33029-B
dèng kǒu	46-41414-B
dèng kǒu dāi	45-18457-S
dèng liàng hóng	63-32910-B
dèng lì jūn	63-33496-B
dèng qīng	39-65837-B
dèng shì chāng	63-32792-B
dèng tuò	63-33368-B
dèng xiǎo píng	63-33069-B
dèng xiǎo píng lǐ lùn	63-33142-B
dèng yà píng	63-32853-B
dèng yǎn	45-22933-S
dèng yǐng chāo	63-33423-B
dèng zhōu	63-33304-B
dèng zǐ	8-30576-B
dé	1-18933-S,1-34468-S,1-76382-S,2-8284-S,2-19129-S,2-34770-S,3-11173-S,3-64646-S,3-64732-S,4-48496-S,5-4469-S,5-31589-S,5-37129-S,7-15154-S,7-17125-S,7-32369-S,7-41151-S,7-51339-S,7-56571-S,7-59879-S,9-8114-S,9-48592-S,10-5294-S,10-23767-S,11-7601-S,11-7647-S,11-8653-S,11-14511-S,11-58112-S,12-7980-S,12-47037-S,12-47214-S,13-33870-S,13-38849-S,13-39474-S,13-56746-S,14-8212-S,14-12167-S,14-50091-S,16-2153-S,16-2433-S,16-54673-S,16-60129-S,18-14696-S,18-17526-S,18-47080-S,19-65223-S,20-17478-S,21-12957-S,22-2829-S,22-6621-S,22-8171-S,22-17021-S,22-31268-S,22-66616-S,23-2242-S,23-3109-S,23-12769-S,23-21151-S,23-28730-S,23-31822-S,23-32371-S,23-60861-S,24-5886-B,24-22628-B,24-23888-B,24-31626-S,24-32226-S,25-1039-S,25-2050-S,25-20356-S,25-24370-B,25-41000-S,25-59263-S,25-63435-S,26-28387-S,26-29765-S,26-60960-S,27-22159-S,27-22920-S,29-2172-S,29-65598-S,29-66141-S,30-41205-S,30-65796-S,30-66475-S,31-2016-S,31-4665-S,31-23696-S,31-27542-S,31-47819-S,31-47922-S,32-40099-S,32-68821-S,33-2517-S,33-18953-S,33-34115-S,34-6427-S,34-11736-S,35-25969-S,35-27520-S,35-27604-S,36-9779-S,36-51196-S,36-53974-S,37-33086-S,37-34685-S,37-38598-S,37-51249-S,37-55592-S,37-55999-S,38-19511-S,40-1179-S,41-7392-S,41-38831-S,41-43168-S,42-23305-S,42-38061-S,42-47571-S,42-55552-S,43-129-S,43-10980-S,43-14074-S,45-4966-S,47-19620-S,47-21454-S,47-37862-S,48-23811-S,49-56899-S,50-51879-S,51-6880-S,51-6928-S,51-46092-S,53-46717-S,53-46782-S,53-46873-S,53-47352-S,54-3403-S,57-17407-S,57-18757-S,57-25838-S,57-29540-S,59-30287-S,59-30934-S,59-42837-S,59-53751-S,59-63302-S,60-4305-S,60-8108-S,60-42081-S,60-42206-S,61-1406-S,61-6932-S,62-31596-S,62-45287-S,62-50753-S,63-18168-S,63-54640-S,64-49565-B,65-14794-S,65-66066-S,65-69851-S,66-2236-S,66-2296-S,66-2356-S,66-9604-S,66-11976-S,66-28968-S,66-37726-S,66-55197-S,66-55736-S,67-12110-S,67-17127-S,67-23707-S,67-43710-S,68-23883-S,69-31481-S,69-41673-S,70-38138-S,71-33048-S,71-63241-S
dé 5r	55-24240-S
dé bìng	24-8617-B
dé bó néng xiǎn	24-28215-B
dé bù	2-8354-S
dé bù cháng shī	24-6164-B
dé bù dào	24-6268-B
dé bù lè sēn	24-25963-B
dé bù lā dé	33-34115-S
dé bā hè	65-23656-S
dé bā hè cāi xiǎng	13-43080-S
dé bān	24-27822-B
dé bāng	37-47987-S
dé bēi	54-39840-S
dé bǎo	13-43010-S,23-61001-S,24-24028-B,38-19591-S,38-19655-S,51-46629-S,69-38985-S
dé chuān	24-25544-B
dé chāng	24-27082-B
dé chěng	24-9117-B
dé chū	24-6805-B
dé cái	24-26652-B
dé cái jiān bèi	24-26725-B
dé cùn jìn chǐ	24-7495-B
dé duō	22-199-S
dé dà xué xué wèi	11-58171-S
dé dàng	24-8563-B
dé dào	12-12856-S,24-6920-B
dé dào duō zhù	24-9306-B
dé dào jī quǎn shēng tiān	1-1662-S
dé dì qū	20-17550-S,22-31341-S,26-61033-S
dé dū	24-28702-B
dé dǎo	50-57816-S
dé dǎo zhōu	50-57872-S
dé fú	14-61468-S
dé fā dǒu	14-40035-S
dé fēn	4-35429-S,24-6879-B
dé fǎ nián jiàn	24-27504-B
dé guò qiě guò	24-9167-B
dé guó	24-24530-B,51-63772-S
dé guó hàn shā háng kōng gōng sī	24-24715-B
dé guó má zhěn	24-24889-B
dé guó mǎ kè	24-24825-B
dé guó rén	24-24648-B
dé guó zhī shēng	24-24577-B
dé gé	24-27147-B
dé gé lè	23-61180-S
dé gé ěr	38-19709-S
dé gāo wàng zhòng	24-29131-B
dé gē ěr mó	30-40386-S
dé gōng rén dǎng	22-66747-S
dé huà	24-24470-B
dé huá	9-42321-S,25-34457-S
dé huá dǎo	25-34522-S
dé huá wáng zǐ dǎo	25-34596-S
dé huá zī	25-34692-S
dé huái	23-57600-S
dé huì	24-26024-B,60-42336-S
dé huì dì qū	24-26107-B
dé huì shì	24-26198-B
dé háo sī	4-53040-S
dé hé kè	39-21552-S
dé hòu shū	23-61084-S
dé hóng	24-25104-B
dé hóng dǎi zú jǐng pō zú zì zhì zhōu	24-25204-B
dé hóng zhōu	24-25427-B
dé hú	3-11210-S
dé hēi lán	24-29267-B
dé hǎi	19-28182-S
dé hǎi mǔ	22-66986-S
dé hǔ zǐ	1-70353-S
dé jiàn	45-38506-S,52-373-S
dé jiào	43-202-S
dé jiù	24-8269-B
dé jiā	15-58402-S,62-50814-S
dé jiā · sī nuò	15-58576-S
dé jiā · ài lún · pō	15-58457-S
dé jiāng	24-27260-B
dé jiǎng	24-8517-B
dé jiǎo	5-4026-S
dé jì	60-42152-S
dé jìn	2-8660-S
dé jī	52-13744-S
dé jī chǎng	13-64859-S
dé jī zhá jī	52-13813-S
dé jīng	62-50958-S
dé kè sà sī	24-6668-B,24-24139-B
dé kè sà sī zhōu	24-6736-B,24-24196-B
dé kè xù bèi lǐ	51-46758-S
dé kǎ	49-18396-S
dé le	24-6543-B
dé liáng	66-27584-S
dé liè	19-28241-S
dé liè sī duàn céng	51-46452-S
dé liù shì	47-37936-S
dé liǎo	2-8472-S
dé luò fū	30-42280-S
dé luó	65-66288-S
dé luó cháng shù	65-66477-S
dé luó dìng lǜ	65-66378-S
dé luó pǔ	43-8900-S
dé luó shù	65-66615-S
dé luó wéi qí	23-61241-S
dé lái dé	66-2236-S,66-2296-S
dé lán	21-13451-S,33-17530-S,38-22211-S
dé lè	32-14506-S,59-46777-S
dé lè bā kè	24-24274-B
dé lè zhī	40-35524-S
dé lè zī	24-24351-B
dé lèi	19-28303-S
dé lèi sī dùn	24-27884-B
dé léi dé	66-2356-S
dé léi sī dùn	24-29007-B
dé léi ēn tú shū guǎn	4-58397-S
dé léi ěr	24-29068-B
dé lì	2-19516-S,24-6980-B,71-1255-S
dé lì yì	31-4731-S
dé lín	33-2571-S,43-966-S,71-12068-S
dé líng	25-34399-S
dé lóng	11-13595-S,71-12120-S
dé lún tè	24-24089-B
dé lā	11-15350-S,15-50049-S,32-14557-S,59-53679-S
dé lā bāng	19-28079-S
dé lā kè luó wǎ	24-26826-B
dé lā mén	24-26908-B
dé lā qún dǎo	69-37437-S
dé lā sī	69-37369-S
dé lěi dé	53-47352-S
dé lǐ	24-28457-B,24-28766-B,30-48667-S,44-61391-S,69-37582-S,69-37654-S
dé lǐ dá	24-28506-B
dé lǐ kè	23-33061-S
dé lǐ kè dùn	23-33133-S
dé lǐ mǐn	23-61321-S
dé lǐ xī	23-32722-S
dé lǐ yà hǎi	3-59120-S
dé lǔ	19-28433-S
dé lǔ rén	21-13184-S
dé mài	70-34645-S
dé mèng	61-40614-S,61-42863-S
dé méng dùn	15-58671-S,53-47289-S
dé míng	24-7187-B
dé měi	25-25615-S
dé mǎn dū	9-55511-S
dé nà	9-55593-S,29-724-S,70-14738-S
dé piào	24-8745-B
dé piào lǜ	24-8791-B
dé qián shū	23-60905-S
dé qìng	16-6706-S,24-26587-B
dé qí suǒ	12-29426-S
dé qù	62-45390-S
dé qī jiān	31-4798-S
dé qīn	24-27217-B
dé qīng	24-27665-B
dé qǐ	29-37486-S
dé rèn shi	62-51038-S
dé rén	22-66670-S,24-23979-B
dé rén xīn	2-8568-S
dé róng	24-8386-B
dé shuì	9-6681-S,26-28449-S
dé shuǐ	18-32123-S
dé shèng	24-7044-B,31-3858-S
dé shèng lì	42-23365-S
dé shèng mén	24-24414-B
dé shì	20-17631-S,22-31436-S,24-7106-B,26-61128-S,54-3480-S
dé shěng	5-44202-S
dé shī	24-7387-B
dé sà	29-65396-S
dé sài	18-13962-S
dé sè	43-10726-S
dé sù zhì	62-50864-S
dé sī	35-22652-S
dé sī jiū	19-10685-S
dé sī tǎn	22-66850-S
dé sī wò ěr	25-34312-S
dé tiān dú hòu	24-7256-B
dé tài zǐ	51-46861-S
dé tǐ	24-9461-B
dé wàng	69-37528-S
dé wáng cháo	66-14347-S
dé wéi dì yà	54-63045-S
dé wéi gé	70-40658-S
dé wéi jié fū	34-10755-S
dé wéi xī	60-42394-S
dé wéi ěr pān	24-27945-B
dé wén	24-8318-B,24-27032-B
dé wò xià kè	24-27325-B
dé wú liàng	9-48776-S
dé wú yàn	59-39167-S
dé wū pà	24-27729-B
dé wǎ ěr sī	48-30862-S
dé wǎ ěr sī lì	48-30981-S
dé xiāng	4-20724-S
dé xiū sī	18-13901-S
dé xìng	42-23427-S,51-18120-S
dé xìng miǎn yì	42-23498-S
dé xìng wú zhù gǎn	51-18180-S
dé xìng yuè dú zhàng ài	42-23582-S
dé xíng	24-28403-B,32-32508-S
dé xī	24-7691-B,24-28569-B
dé xīn	7-59942-S
dé xīn yìng shǒu	24-7608-B
dé xīng	24-28036-B
dé xīng shì	24-28120-B
dé yuán mǎn	9-48649-S
dé yào lǐng	2-8947-S
dé yán	18-37449-S
dé yáng	24-28850-B
dé yáng shì	24-28923-B
dé yì	24-7752-B,31-36208-S,37-51133-S
dé yì wàng xíng	24-7832-B
dé yì yáng yáng	24-7914-B,24-8132-B
dé yì zhì	24-26292-B
dé yì zhì lián bāng gòng hé guó	24-26381-B
dé yì zhì yín háng	24-26508-B
dé yí	24-7436-B
dé yú wàng quán	24-9528-B
dé yǐ	2-8746-S,24-6618-B,54-42826-S,61-51811-S
dé yǔ	24-28653-B
dé zhuàn	42-38672-S
dé zháo	24-8919-B
dé zhèn	31-23784-S,31-53828-S
dé zhèn shì	31-53933-S
dé zhèng	24-9058-B,24-26976-B
dé zhì	24-8962-B,24-27406-B
dé zhòng	24-6335-B
dé zhě	42-23688-S
dé zhěn suǒ	2-71158-S
dé zhī	24-8684-B
dé zhōu	24-25629-B
dé zhōu dì qū	24-25816-B
dé zhōu shì	24-25912-B
dé zhōu yí qì	24-25745-B
dé zhǔ	24-6484-B,42-16766-S,54-37738-S
dé zuì	24-8863-B
dé zōng	60-42277-S
dé · shī wǎ xīn gé	66-12616-S
dé ér zhī	2-8868-S
dé ā bā dé	53-46782-S
dé ān	24-24966-B,24-32275-S
dé ān xiàn	24-25029-B
dé ěr	54-37418-S
dé ěr bó lǐ	48-45394-S
dé ěr fú dé	34-6427-S
dé ěr shì	55-24315-S
dì	1-10181-S,1-38373-S,1-48356-S,1-49397-S,2-12768-S,2-16581-S,2-39641-S,2-76558-S,3-19248-S,3-39765-S,3-42414-S,3-49838-S,3-55815-S,3-58248-S,3-59976-S,3-60199-S,4-50755-S,4-67771-S,4-70893-S,6-42350-S,6-63772-S,7-11831-S,7-27391-S,7-28320-S,7-35272-S,7-57904-S,8-17381-S,8-34637-S,8-42401-S,9-41227-S,9-45349-S,9-45702-S,9-65778-S,10-4287-S,10-36462-S,10-56431-S,10-58901-S,11-9886-S,11-14667-S,11-24815-S,11-31325-S,11-34874-S,11-42774-S,11-47551-S,11-58858-S,12-15830-S,12-18468-S,12-28972-S,12-61727-S,12-62050-S,12-62533-S,13-8604-S,13-34368-S,13-41132-B,14-48086-S,14-49028-S,14-53058-S,15-22505-S,15-30120-S,15-37505-B,15-67626-S,16-2341-S,16-2930-S,16-13255-S,16-18302-S,16-22385-S,16-23491-S,16-25501-S,16-46404-S,17-11268-S,17-42351-S,17-45187-S,17-50499-S,17-64911-S,17-68922-S,18-21663-S,18-44986-S,18-51122-B,19-1179-S,19-35889-S,19-67485-S,20-3059-S,20-12563-S,20-23025-S,20-32762-S,20-45739-S,20-48177-S,20-63894-S,21-9488-S,21-16746-S,21-18075-S,21-27350-S,21-28995-S,21-54789-S,22-23275-S,22-23357-S,22-24877-B,22-38012-S,22-54307-S,22-63148-S,23-21266-S,23-33471-B,23-63379-S,24-5409-S,24-31435-S,24-49287-S,26-4855-S,26-18073-S,26-27939-S,26-65271-S,27-33021-S,27-45442-S,27-46301-S,28-10008-S,28-25751-S,29-59357-S,29-59978-S,29-60965-S,30-1807-S,30-10696-S,30-17591-S,30-46413-S,30-69260-S,31-60895-S,32-9316-S,32-13007-S,32-59582-S,32-62235-S,32-68872-S,33-7959-B,33-33734-S,33-46480-S,33-51273-S,33-53030-S,33-64124-S,34-8836-S,34-12853-B,34-22945-B,34-24176-S,34-55223-S,35-21322-S,35-31722-S,35-41032-S,35-41580-S,35-54520-S,35-58424-S,35-62039-S,35-66390-S,37-14942-S,37-25510-S,37-31842-S,38-17395-S,38-23113-S,39-3405-B,39-17075-S,39-17466-S,39-48434-S,39-49741-S,39-50212-S,39-50589-S,39-52309-S,40-8261-S,40-28298-S,40-44338-S,40-54964-S,41-15161-S,41-31124-S,41-57674-S,41-58426-S,42-1172-S,42-31289-S,42-37197-B,42-48458-B,43-9410-S,43-12713-B,43-13768-S,43-31642-S,43-37169-S,43-52896-S,43-66718-S,44-30791-S,44-32137-S,44-45454-S,44-59049-B,44-61576-S,45-1722-S,45-7016-S,45-7367-S,45-17986-S,45-18051-S,45-44868-S,45-53565-S,45-54077-B,46-18662-S,46-31758-B,47-3176-S,47-6447-B,47-22611-S,47-23751-S,47-32139-S,47-46012-S,47-50141-S,47-56839-S,48-8199-B,48-21974-S,49-45765-S,50-18619-B,50-40777-S,51-21417-S,51-37800-S,51-45199-S,51-54378-S,51-63881-S,52-43686-S,52-44798-S,53-12041-S,53-28076-S,54-14021-S,54-17313-S,54-21725-S,54-29778-S,54-35523-S,54-38124-S,54-49235-S,54-61050-B,55-1398-S,55-10984-B,55-18344-S,56-6751-B,56-13217-B,56-43305-S,56-44342-S,57-10922-S,57-25460-S,58-41092-S,58-45556-B,58-49513-S,58-56153-S,59-15306-S,59-29203-S,59-36120-S,59-47118-S,59-47228-S,59-59918-S,60-48655-B,60-62465-S,61-26804-S,61-29822-S,61-39954-S,62-2835-B,62-17356-S,62-42346-S,62-49729-S,62-49955-S,62-59643-B,62-67199-B,63-11366-S,63-26379-S,63-57136-S,64-20442-B,64-35905-S,64-36705-S,65-32032-S,65-32821-S,65-32969-S,66-1967-S,66-20845-S,66-23971-S,66-25025-S,66-32820-S,66-38995-S,66-39400-S,66-43312-S,66-58226-S,66-67708-S,68-25873-S,68-33809-S,68-62943-S,69-10666-S,69-15193-S,69-24242-S,69-47939-S,69-60447-S,70-12567-S,70-34824-S,71-8046-S,71-8102-S,71-17602-S,71-19648-S
dì biāo	15-41959-B
dì biǎo	15-44653-B
dì biǎo shuǐ	15-44713-B
dì bì lì sī	48-13346-B
dì bù	15-42001-B
dì bā	48-12083-B
dì bā shí	48-12121-B
dì bǎn	15-41862-B,27-52834-S
dì bǎo	15-39920-B
dì chéng	44-38938-S
dì chóng	59-54028-S
dì chóng bìng	59-54243-S
dì chóng shǔ	59-54130-S
dì chóng yóu	29-59423-S,53-28143-S
dì chǎn	15-43419-B,26-26371-S
dì cè liàng xué	17-11475-S
dì céng	15-40398-B
dì céng xué	15-40449-B
dì cí	12-1333-S
dì cí chǎng	15-43724-B
dì dao	15-45343-B
dì de xīn yī	44-61618-S
dì di	23-33944-B,48-13406-B
dì diǎn	3-31474-S,8-42457-S,15-46872-B,27-2705-S,48-40660-S,61-47992-S,62-60406-S,66-18120-S
dì duàn	15-42056-B
dì duì kōng dǎo dàn	15-40310-B
dì dài	9-56939-S,15-40516-B,37-25575-S
dì dào	15-45295-B
dì dì	45-18051-S
dì dì gēng néng gěi rén lè qù	6-65579-S
dì dòng	15-38857-B,15-42270-B,17-11425-S,17-46448-S
dì dòng shān yáo	15-39064-B
dì dòng yí	5-63049-S,15-38912-B
dì dā	14-202-B
dì dēng	54-49373-S
dì dǎo	57-9073-S
dì fang	15-41076-B
dì fang tíng chē	15-41247-B
dì fàng shǐ	40-57922-S
dì fù	17-52889-S,23-33758-B
dì fāng	15-40988-B
dì fāng fǎ yuàn	15-41630-B
dì fāng guān zhí wèi	15-41316-B
dì fāng xuán jǔ	15-41792-B
dì fāng xìng	15-41394-B
dì fāng xìng bān zhěn shāng hán	15-41445-B
dì fāng zhèng fǔ	15-41557-B
dì fāng zhǔ yì	15-41153-B
dì fāng zì zhì	15-41713-B
dì fēng	52-17233-S
dì fū	12-22407-S
dì fǎng shì	20-12603-S
dì guó	13-40703-S,17-25472-S,17-33316-S,18-14540-S,22-25179-B,33-23179-S,46-60951-S,50-63275-S,71-29578-S
dì guó dà shà	49-19292-S
dì guó dà xué	33-14866-S
dì guó jiā zì rán bǎo hù qū	27-26789-S
dì guó lǐ gōng xué yuàn	6-3220-S,22-25292-B
dì guó zhǔ yì	22-25227-B
dì guǎn lǐ jiè miàn	32-62450-S
dì guǎn lǐ jiē kǒu	52-58218-S
dì gù	33-64369-S
dì gāng	34-17284-S,34-17546-S,34-17736-S
dì gāng chéng	34-17603-S
dì gēng néng gěi rén lè qù	6-65579-S
dì gōng	15-40231-B
dì gōng sī	30-10755-S
dì gōng yuán	69-27472-S
dì huà	32-62358-S
dì huá	33-47892-S
dì huáng	15-46799-B
dì huì	6-63824-S,17-45247-S
dì hé	15-41900-B
dì hòu	2-21246-S,22-25071-B
dì hú	34-34573-S
dì hǎi	37-40986-S
dì jiào	15-43890-B
dì jiè	62-59938-B
dì jié	50-18671-B
dì jiāo	62-59693-B
dì jiǔ	17-54414-S,48-10570-B
dì jiǔ shí	48-10608-B
dì jiǔ tiān cháng	15-38443-B
dì jìn	62-60067-B
dì jí	15-43939-B
dì jí shì	9-32145-S,15-43987-B
dì jī	15-39856-B,22-38064-S
dì jū mín	43-66757-S
dì kuài	15-39987-B
dì kè	50-59323-S
dì kù	22-25128-B
dì kāi huā	62-42399-S
dì lián	2-47441-S
dì liè sī	17-14739-S
dì liè sī qún dǎo	17-14818-S
dì liù	48-12173-B
dì liù dài	48-12211-B
dì liù shí	48-12271-B
dì liú héng	39-49826-S
dì liú yù	19-35960-S
dì luò	43-8964-S
dì léi	15-45615-B,33-56537-S
dì lì	15-38617-B,18-13136-S,22-25011-B,27-57-S
dì lì rén hé	15-38707-B,17-48022-S
dì lì yà	11-15123-S
dì lì yà · lái áng	11-15193-S
dì lì ěr	30-66669-S
dì lì ěr zhōu	30-66748-S
dì lí bō lǐ	44-59366-B
dì lín	15-45458-B
dì líng	4-6306-S,40-28344-S,47-23836-S,53-31927-S
dì lòu	15-42322-B
dì lú	15-42711-B
dì lā nà	15-40859-B
dì lǐ	15-43183-B
dì lǐ jí	15-43340-B
dì lǐ xué	15-43224-B
dì lǐ xué jiā	15-43276-B
dì lǒng	15-40164-B
dì miàn	15-46347-B
dì miàn guàn gài	15-46724-B
dì miàn hé bào zhà	15-46505-B
dì miàn kòng zhì	15-46401-B
dì miàn qì yā	15-46596-B
dì miàn shuǐ	15-46665-B
dì mài	15-44296-B
dì màn	15-40553-B
dì mào	14-2448-S,15-44830-B,66-54258-S,71-17674-S
dì mèi	23-33677-B
dì mén xiāng	1-33218-S
dì míng	15-39493-B
dì mó	22-8538-S
dì mǎ	37-33219-S
dì mǎ lā	11-22122-S
dì mǎ lā rén	11-22184-S
dì mǔ	15-43459-B
dì nuò mín zú jiě fàng zhèn xiàn	34-6173-S
dì nà	31-51063-S,71-11868-S
dì nà wéi yà	30-39846-S
dì nà ěr	48-13452-B
dì pán	15-43596-B
dì pí	11-26321-S,15-43561-B
dì píng	66-9921-S
dì píng xiàn	15-40619-B
dì pǐ	15-43507-B
dì qiàn	33-25988-S
dì qiào	15-42106-B,37-50572-S
dì qiè lì	33-41820-S
dì qiú	7-49388-S,15-42807-B
dì qiú dà qì	15-42971-B
dì qiú huà xué	15-42904-B
dì qiú kē xué	15-43116-B
dì qiú wù lǐ xiào yìng	33-60254-S
dì qiú wù lǐ xué	15-43042-B
dì qiú wù lǐ xué huì	2-56774-S
dì qiú yí	15-42856-B
dì qín rén yuán	15-39198-B
dì qù	65-53534-S,66-13174-S
dì qī	48-9602-B
dì qī shí	48-9641-B
dì qū	1-57461-S,3-19767-S,3-60733-S,3-61111-S,5-3712-S,5-36308-S,5-36756-S,5-46953-S,7-15462-S,7-29044-S,7-67110-S,10-35725-S,10-67113-S,10-69610-S,10-70959-S,11-3936-S,11-5070-S,11-62700-S,12-18773-S,12-39517-S,12-61539-S,13-11115-S,13-24060-S,13-30035-S,13-30507-S,13-37884-S,13-51586-S,13-57703-S,14-1063-S,14-28699-S,14-49426-S,14-64254-S,15-39275-B,16-16815-S,17-32866-S,17-49047-S,18-51908-S,18-59975-S,19-9495-S,19-27822-S,19-29133-S,19-34012-S,19-34379-S,19-47538-S,19-49554-S,19-49876-S,19-50606-S,19-67701-S,20-17550-S,20-18306-S,21-28840-S,21-37784-S,21-52335-S,22-2988-S,22-31341-S,22-42909-S,23-5603-S,23-11776-S,23-16751-S,23-18869-S,23-38576-S,23-39957-S,24-3815-S,24-25816-S,24-26107-S,24-50764-S,24-56061-S,25-2613-S,25-18469-S,25-52665-S,26-61033-S,30-57563-S,31-6112-S,31-21593-S,31-37503-S,31-43920-S,32-6378-S,32-49459-S,33-34827-S,33-49347-S,34-2114-S,34-15251-S,34-38374-S,34-47972-S,35-23937-S,35-45698-S,36-49227-S,36-50706-S,36-55853-S,36-58532-S,37-20407-S,37-26755-S,37-27214-S,37-40582-S,37-45957-S,37-56932-S,38-20289-S,38-36976-S,38-47851-S,39-4955-S,39-6185-S,39-12341-S,39-13117-S,39-22209-S,39-47924-S,39-51777-S,40-9215-S,40-11117-S,40-11423-S,41-1905-S,41-50686-S,42-30333-S,42-30936-S,43-55269-S,44-37604-S,44-56442-S,45-2860-S,46-5768-S,49-34570-S,49-56663-S,50-13622-S,51-43360-S,52-4577-S,52-59195-S,52-59455-S,52-60745-S,54-20841-S,54-46990-S,55-38477-S,56-40925-S,56-41419-S,57-10118-S,58-3997-S,60-5268-S,60-39240-S,62-8312-S,62-39820-S,62-68726-S,63-15716-S,63-16953-S,63-17031-S,63-19223-S,63-20032-S,63-40022-S,64-14367-S,64-29958-S,64-54603-S,65-2672-S,65-33446-S,65-59162-S,65-67268-S,65-68235-S,66-51143-S,66-54939-S,67-21787-S,68-16791-S,69-48721-S,71-9641-S,71-9992-S,71-31044-S,71-58925-S
dì qū lǜ	39-3582-S
dì qū xìng	15-39370-B
dì rè	15-42419-B
dì rè diàn zhàn	15-42622-B
dì rè fā diàn chǎng	15-42461-B
dì rè néng	15-42561-B
dì rén	16-46495-S,32-62287-S
dì róng	48-13298-B
dì shang	15-37556-B
dì shuì	15-43845-B
dì shàn	62-59881-B
dì shàn liáng	24-31477-S
dì shì	15-39137-B
dì shí	48-12323-B
dì shí bā	48-12676-B
dì shí jiān	43-66847-S
dì shí jiǔ	48-12520-B
dì shí liù	48-12729-B
dì shí qī	48-12412-B
dì shí sān	48-12466-B
dì shí wǔ	48-12624-B
dì shí yī	48-12361-B
dì shí èr	48-12574-B
dì shēng	62-59745-B
dì shǐ	15-39428-B
dì suān èr gǔ	5-24262-S
dì sì	48-12782-B
dì sì dài	48-12832-B
dì sì jì	48-12892-B,48-13034-B
dì sì jì dù	48-12948-B
dì sì jí	48-13166-B
dì sòng	62-60021-B
dì sāi mǐ sōng	15-40035-B
dì sān	48-9694-B
dì sān chǎn yè	48-10180-B
dì sān cì	48-10121-B
dì sān dài	48-9811-B
dì sān fāng	48-10065-B
dì sān jì	48-10262-B
dì sān jì dù	48-9979-B
dì sān jí	48-10438-B
dì sān shì jiè	48-9745-B
dì sān shí	48-9926-B
dì sān shēng	48-10492-B
dì sān wèi	48-9871-B
dì sī	9-58411-S,19-25991-S,19-31863-S
dì sī lā wǎ	4-58660-S
dì sī shān	19-31929-S
dì sī shān mài	19-32007-S
dì sī shēng	48-13220-B
dì sī yà bèi bā	3-62191-S
dì tiě	15-45511-B
dì tiě zhàn	15-45556-B
dì tán	15-40103-B
dì tú	2-39072-S,15-39537-B,17-11378-S
dì tān	29-29600-S
dì tǎn	15-42157-B
dì tǎn tuō xié	15-42200-B
dì tǎng quán	15-45130-B
dì wá	7-18843-S
dì wáng	22-25495-B
dì wáng qiē kāi	22-25602-B
dì wáng qǐ é	22-25534-B
dì wèi	15-38563-B,22-24906-B,22-43829-S,68-33517-S
dì wèn	33-18297-S
dì wèn dǎo	22-25386-B
dì wèn hǎi	22-25442-B
dì wén sēn	30-42531-S
dì wén sī	12-22467-S,30-39325-S
dì wú yín sān bǎi liǎng	35-41079-S
dì wǎng	54-46662-S
dì wǔ	48-11774-B
dì wǔ dài	48-11811-B
dì wǔ gè xiàn dài huà	48-11870-B
dì wǔ lèi	48-12016-B
dì wǔ shí	48-11965-B
dì xià	15-34349-S,15-37616-B,61-21327-S
dì xià hé bào zhà	15-37739-B
dì xià hé shì yàn	15-37859-B
dì xià shuǐ	15-37948-B
dì xià shì	15-37680-B
dì xià tiě lù	15-38083-B
dì xià tōng dào	4-16103-S,15-38004-B
dì xiàn	15-44051-B,17-11548-S,22-60933-B,39-3652-S
dì xiàn liàng xué	39-3805-S
dì xiàn qū lǜ	39-3723-S
dì xiōng	23-33582-B
dì xiōng men	23-33624-B
dì xì qiáng	6-63880-S
dì xí	23-33827-B
dì xíng	15-40672-B
dì xíng xīng	68-47500-S
dì xù yǔ	25-29916-S
dì xī pàn	15-44772-B
dì xīn	22-25674-B
dì xīn shuō	15-40797-B
dì xīn xī lì	15-40733-B
dì yuán	15-44104-B,63-26435-S
dì yuán zhàn lüè	15-44146-B
dì yuán zhèng zhì xué	15-44216-B
dì yà	7-17610-S,22-6785-S,54-63045-S
dì yà gòng hé guó	7-17670-S
dì yà gē	51-45310-S
dì yà yǔ	7-17775-S,16-20333-S
dì yáng jiān	66-39086-S
dì yì	17-52669-S
dì yí zhào	7-3935-S
dì yù	4-17753-S,15-39804-B,15-42751-B,38-13001-S,66-14538-S
dì yī	7-33747-S,15-44615-B,48-8254-B
dì yī bù	48-9157-B
dì yī chǎn yè	48-9272-B
dì yī cì	48-8985-B
dì yī cì shì jiè dà zhàn	48-9058-B
dì yī dài	48-8383-B
dì yī fū rén	48-8814-B
dì yī gè céng cì	48-8534-B
dì yī jì dù	48-8900-B
dì yī jí	48-9408-B
dì yī jī běn xíng shì	48-8708-B
dì yī liú	48-9218-B
dì yī lì	48-8442-B
dì yī lún	48-9538-B
dì yī rén chēng	48-8302-B
dì yī shēng	48-9461-B
dì yī shēng chǎn lì	47-17500-S
dì yī xíng táng niào bìng	48-8613-B
dì yī zhāng	48-9352-B
dì yǔ	11-18409-S
dì zhuī zōng	67-16129-S
dì zhèn	13-51683-S,15-45656-B,17-11610-S,36-65100-S,36-65208-S,38-50795-S,65-55689-S,66-19666-S
dì zhèn bō	15-46195-B
dì zhèn dài	15-46122-B
dì zhèn huó dòng dài	15-46251-B
dì zhèn jú	2-55481-S,2-57261-S,15-4893-S,15-46061-B
dì zhèn qū	15-45822-B
dì zhèn tái	2-57128-S
dì zhèn xué	15-45894-B
dì zhèn xué jiā	15-45972-B
dì zhèn yí	15-45767-B
dì zhèn zhōng	15-45700-B
dì zhì	15-44886-B,22-24959-B
dì zhì diào chá jú	2-57009-S
dì zhì dà xué	2-56900-S
dì zhì nián dài biǎo	15-45041-B
dì zhì xué	15-44926-B
dì zhì xué jiā	15-44977-B
dì zhì yí	14-59805-S
dì zhóu	15-45245-B
dì zhě	6-42418-S
dì zhī	10-42658-S,15-40928-B
dì zhōng hǎi	15-38143-B
dì zhōng hǎi xíng pín xuè	15-38206-B
dì zhōng jiè	57-61065-S
dì zhǐ	15-39572-B,16-61346-S,23-13141-S,39-16405-S,45-17320-S,45-28084-S,49-37301-S,49-46214-S,63-38734-S,67-38220-S
dì zhǐ de zhuǎn huàn	15-39612-B
dì zhǐ jiě xī xié yì	15-39698-B
dì zhǔ	3-35240-S,15-38318-B,17-11318-S
dì zhǔ jiē jí	15-38370-B
dì zàng	15-44398-B
dì zàng pú sà	15-44536-B,17-40643-S
dì zàng wáng pú sà	15-44445-B
dì zào	50-18730-B
dì zào zhě	50-18781-B
dì zì róng	40-49086-S
dì zì xíng chē	21-29072-S
dì zú	71-19697-S
dì zēng	62-59803-B
dì zū	15-43795-B
dì zǐ	23-33895-B
dì zǔ zhī	15-67751-S,49-43494-S
dì èr	48-10661-B
dì èr chǎn yè	48-11495-B
dì èr cì	48-11323-B
dì èr cì shì jiè dà zhàn	48-11398-B
dì èr dài	48-10781-B
dì èr guó jì	48-10948-B
dì èr jì dù	48-11179-B
dì èr jí	48-11577-B
dì èr lún	48-11709-B
dì èr shì jiè	48-10715-B
dì èr shí	48-10896-B
dì èr shēng	48-11631-B
dì èr tiān	48-11116-B
dì èr wèi	48-10841-B
dì èr xìng	48-11265-B
dì èr xíng táng niào bìng	48-11021-B
dì èr yī kē dà xué	1-52922-S
dì ān	11-20719-S,16-19729-S
dì ān nà	11-18338-S
dì ān nà bō lì sī	11-21047-S
dì ān nà zhōu	11-20975-S
dì ān rén	11-20830-S
dì ān sōng	7-19178-S
dì ān zuò	11-20900-S
dì ěr	22-23642-S
dìng	1-6575-S,1-19636-S,1-20861-S,1-65202-S,2-5151-S,2-22182-S,2-22807-S,2-81022-S,3-26300-S,4-8066-S,4-59603-S,5-13524-S,5-34250-S,5-36235-S,5-49183-S,6-7565-S,6-40321-S,6-40870-S,7-27757-S,9-2452-S,9-10969-S,9-11977-S,9-39448-S,10-64495-S,11-32988-S,12-63888-S,12-66376-S,12-66564-S,13-20386-S,13-59203-S,14-404-B,14-27573-S,14-30899-S,15-0-S,15-51215-S,16-4081-S,16-27573-S,16-64092-S,17-15417-S,17-40417-S,18-11643-S,19-26602-S,19-43542-B,20-20979-S,20-22772-S,21-16096-S,22-39536-S,23-1770-S,24-41310-S,24-66994-S,27-12883-S,27-54768-S,27-57950-S,28-57172-S,29-18903-S,29-27569-S,29-27945-S,29-45513-S,29-49589-S,30-13429-S,30-34936-S,30-40858-S,30-40945-S,30-58791-S,31-24075-S,31-47756-S,31-64875-S,32-55270-S,32-57785-S,32-58618-S,33-53699-S,34-26128-B,34-52607-S,35-11535-S,35-35697-S,35-45995-S,36-8070-S,36-33025-S,36-36715-S,36-50273-S,36-65552-S,37-30786-S,39-3996-S,39-32822-S,40-14917-S,41-327-S,41-50000-S,41-57796-S,43-25321-S,43-41238-S,46-13319-S,46-27217-B,46-33291-S,47-42261-S,48-33679-S,48-40460-S,48-40985-S,49-4840-S,49-49293-S,50-10434-S,50-44747-S,50-56912-S,51-34145-S,52-13173-S,52-20168-S,52-25670-S,55-5802-S,56-53450-S,57-691-S,57-29018-S,57-32862-S,57-38609-S,57-56606-B,57-56976-S,58-1796-S,58-5319-S,58-7392-S,58-20384-S,58-31422-S,59-42520-S,60-20957-S,60-21138-S,60-43112-S,62-7195-S,62-13178-S,63-50-S,64-29431-S,64-35191-B,64-44012-B,64-46814-S,64-54195-S,65-6484-S,65-20619-S,65-56572-S,65-57222-S,66-18667-S,67-66242-S,68-28865-S,68-30412-S,69-4893-B,69-9502-S
dìng biān	19-47029-B,19-48162-B
dìng biāo	19-46234-B
dìng biāo qì	19-46323-B
dìng bìng lì jù	52-13287-S
dìng bù yí	16-4145-S
dìng běn	12-37444-S,16-27627-S
dìng bǎn	5-49224-S
dìng chū	57-56704-B
dìng chǎng bái	19-44394-B
dìng chǎng shī	19-44487-B
dìng cí	2-5526-S
dìng cù	27-4217-S,36-65704-S
dìng de	28-63339-S
dìng diào	19-47769-B
dìng diào zi	19-47820-B
dìng diǎn	15-296-S,19-48735-B
dìng dàng	19-46679-B
dìng dì qū	5-36308-S
dìng dìng	57-56976-B
dìng dù	47-42418-S
dìng dān	19-44282-B,57-56822-B
dìng dān hào	57-56873-B
dìng dǐng	19-48857-B
dìng fáng	57-57161-B
dìng fāng chéng	2-5286-S
dìng fǎ	57-34430-S
dìng guàn cí	19-43866-B
dìng guǎn	39-32865-S
dìng gòu	19-48030-B,57-57687-B,60-24727-S
dìng gòu xiàn lù	30-21142-S
dìng gòu zhě	57-57754-B
dìng huà	19-26703-S
dìng huò	19-47949-B,57-57620-B
dìng huò bì	37-30844-S
dìng hái	19-46375-B
dìng hái qù	19-46511-B
dìng hán yì	41-57868-S
dìng hé	36-50360-S
dìng hù	57-57086-B
dìng hūn	19-44585-B,57-56931-B
dìng hǎi	19-46469-B
dìng jià	19-43802-B
dìng jià gé	57-32973-S
dìng jiè fù	22-33481-S
dìng jié	19-46966-B
dìng jì	64-54252-S
dìng jù	6-7139-S,6-8997-S,12-66626-S,45-41358-S,45-44367-S,52-13379-S
dìng jú	19-44707-B
dìng jī fēn	2-5444-S
dìng jīn	57-57810-B
dìng jīng	19-46737-B
dìng jū	19-44749-B
dìng jū diǎn	19-44867-B
dìng jū zhě	19-44815-B
dìng kāng	23-57376-S
dìng liàng	19-48229-B
dìng liàng fēn kuài	19-48294-B
dìng liàng fēn xī	19-48362-B
dìng lì	57-57450-B
dìng lùn	19-47880-B,36-65801-S,55-5582-S
dìng lǐ	1-73575-S,2-50208-S,2-54850-S,3-43938-S,4-31351-S,9-30065-S,10-12878-S,15-69285-S,19-15158-S,19-46611-B,19-46838-B,22-38302-S,24-20386-S,35-36510-S,50-60554-S,59-47414-S,61-66819-S,69-15967-S,71-27320-S
dìng lǜ	19-21880-S,19-45170-B,22-41046-S,22-65442-S,38-12615-S,42-41904-S,52-20804-S,52-28344-S,65-37085-S,65-66378-S
dìng mén	19-26838-S,36-50535-S
dìng nán	19-43979-B
dìng nán xiàn	19-44053-B
dìng piào	19-46784-B,57-57382-B
dìng qiáo	40-14980-S
dìng qì liú	2-22860-S
dìng qī	2-5375-S,19-46094-B
dìng qū	14-27639-S
dìng rì	19-45695-B
dìng shèng tiān	4-8138-S
dìng shì	5-36403-S,19-43928-B,19-44987-B
dìng shí	19-45832-B
dìng shí xìn guǎn	19-45757-B
dìng shí zhà dàn	19-45950-B
dìng shí zhōng	19-46016-B
dìng shù	19-45502-B
dìng shōu rù	15-51-S
dìng shū	59-3377-S
dìng shū jī	57-57214-B
dìng shū zhēn	64-18329-B
dìng sú chéng	49-4909-S
dìng sǐ	64-18382-B
dìng tiáo yuē	2-49857-S
dìng táng	47-42329-S
dìng táo	19-48517-B
dìng wèi	14-57310-S,19-43611-B,22-12431-S
dìng wèi xì tǒng	7-38905-S,43-6504-S,56-37661-S
dìng wù jià	47-42538-S
dìng wěi yuán huì	15-5708-S,65-6555-S
dìng xiàn	36-50447-S
dìng xiàng	19-44139-B,63-57847-S
dìng xiào yìng	46-33547-S
dìng xián	19-45043-B
dìng xiāng	19-26761-S,19-47399-B,46-9377-S,54-7150-S
dìng xìng	16-4223-S,19-45219-B,36-65638-S,46-33489-S,47-42482-S,65-15519-S
dìng xìng fēn xī	19-45340-B
dìng xìng lǐ lùn	19-45427-B
dìng xìng yuán lǐ	2-22248-S
dìng xíng	2-5222-S
dìng xíng shuǐ	19-44337-B
dìng xíng tàn	40-49824-S
dìng xī	19-47467-B
dìng xī dì qū	19-47538-B
dìng xī shì	19-47631-B
dìng xīng	19-47244-B
dìng xū nǐ lián jiē	15-119-S
dìng yuán	19-44221-B
dìng yuè	19-48441-B,51-53877-S,57-57885-B
dìng yuē	19-46898-B
dìng yuǎn	19-48097-B
dìng yào	1-6683-S
dìng yì	1-59410-S,19-47142-B,43-35347-S
dìng yì yù	19-47186-B
dìng yú	19-45642-B
dìng yī lí tiáo yuē	29-45849-S
dìng yīn gǔ	19-48583-B
dìng yǐng	19-45107-B
dìng yǔ	19-47713-B
dìng zhèng	57-57303-B
dìng zhì	19-47309-B,57-57503-B
dìng zhōu	19-44923-B
