充發 充发 [01\[ chōng fā\]]	to banish to penal servitude
充盈 充盈 [01\[ chōng yíng\]]	abundant;plentiful
充耳不聞 充耳不闻 [01\[ chōng ěr bù wén\]]	to block one's ears and not listen (成语 saw); to turn a deaf ear
充血 充血 [01\[ chōng xuè\]]	hyperemia (increase in blood flow);blood congestion
充裕 充裕 [01\[ chōng yù\]]	plenty;sufficient;enough
充要條件 充要条件 [01\[ chōng yāo tiáo jiàn\]]	necessary and sufficient condition
充足 充足 [01\[ chōng zú\]]	adequate;sufficient;abundant
充軍 充军 [01\[ chōng jūn\]]	to banish (to an army post
充電 充电 [01\[ chōng diàn\]]	to recharge batteries;fig. to rest and recuperate
充電器 充电器 [01\[ chōng diàn qì\]]	battery charger
充飢 充饥 [01\[ chōng jī\]]	to allay one's hunger
充饑 充饥 [01\[ chōng jī\]]	to allay one's hunger;also written 充飢|充饥
兆 兆 [01\[ zhào\]]	omen;million;million million
兆字節 兆字节 [01\[ zhào zì jié\]]	megabyte (10^20 or approximately a million bytes)
兆瓦 兆瓦 [01\[ zhào wǎ\]]	megawatt
兆赫 兆赫 [01\[ zhào hè\]]	mega-hertz (mhz
兆電子伏 兆电子伏 [01\[ zhào diàn zǐ fú\]]	mega electron volt mev (unit of energy equal to 1.6 x 10-13 joules)
兇 凶 [01\[ xiōng\]]	vicious;fierce;terrible;fearful;violence;murder;criminal;murderer
兇器 凶器 [01\[ xiōng qì\]]	lethal weapon;murder weapon
兇多吉少 凶多吉少 [01\[ xiōng duō jí shǎo\]]	everything bodes ill
兇宅 凶宅 [01\[ xiōng zhái\]]	inauspicious abode;haunted house
兇年 凶年 [01\[ xiōng nián\]]	year of famine
兇悍 凶悍 [01\[ xiōng hàn\]]	violent;fierce and tough;shrewish (woman)
兇惡 凶恶 [01\[ xiōng è\]]	fierce;ferocious;frightening
兇戾 凶戾 [01\[ xiōng lì\]]	cruel;tyrannical
兇手 凶手 [01\[ xiōng shǒu\]]	assailant;murderer;assassin
兇暴 凶暴 [01\[ xiōng bào\]]	brutal;fierce
兇死 凶死 [01\[ xiōng sǐ\]]	to die in violence
兇殘 凶残 [01\[ xiōng cán\]]	savage;cruel;fierce
兇殺 凶杀 [01\[ xiōng shā\]]	murder;killing
兇殺案 凶杀案 [01\[ xiōng shā àn\]]	murder case
兇煞 凶煞 [01\[ xiōng shà\]]	demon;fiend
兇犯 凶犯 [01\[ xiōng fàn\]]	murderer
兇狂 凶狂 [01\[ xiōng kuáng\]]	fierce;ferocious;savage
兇狠 凶狠 [01\[ xiōng hěn\]]	cruel;vicious;fierce and malicious;vengeful
兇猛 凶猛 [01\[ xiōng měng\]]	fierce
兇相 凶相 [01\[ xiōng xiàng\]]	ferocious appearance
兇相畢露 凶相毕露 [01\[ xiōng xiàng bì lù\]]	show one's ferocious appearance (成语 saw); the atrocious features revealed;with fangs bared
兇神 凶神 [01\[ xiōng shén\]]	demon;fiend
兇神惡煞 凶神恶煞 [01\[ xiōng shén è shà\]]	fiends (成语 saw); devils and monsters
兇荒 凶荒 [01\[ xiōng huāng\]]	famine ? drought
兇身 凶身 [01\[ xiōng shēn\]]	demon;fiend
兇險 凶险 [01\[ xiōng xiǎn\]]	dangerous;ruthless;treacherous
兇頑 凶顽 [01\[ xiōng wán\]]	fierce and uncontrollable
先 先 [01\[ xiān\]]	early;prior;former;in advance;first
先下手為強 先下手为强 [01\[ xiān xià shǒu wéi qiáng\]]	strike first and gain the upper hand (成语 saw
先不先 先不先 [01\[ xiān bù xiān\]]	first of all;in the first place
先令 先令 [01\[ xiān lìng\]]	shilling
先來後到 先来后到 [01\[ xiān lái hòu dào\]]	in order of arrival;first come
先例 先例 [01\[ xiān lì\]]	antecedent;precedent
先兆 先兆 [01\[ xiān zhào\]]	omen
先公 先公 [01\[ xiān gōng\]]	deceased father;deceased senior male figure
先前 先前 [01\[ xiān qián\]]	before;previously
先大母 先大母 [01\[ xiān dà mǔ\]]	deceased paternal grandmother
先天 先天 [01\[ xiān tiān\]]	inborn;innate;natural
先天性缺陷 先天性缺陷 [01\[ xiān tiān xìng quē xiàn\]]	birth defect
先妣 先妣 [01\[ xiān bǐ\]]	deceased mother;mother of an ancestor
先導 先导 [01\[ xiān dǎo\]]	guide;forerunner;pioneer
先帝遺詔 先帝遗诏 [01\[ xiān dì yí zhào\]]	posthumous edict of former emperor;liu bei's 劉備|刘备 edict to posterity
先後 先后 [01\[ xiān hòu\]]	early or late;priority;in succession;one after another
先慈 先慈 [01\[ xiān cí\]]	deceased mother
先機 先机 [01\[ xiān jī\]]	key moment;decisive opportunity
先決條件 先决条件 [01\[ xiān jué tiáo jiàn\]]	precondition;prerequisite
先河 先河 [01\[ xiān hé\]]	priority;sth advocated first;refers to ancient tradition: worship the river first
先漢 先汉 [01\[ xiān hàn\]]	pre-han;china before to 200 bc
先父 先父 [01\[ xiān fù\]]	deceased father;my late father
先王 先王 [01\[ xiān wáng\]]	former kings;former emperors;in confucian writing
先王之政 先王之政 [01\[ xiān wáng zhī zhèng\]]	the rule of former kings
先王之樂 先王之乐 [01\[ xiān wáng zhī yuè\]]	the music of former kings
先王之道 先王之道 [01\[ xiān wáng zhī dào\]]	the way of former kings
先生 先生 [01\[ xiān sheng\]]	sir;mister;teacher;(title of respect)
先發制人 先发制人 [01\[ xiān fā zhì rén\]]	to pre-empt;to anticipate;pre-emptive
先皇 先皇 [01\[ xiān huáng\]]	the late emperor
先睹為快 先睹为快 [01\[ xiān dǔ wèi kuài\]]	joy of first experience (成语 saw); the pleasure of reading sth for the first time
先知 先知 [01\[ xiān zhī\]]	prophet
先祖 先祖 [01\[ xiān zǔ\]]	ancestry
先禮後兵 先礼后兵 [01\[ xiān lǐ hòu bīng\]]	peaceful measures before using force (成语 saw); diplomacy before violence;jaw-jaw is better than war-war
先秦 先秦 [01\[ xiān qín\]]	pre-qin
先行 先行 [01\[ xiān xíng\]]	to precede others;in advance
先行者 先行者 [01\[ xiān xíng zhě\]]	forerunner
先見 先见 [01\[ xiān jiàn\]]	foresight;prescience
先見之明 先见之明 [01\[ xiān jiàn zhī míng\]]	foresight
先見者 先见者 [01\[ xiān jiàn zhě\]]	seer
先覺 先觉 [01\[ xiān jué\]]	person with foresight
先輩 先辈 [01\[ xiān bèi\]]	elders;former generations
先進 先进 [01\[ xiān jìn\]]	advanced (technology);to advance
先進武器 先进武器 [01\[ xiān jìn wǔ qì\]]	advanced weapon
先進水平 先进水平 [01\[ xiān jìn shuǐ píng\]]	advanced level
先進集體 先进集体 [01\[ xiān jìn jí tǐ\]]	collectives
先達 先达 [01\[ xiān dá\]]	famous and virtuous ancestors;the great men of the past
先鋒 先锋 [01\[ xiān fēng\]]	herald;pioneer
先鋒隊 先锋队 [01\[ xiān fēng duì\]]	vanguard
先鞭 先鞭 [01\[ xiān biān\]]	to take precedence;to make an early start;to lead the way
先驅 先驱 [01\[ xiān qū\]]	pioneer
先驅者 先驱者 [01\[ xiān qū zhě\]]	pioneer
先驗 先验 [01\[ xiān yàn\]]	a priori and a posteriori (philosophy)
光 光 [01\[ guāng\]]	light;ray;bright;only;merely;to use up
光二極管 光二极管 [01\[ guāng èr jí guǎn\]]	light emitting diode;led
光亮 光亮 [01\[ guāng liàng\]]	bright
光亮度 光亮度 [01\[ guāng liàng dù\]]	brightness;luminosity
光信號 光信号 [01\[ guāng xìn hào\]]	optical signal
光光 光光 [01\[ guāng guāng\]]	bright;shiny;smooth;naked;bald;penniless
光刻 光刻 [01\[ guāng kè\]]	photolithography
光刻膠 光刻胶 [01\[ guāng kè jiāo\]]	photoresist (laser etching used in microelectonics)
光前裕後 光前裕后 [01\[ guāng qián yù hòu\]]	to bring honor to one's ancestors and benefit future generations (成语 saw)
光功率 光功率 [01\[ guāng gōng lǜ\]]	optical power
光化作用 光化作用 [01\[ guāng huà zuò yòng\]]	photochemical effect;photosynthesis;photolysis
光化學 光化学 [01\[ guāng huà xué\]]	photochemistry
光合 光合 [01\[ guāng hé\]]	photosynthesis
光合作用 光合作用 [01\[ guāng hé zuò yòng\]]	photosynthesis
光圈 光圈 [01\[ guāng quān\]]	aperture;diaphragm
光大 光大 [01\[ guāng dà\]]	abbr. for china everbright bank 中国光大银行
光天化日 光天化日 [01\[ guāng tiān huà rì\]]	the full light of day (成语 saw);fig. peace and prosperity;in broad daylight
光子 光子 [01\[ guāng zǐ\]]	(phys.) photon (particle or quantum of light)
光學 光学 [01\[ guāng xué\]]	optics (math. phys.);optical (instrument)
光學顯微鏡 光学显微镜 [01\[ guāng xué xiǎn wēi jìng\]]	optical microscope
光宗耀祖 光宗耀祖 [01\[ guāng zōng yào zǔ\]]	to bring honor to one's ancestors
光射線 光射线 [01\[ guāng shè xiàn\]]	light ray
光導纖維 光导纤维 [01\[ guāng dǎo xiān wéi\]]	optical fiber
光山 光山 [01\[ guāng shān\]]	guangshan county in xinyang 信陽|信阳
光山縣 光山县 [01\[ guāng shān xiàn\]]	guangshan county in xinyang 信陽|信阳
光州 光州 [01\[ guāng zhōu\]]	kwangju city in south korea
光年 光年 [01\[ guāng nián\]]	light-year
光度 光度 [01\[ guāng dù\]]	luminosity
光彩 光彩 [01\[ guāng cǎi\]]	luster;splendor;radiance;brilliance
光彩奪目 光彩夺目 [01\[ guāng cǎi duó mù\]]	dazzling;brilliant
光復 光复 [01\[ guāng fù\]]	to recover (territory or power);the liberation of taiwan from japanese rule in 1945
光復會 光复会 [01\[ guāng fù huì\]]	anti-qing revolutionary party set up in 1904 under cai yuanpei 蔡元培;same as 復古會|复古会
光復鄉 光复乡 [01\[ guāng fù xiāng\]]	(n) kuangfu (village in taiwan)
光怪陸離 光怪陆离 [01\[ guāng guài lù lí\]]	monstrous and multicolored;grotesque and variegated
光感应 光感应 [01\[ guāng gǎn yìng\]]	optical response;reaction to light;light sensitive;photoinduction
光接收器 光接收器 [01\[ guāng jiē shōu qì\]]	optical receiver
光斑 光斑 [01\[ guāng bān\]]	facula
光明 光明 [01\[ guāng míng\]]	bright (future);promising
光明日報 光明日报 [01\[ guāng míng rì bào\]]	guangming daily
光明正大 光明正大 [01\[ guāng míng zhèng dà\]]	just and honorable
光明磊落 光明磊落 [01\[ guāng míng lěi luò\]]	open and candid (成语 saw); straightforward and upright
光是 光是 [01\[ guāng shì\]]	solely;just
光景 光景 [01\[ guāng jǐng\]]	circumstances;scene;about;probably
光束 光束 [01\[ guāng shù\]]	beam
光棍 光棍 [01\[ guāng gùn\]]	gangster;hoodlum;a single person;bachelor
光棍兒 光棍儿 [01\[ guāng gùn 5r\]]	single person;bachelor
光榮 光荣 [01\[ guāng róng\]]	honor and glory
光榮革命 光荣革命 [01\[ guāng róng gé mìng\]]	revolution of 1688
光槃 光槃 [01\[ guāng pán\]]	variant of 光盤|光盘
光標 光标 [01\[ guāng biāo\]]	cursor (computer)
光檢測器 光检测器 [01\[ guāng jiǎn cè qì\]]	optical detector
光氣 光气 [01\[ guāng qì\]]	phosgene cocl2
光波 光波 [01\[ guāng bō\]]	light wave
光波長 光波长 [01\[ guāng bō cháng\]]	optical wavelength
光源 光源 [01\[ guāng yuán\]]	light source
光滑 光滑 [01\[ guāng hua\]]	glossy;sleek;smooth
光漆 光漆 [01\[ guāng qī\]]	enamel
光潔 光洁 [01\[ guāng jié\]]	bright and clean
光澤 光泽 [01\[ guāng zé\]]	luster
光照 光照 [01\[ guāng zhào\]]	illumination
光環 光环 [01\[ guāng huán\]]	halo;ring of light
光發送器 光发送器 [01\[ guāng fā sòng qì\]]	optical transmitter
光盤 光盘 [01\[ guāng pán\]]	compact disc;cd or dvd;cd rom
光盤驅動器 光盘驱动器 [01\[ guāng pán qū dòng qì\]]	cd or dvd drive;abbr. to 光驅|光驱
光碟 光碟 [01\[ guāng dié\]]	optical disc;compact disc;cd;cd-rom
光磁 光磁 [01\[ guāng cí\]]	magneto-optical
光磁碟 光磁碟 [01\[ guāng cí dié\]]	magneto-optical disk;floptical disk
光磁碟機 光磁碟机 [01\[ guāng cí dié jī\]]	magneto-optical drive;floptical drive
光禿禿 光秃秃 [01\[ guāng tū tū\]]	bald
光筆 光笔 [01\[ guāng bǐ\]]	light pen
光緒 光绪 [01\[ guāng xù\]]	reign name of penultimate qing emperor guangxu or guang-hsu (1875-1908)
光緒帝 光绪帝 [01\[ guāng xù dì\]]	guangxu emperor
光線 光线 [01\[ guāng xiàn\]]	light ray;optical line;optical cable;lighting (for a photograph)
光纖 光纤 [01\[ guāng xiān\]]	light;ray;optical;optical fiber;fiber optic
光纖分佈式數據介面 光纤分布式数据介面 [01\[ guāng xiān fēn bù shì shù jù jiè miàn\]]	fiber distributed data interface;fddi
光纖分佈數據接口 光纤分布数据接口 [01\[ guāng xiān fēn bù shù jù jiē kǒu\]]	fddi;fiber distributed data interface
光纖分散式資料介面 光纤分散式资料介面 [01\[ guāng xiān fēn sàn shì zī liào jiè miàn\]]	fiber distributed data interface;fddi
光纖接口 光纤接口 [01\[ guāng xiān jiē kǒu\]]	optical interface
光纖衰減 光纤衰减 [01\[ guāng xiān shuāi jiǎn\]]	optical attenuation
光纖電纜 光纤电缆 [01\[ guāng xiān diàn lǎn\]]	optical fiber;optical cable
光纜 光缆 [01\[ guāng lǎn\]]	optical cable
光能合成 光能合成 [01\[ guāng néng hé chéng\]]	photosynthesis
光臨 光临 [01\[ guāng lín\]]	(honorific) welcome!;you honor us with your presence.;it is an honor to have you.
光芒 光芒 [01\[ guāng máng\]]	rays of light;brilliant rays;radiance
光衝量 光冲量 [01\[ guāng chōng liàng\]]	radiant exposure
光譜 光谱 [01\[ guāng pǔ\]]	spectrum
光譜儀 光谱仪 [01\[ guāng pǔ yí\]]	spectrometer;spectrograph
光輝 光辉 [01\[ guāng huī\]]	radiance;glory;brilliant;magnificent
光輻射 光辐射 [01\[ guāng fú shè\]]	light radiation
光速 光速 [01\[ guāng sù\]]	the speed of light
光量 光量 [01\[ guāng liàng\]]	quantity of light;luminosity
光陰 光阴 [01\[ guāng yīn\]]	time available
光陰似箭 光阴似箭 [01\[ guāng yīn sì jiàn\]]	time flies like an arrow (成语 saw); how time flies!
光電 光电 [01\[ guāng diàn\]]	opto-electrical
光電子 光电子 [01\[ guāng diàn zǐ\]]	photoelectronic
光電效應 光电效应 [01\[ guāng diàn xiào yìng\]]	photoelectric effect
光面內質網 光面内质网 [01\[ guāng miàn nèi zhì wǎng\]]	smooth endoplasmic reticulum
光頭 光头 [01\[ guāng tóu\]]	bald headed person (disrespectful);having a score of zero in a game;to be skunked (game)
光顧 光顾 [01\[ guāng gù\]]	welcome (honorific term used by shopkeeper to clients);thank you for patronizing my humble establishment.
光驅 光驱 [01\[ guāng qū\]]	cd or dvd drive;abbr. for 光盤驅動器|光盘驱动器
光鹵石 光卤石 [01\[ guāng lǔ shí\]]	carnallite (hydrated potassium magnesium chloride mineral)
克 克 [01\[ kè\]]	to be able to;to subdue;to restrain;to overcome;gram
克什克騰 克什克腾 [01\[ kè shí kè téng\]]	hexigten banner or kesigüten khoshuu
克什克騰旗 克什克腾旗 [01\[ kè shí kè téng qí\]]	hexigten banner or kesigüten khoshuu
克什米爾 克什米尔 [01\[ kè shí mǐ ěr\]]	kashmir
克侖特囉 克仑特罗 [01\[ kè lún tè luō\]]	clenbuterol
克利夫蘭 克利夫兰 [01\[ kè lì fū lán\]]	cleveland
克利斯朵夫 克利斯朵夫 [01\[ kè lì sī duǒ fū\]]	christopher (name)
克制 克制 [01\[ kè zhì\]]	restraint;self-control
克勞修斯 克劳修斯 [01\[ kè láo xiū sī\]]	rudolf clausius (1822-1888)
克勞斯 克劳斯 [01\[ kè láo sī\]]	claus or klaus (name)
克勞福德 克劳福德 [01\[ kè láo fú dé\]]	crawford (town in texas)
克婁巴特拉 克娄巴特拉 [01\[ kè lóu bā tè lā\]]	cleopatra (name);cleopatra vii thea philopator (69-30bc)
克孜勒蘇 克孜勒苏 [01\[ kè zī lè sū\]]	qizilsu or kizilsu kyrghiz autonomous prefecture in xinjiang
克孜勒蘇地區 克孜勒苏地区 [01\[ kè zī lè sū dì qū\]]	qizilsu or kizilsu kyrghiz autonomous prefecture in xinjiang
克孜勒蘇柯爾克孜自治州 克孜勒苏柯尔克孜自治州 [01\[ kè zī lè sū kē ěr kè zī zì zhì zhōu\]]	qizilsu or kizilsu kyrghiz autonomous prefecture in xinjiang
克孜勒蘇河 克孜勒苏河 [01\[ kè zī lè sū hé\]]	kirzlesu river in xinjiang
克山 克山 [01\[ kè shān\]]	(n) keshan (place in heilongjiang)
克己復禮 克己复礼 [01\[ kè jǐ fù lǐ\]]	restrain yourself and return to the rites (成语 saw
克拉 克拉 [01\[ kè lā\]]	carat (mass)
克拉克 克拉克 [01\[ kè lā kè\]]	clark (person name)
克拉夫丘克 克拉夫丘克 [01\[ kè lā fū qiū kè\]]	leonid kravchuk (1934-)
克拉斯諾亞爾斯克 克拉斯诺亚尔斯克 [01\[ kè lā sī nuò yà ěr sī kè\]]	krasnoyarsk
克拉斯諾達爾 克拉斯诺达尔 [01\[ kè lā sī nuò dá ěr\]]	krasnodar (city in russia)
克拉瑪依 克拉玛依 [01\[ kè lā mǎ yī\]]	qaramay shehiri (karamay city) or kèlāmǎyī prefecture level city in xinjiang
克拉瑪依市 克拉玛依市 [01\[ kè lā mǎ yī shì\]]	qaramay shehiri (karamay city) or kèlāmǎyī prefecture level city in xinjiang
克拉科夫 克拉科夫 [01\[ kè lā kē fū\]]	krakow
克文 克文 [01\[ kè wén\]]	kevin (name)
克星 克星 [01\[ kè xīng\]]	nemesis;bane;(superstition) fated to be ill-matched
克服 克服 [01\[ kè fú\]]	(try to) overcome (hardships etc);to conquer;to put up with;to endure
克朗 克朗 [01\[ kè lǎng\]]	krone (currency of norway
克東 克东 [01\[ kè dōng\]]	(n) kedong (place in heilongjiang)
克林德 克林德 [01\[ kè lín dé\]]	klemens freiherr von ketteler
克林霉素 克林霉素 [01\[ kè lín méi sù\]]	clindamycin
克林頓 克林顿 [01\[ kè lín dùn\]]	clinton (name);bill clinton (1946-)
克格勃 克格勃 [01\[ kè gé bó\]]	kgb (soviet secret police)
克沙奇病毒 克沙奇病毒 [01\[ kè shā qí bìng dú\]]	coxsackievirus
克爾白 克尔白 [01\[ kè ěr bái\]]	ka'aba
克絲鉗子 克丝钳子 [01\[ kè sī qián zi\]]	wire cutting pincers
克羅地亞 克罗地亚 [01\[ kè luó dì yà\]]	croatia
克羅地亞共和國 克罗地亚共和国 [01\[ kè luó dì yà gòng hé guó\]]	republic of croatia
克羅地亞語 克罗地亚语 [01\[ kè luó dì yà yǔ\]]	croatian (language)
克羅諾斯 克罗诺斯 [01\[ kè luó nuò sī\]]	chronos
克耶族 克耶族 [01\[ kè yē zú\]]	kaya or karenni ethnic minority of myanmar
克耶邦 克耶邦 [01\[ kè yē bāng\]]	kaya state of myanmar
克萊 克莱 [01\[ kè lái\]]	clay (name)
克萊因 克莱因 [01\[ kè lái yīn\]]	klein or kline (name);felix klein (1849-1925)
克萊懞特 克莱蒙特 [01\[ kè lái méng tè\]]	clermont (french town)
克萊斯勒 克莱斯勒 [01\[ kè lái sī lè\]]	chrysler
克萊斯勒汽車公司 克莱斯勒汽车公司 [01\[ kè lái sī lè qì chē gōng sī\]]	chrysler
克萊頓 克莱顿 [01\[ kè lái dùn\]]	clayton (name);crighton (name)
克蕾兒 克蕾儿 [01\[ kè lěi 5r\]]	clare (name)
克虜伯 克虏伯 [01\[ kè lǔ bó\]]	krupp
克裡姆林宮 克里姆林宫 [01\[ kè lǐ mǔ lín gōng\]]	the kremlin
克裡木半島 克里木半岛 [01\[ kè lǐ mù bàn dǎo\]]	crimea;the crimean peninsula
克裡米亞 克里米亚 [01\[ kè lǐ mǐ yà\]]	crimea
克裡絲蒂娃 克里丝蒂娃 [01\[ kè lǐ sī dì wá\]]	kristeva (psychoanalyst)
克西 克西 [01\[ kè xī\]]	xi or ksi (greek letter ξξ)
克賴斯特徹奇 克赖斯特彻奇 [01\[ kè lài sī tè chè qí\]]	christchurch (new zealand city)
克里斯托弗 克里斯托弗 [01\[ kè lǐ sī tuō fú\]]	(warren) christopher
克里斯蒂安松 克里斯蒂安松 [01\[ kè lǐ sī dì ān sōng\]]	kristiansund (city in norway)
克里普斯 克里普斯 [01\[ kè lǐ pǔ sī\]]	cripps (name);sir stafford cripps (1889-1952)
克里木 克里木 [01\[ kè lǐ mù\]]	crimea;the crimean peninsula
克里木戰爭 克里木战争 [01\[ kè lǐ mù zhàn zhēng\]]	the crimean war
克里特 克里特 [01\[ kè lǐ tè\]]	crete
克里特島 克里特岛 [01\[ kè lǐ tè dǎo\]]	crete
克隆 克隆 [01\[ kè lóng\]]	clone
克隆人 克隆人 [01\[ kè lóng rén\]]	clone human
克隆技術 克隆技术 [01\[ kè lóng jì shù\]]	cloning technology
克雅氏症 克雅氏症 [01\[ kè yǎ shì zhèng\]]	creutzfeldt-jacobs disease cjd
克雷伯氏菌屬 克雷伯氏菌属 [01\[ kè léi bó shì jūn shǔ\]]	klebsiella
兌 兑 [01\[ duì\]]	to cash
兌換 兑换 [01\[ duì huàn\]]	to convert;to exchange
兌現 兑现 [01\[ duì xiàn\]]	to honor a check (by paying in cash);to conclude a deal in cash
免 免 [01\[ miǎn\]]	to exempt;to remove;to avoid;to excuse
免不了 免不了 [01\[ miǎn bù liǎo\]]	unavoidable;can't be avoided
免去職務 免去职务 [01\[ miǎn qù zhí wù\]]	to relieve from office;to sack
免得 免得 [01\[ miǎn de\]]	so as not to;so as to avoid
免掉 免掉 [01\[ miǎn diào\]]	to eliminate;to scrap
免提 免提 [01\[ miǎn tí\]]	hands-free (of telephone etc)
免疫 免疫 [01\[ miǎn yì\]]	immunity (to disease)
免疫力 免疫力 [01\[ miǎn yì lì\]]	immunity
免疫反应 免疫反应 [01\[ miǎn yì fǎn yìng\]]	immune response
免疫學 免疫学 [01\[ miǎn yì xué\]]	immunology
免疫應答 免疫应答 [01\[ miǎn yì yīng dá\]]	immune response
免疫法 免疫法 [01\[ miǎn yì fǎ\]]	immunization
免疫系統 免疫系统 [01\[ miǎn yì xì tǒng\]]	immune system
免稅 免税 [01\[ miǎn shuì\]]	tax free;duty free (shop)
免職 免职 [01\[ miǎn zhí\]]	to dismiss;to depose;degradation
免責條款 免责条款 [01\[ miǎn zé tiáo kuǎn\]]	disclaimer
免責聲明 免责声明 [01\[ miǎn zé shēng míng\]]	disclaimer;statement denying or limiting responsibility
免費 免费 [01\[ miǎn fèi\]]	free (of charge)
免費軟件 免费软件 [01\[ miǎn fèi ruǎn jiàn\]]	freeware
免除 免除 [01\[ miǎn chú\]]	to prevent;to avoid;to exempt sb (from duty);exempt from;exemption;immunity (from prosecution);to release sb (from obligation);to relieve sb (of a position);to remove (from office);to depose;to sack
児 児 [01\[ ér\]]	japanese variant of 兒|儿
兒 儿 [01\[ ér\]]	son
兒 儿 [01\[ r5\]]	non-syllabic diminutive suffix;retroflex final
兒化 儿化 [01\[ ér huà\]]	nonsyllabic final r 儿 added to a word in spoken chinese;also called retroflex final or r-ization
兒化韻 儿化韵 [01\[ ér huà yùn\]]	retroflex final;nonsyllabic final r 儿 added to a word in spoken chinese
兒女 儿女 [01\[ ér nǚ\]]	children;sons and daughters
兒女英雄傳 儿女英雄传 [01\[ ér nǚ yīng xióng zhuàn\]]	heroic women
兒媳 儿媳 [01\[ ér xí\]]	daughter-in-law
兒子 儿子 [01\[ ér zi\]]	son
兒歌 儿歌 [01\[ ér gē\]]	nursery rhyme
兒科 儿科 [01\[ ér kē\]]	pediatrics
兒童 儿童 [01\[ ér tóng\]]	child
兒童基金會 儿童基金会 [01\[ ér tóng jī jīn huì\]]	unicef (united nation's children's fund)
兒童節 儿童节 [01\[ ér tóng jié\]]	children's day
兔 兔 [01\[ tù\]]	rabbit
兔唇 兔唇 [01\[ tù chún\]]	hare lip (birth defect)
兔子 兔子 [01\[ tù zi\]]	hare;rabbit
兔年 兔年 [01\[ tù nián\]]	year of the rabbit (e.g. 2011)
兔徑 兔径 [01\[ tù jìng\]]	narrow winding path
兔死狐悲 兔死狐悲 [01\[ tù sǐ hú bēi\]]	lit. if the rabbit dies
兕 兕 [01\[ sì\]]	rhinoceros indicus
兖州 兖州 [01\[ yǎn zhōu\]]	(n) yanzhou (city in shandong)
兗 兖 [01\[ yǎn\]]	place name
兜 兜 [01\[ dōu\]]	pocket
兜兒 兜儿 [01\[ dōu 5r\]]	erhua variant of 兜
兜兜 兜兜 [01\[ dōu dou\]]	an undergarment covering chest and abdomen
兜售 兜售 [01\[ dōu shòu\]]	to hawk;to peddle
兜帽 兜帽 [01\[ dōu mào\]]	hood
兜肚 兜肚 [01\[ dōu du\]]	an undergarment covering chest and abdomen
兜賣 兜卖 [01\[ dōu mài\]]	to peddle;to hawk (pirate goods)
兜風 兜风 [01\[ dōu fēng\]]	to catch the wind;to go for a spin in the fresh air
兝 兝 [01\[ fēn\]]	decigram
兞 兞 [01\[ máo\]]	milligram
兟 兟 [01\[ shēn\]]	to advance
兢 兢 [01\[ jīng\]]	to be fearful;apprehensive
兢兢業業 兢兢业业 [01\[ jīng jīng yè yè\]]	cautious and conscientious
入 入 [01\[ rù\]]	to enter;entering tone (classical chinese)
入不敷出 入不敷出 [01\[ rù bù fū chū\]]	income does not cover expenditure;unable to make ends meet
入世 入世 [01\[ rù shì\]]	to join the wto;cf china joined wto in 2003
入伍 入伍 [01\[ rù wǔ\]]	enter the army;enlist
入伍生 入伍生 [01\[ rù wǔ shēng\]]	newly enlisted officer student;cadet
入侵 入侵 [01\[ rù qīn\]]	to invade
入侵者 入侵者 [01\[ rù qīn zhě\]]	intruder
入口 入口 [01\[ rù kǒu\]]	entrance
入味 入味 [01\[ rù wèi\]]	tasty;to be absorbed in sth;interesting
入場式 入场式 [01\[ rù chǎng shì\]]	ceremonial entry;opening procession
入境 入境 [01\[ rù jìng\]]	enter a country
入境簽證 入境签证 [01\[ rù jìng qiān zhèng\]]	entry visa
入學 入学 [01\[ rù xué\]]	to enter a school or college;to go to school for the first time as a child
入學率 入学率 [01\[ rù xué lǜ\]]	percentage of children who enter school
入座 入座 [01\[ rù zuò\]]	to seat (sb in a restaurant etc);to take one's seat
入微 入微 [01\[ rù wēi\]]	down to the smallest detail;thorough-going;fine and detailed
入手 入手 [01\[ rù shǒu\]]	to begin;to set one's hand to
入木三分 入木三分 [01\[ rù mù sān fēn\]]	written in a forceful hand;penetrating;profound
入樽 入樽 [01\[ rù zūn\]]	slam dunk
入涅 入涅 [01\[ rù niè\]]	to enter nirvana (buddh.)
入獄 入狱 [01\[ rù yù\]]	go to jail;get sent to prison
入盟 入盟 [01\[ rù méng\]]	to join (e.g. union or alliance)
入眠 入眠 [01\[ rù mián\]]	to fall asleep
入睡 入睡 [01\[ rù shuì\]]	to fall asleep
入神 入神 [01\[ rù shén\]]	to be enthralled;to be entranced
入聯 入联 [01\[ rù lián\]]	to join an alliance;admission to the united nations
入聲 入声 [01\[ rù shēng\]]	entering tone (the fourth tone of classical chinese)
入肉 入肉 [01\[ rù ròu\]]	to have intercourse;to fuck
入迷 入迷 [01\[ rù mí\]]	to be fascinated;to be enchanted
入道 入道 [01\[ rù dào\]]	to enter the way;to become a daoist
入選 入选 [01\[ rù xuǎn\]]	to be chosen;to be elected as
入鄉隨俗 入乡随俗 [01\[ rù xiāng suí sú\]]	when you enter a village
入門 入门 [01\[ rù mén\]]	entrance door;to enter a door;introduction (to a subject)
入院 入院 [01\[ rù yuàn\]]	to enter hospital;to be hospitalized
入風口 入风口 [01\[ rù fēng kǒu\]]	air intake vent
內 内 [01\[ nèi\]]	inside;inner;internal;within;interior
內丘 内丘 [01\[ nèi qiū\]]	(n) neiqiu (place in hebei)
內亂 内乱 [01\[ nèi luàn\]]	internal disorder;civil strife
內兄 内兄 [01\[ nèi xiōng\]]	wife's older brother
內出血 内出血 [01\[ nèi chū xiě\]]	internal bleeding;internal hemorrhage
內分泌 内分泌 [01\[ nèi fēn mì\]]	endocrine (internal secretion
內分泌腺 内分泌腺 [01\[ nèi fēn mì xiàn\]]	endocrine gland;gland producing internal secretion
內切球 内切球 [01\[ nèi qiē qiú\]]	inside cut (golf)
內務 内务 [01\[ nèi wù\]]	internal affairs;domestic affairs;family affairs;(trad.) affairs within the palace
內務部 内务部 [01\[ nèi wù bù\]]	ministry of internal affairs
內參 内参 [01\[ nèi cān\]]	internal reference (within the same publication)
內含體 内含体 [01\[ nèi hán tǐ\]]	inclusion bodies
內在 内在 [01\[ nèi zài\]]	intrinsic;innate
內在幾何 内在几何 [01\[ nèi zài jǐ hé\]]	intrinsic geometry
內在幾何學 内在几何学 [01\[ nèi zài jǐ hé xué\]]	intrinsic geometry
內在座標 内在坐标 [01\[ nèi zài zuò biāo\]]	intrinsic coordinates (geom.)
內在的 内在的 [01\[ nèi zài de\]]	inner;internal
內地 内地 [01\[ nèi dì\]]	inland;interior
內城 内城 [01\[ nèi chéng\]]	inner castle;donjon
內埔鄉 内埔乡 [01\[ nèi bù xiāng\]]	(n) neipu (village in taiwan)
內外 内外 [01\[ nèi wài\]]	inside and outside;domestic and foreign;approximately;about
內存 内存 [01\[ nèi cún\]]	memory; random access memory; ram (computer);internal storage
內定 内定 [01\[ nèi dìng\]]	decision to appoint an official that is kept secret among the hierarchy
內容 内容 [01\[ nèi róng\]]	content;substance;details
內層 内层 [01\[ nèi céng\]]	internal layer
內布拉斯加 内布拉斯加 [01\[ nèi bù lā sī jiā\]]	nebraska
內布拉斯加州 内布拉斯加州 [01\[ nèi bù lā sī jiā zhōu\]]	nebraska (us state)
內幕 内幕 [01\[ nèi mù\]]	inside story;non-public information;behind the scenes;internal
內幕交易 内幕交易 [01\[ nèi mù jiāo yì\]]	insider trading;insider dealing
內弟 内弟 [01\[ nèi dì\]]	wife's younger brother
內心 内心 [01\[ nèi xīn\]]	heart;innermost being
內情 内情 [01\[ nèi qíng\]]	inside information
內懮外患 内懮外患 [01\[ nèi yōu wài huàn\]]	domestic strife and foreign aggression
內戰 内战 [01\[ nèi zhàn\]]	civil war
內政 内政 [01\[ nèi zhèng\]]	internal affairs (of a country)
內政部 内政部 [01\[ nèi zhèng bù\]]	ministry of the interior
內政部長 内政部长 [01\[ nèi zhèng bù zhǎng\]]	minister of the interior
內核 内核 [01\[ nèi hé\]]	kernel (computer science)
內比都 内比都 [01\[ nèi bǐ dū\]]	naypyidaw or nay pyi taw
內江 内江 [01\[ nèi jiāng\]]	neijiang prefecture level city in sichuan
內江地區 内江地区 [01\[ nèi jiāng dì qū\]]	(n) neijiang district (district in sichuan)
內江市 内江市 [01\[ nèi jiāng shì\]]	neijiang prefecture level city in sichuan
內流 内流 [01\[ nèi liú\]]	inward flowing (of river);flowing into desert
內流河 内流河 [01\[ nèi liú hé\]]	inward flowing river;river flowing into desert or salt lake
內涵 内涵 [01\[ nèi hán\]]	meaning;content;essential properties implied or reflected by a notion;intention;connotation;self-possessed
內涵意義 内涵意义 [01\[ nèi hán yì yì\]]	implied meaning;intended meaning;the logical content of a word or technical notion
內湖區 内湖区 [01\[ nèi hú qū\]]	(n) neihu (area in taiwan)
內源 内源 [01\[ nèi yuán\]]	source
內燃 内燃 [01\[ nèi rán\]]	internal combustion (engine)
內燃機 内燃机 [01\[ nèi rán jī\]]	internal combustion engine
內燃機車 内燃机车 [01\[ nèi rán jī chē\]]	automobile
內爆 内爆 [01\[ nèi bào\]]	to implode
內爆法原子彈 内爆法原子弹 [01\[ nèi bào fǎ yuán zǐ dàn\]]	implosion atomic bomb
內生的 内生的 [01\[ nèi shēng de\]]	endogenous
內疚 内疚 [01\[ nèi jiù\]]	a guilty conscience;to feel a twinge of guilt
內皮 内皮 [01\[ nèi pí\]]	(med.) endothelium;thin skin on the inside of some fruits (e.g. oranges)
內眷 内眷 [01\[ nèi juàn\]]	the females in a family;womenfolk
內碼 内码 [01\[ nèi mǎ\]]	to encode
內科 内科 [01\[ nèi kē\]]	medical department
內科學 内科学 [01\[ nèi kē xué\]]	internal medicine
內積 内积 [01\[ nèi jī\]]	inner product;the dot product of two vectors
內細胞團 内细胞团 [01\[ nèi xì bāo tuán\]]	inner cell mass (icm)
內置 内置 [01\[ nèi zhì\]]	internal;internally installed
內羅畢 内罗毕 [01\[ nèi luó bì\]]	nairobi (capital of kenya)
內耗 内耗 [01\[ nèi hào\]]	internal friction;internal dissipation of energy (in mechanics);fig. waste or discord within an organization
內耳 内耳 [01\[ nèi ěr\]]	inner ear
內耳道 内耳道 [01\[ nèi ěr dào\]]	internal auditory meatus (canal in temporal bone of skull housing auditory nerves)
內胚層 内胚层 [01\[ nèi pēi céng\]]	endoderm (cell lineage in embryology)
內能 内能 [01\[ nèi néng\]]	internal energy
內膜 内膜 [01\[ nèi mó\]]	inner membrane
內臟 内脏 [01\[ nèi zàng\]]	internal organs;viscera
內臣 内臣 [01\[ nèi chén\]]	chamberlain
內華達 内华达 [01\[ nèi huá dá\]]	nevada
內華達州 内华达州 [01\[ nèi huá dá zhōu\]]	nevada
內蒙 内蒙 [01\[ nèi méng\]]	inner mongolia
內蒙古 内蒙古 [01\[ nèi měng gǔ\]]	inner mongolia;abbr. for inner mongolia autonomous region 內蒙古自治區|内蒙古自治区
內蒙古大學 内蒙古大学 [01\[ nèi méng gǔ dà xué\]]	inner mongolia university
內蒙古自治區 内蒙古自治区 [01\[ nèi méng gǔ zì zhì qū\]]	inner mongolia autonomous region
內行 内行 [01\[ nèi háng\]]	expert;adept;experienced
內衣 内衣 [01\[ nèi yī\]]	undergarment;underwear
內衣褲 内衣裤 [01\[ nèi yī kù\]]	underwear
內袋 内袋 [01\[ nèi dài\]]	inner pocket
內裝 内装 [01\[ nèi zhuāng\]]	filled with;internal decoration;installed inside
內褲 内裤 [01\[ nèi kù\]]	underwear
內訌 内讧 [01\[ nèi hòng\]]	internal strife
內賈德 内贾德 [01\[ nèi jiǎ dé\]]	mahmoud ahmadinejad (1956-)
內賓 内宾 [01\[ nèi bīn\]]	guest from the same country;internal or domestic visitor (as opposed to international guest 外賓|外宾)
內質網 内质网 [01\[ nèi zhì wǎng\]]	endoplasmic reticulum (er)
內部 内部 [01\[ nèi bù\]]	interior;inside (part
內部結構 内部结构 [01\[ nèi bù jié gòu\]]	internal structure;internal composition
內部網 内部网 [01\[ nèi bù wǎng\]]	intranet
內鄉 内乡 [01\[ nèi xiāng\]]	(n) neixiang (place in henan)
內酰胺酶 内酰胺酶 [01\[ nèi xiān àn méi\]]	beta-lactamase (a bacterial inhibitor)
內門鄉 内门乡 [01\[ nèi mén xiāng\]]	(n) neimen (village in taiwan)
內閣 内阁 [01\[ nèi gé\]]	(government) cabinet
內陸 内陆 [01\[ nèi lù\]]	inland;interior
內陸國 内陆国 [01\[ nèi lù guó\]]	landlocked country
內陸河 内陆河 [01\[ nèi lù hé\]]	inland river;river draining to inland sea
內鬥 内斗 [01\[ nèi dòu\]]	internal strife;power struggle
內黃 内黄 [01\[ nèi huáng\]]	(n) neihuang (place in henan)
全 全 [01\[ quán\]]	all;whole;entire;every;complete;surname quan
全世界 全世界 [01\[ quán shì jiè\]]	worldwide;entire world
全世界無產者聯合起来 全世界无产者联合起来 [01\[ quán shì jiè wú chǎn zhě lián hé qǐ lai\]]	proletarier aller länder
全世界第一 全世界第一 [01\[ quán shì jiè dì yī\]]	world's first
全份 全份 [01\[ quán fèn\]]	complete set
全休 全休 [01\[ quán xiū\]]	complete rest (after an illness)
全優 全优 [01\[ quán yōu\]]	overall excellence
全副 全副 [01\[ quán fù\]]	completely
全副武裝 全副武装 [01\[ quán fù wǔ zhuāng\]]	fully armed;armed to the teeth;fig. fully equipped
全副精力 全副精力 [01\[ quán fù jīng lì\]]	to concentrate entirely on sth;fully engaged;with full force
全力 全力 [01\[ quán lì\]]	with all one's strength;full strength;all-out (effort);fully (support)
全力以赴 全力以赴 [01\[ quán lì yǐ fù\]]	do at all costs;make an all-out effort
全勝 全胜 [01\[ quán shèng\]]	total victory;to excel by far;name of a tank;slam
全勤 全勤 [01\[ quán qín\]]	full-time attendance at work
全南 全南 [01\[ quán nán\]]	quannan county in ganzhou 贛州|赣州
全南縣 全南县 [01\[ quán nán xiàn\]]	quannan county in ganzhou 贛州|赣州
全同 全同 [01\[ quán tóng\]]	identical
全員 全员 [01\[ quán yuán\]]	complete personnel;fully manned
全國 全国 [01\[ quán guó\]]	entire country;nationwide
全國人大 全国人大 [01\[ quán guó rén dà\]]	abbr. for national people's congress (npc)
全國人大會議 全国人大会议 [01\[ quán guó rén dà huì yì\]]	national people's congress (npc)
全國人民代表大會 全国人民代表大会 [01\[ quán guó rén mín dài biǎo dà huì\]]	national people's congress
全國各地 全国各地 [01\[ quán guó gè dì\]]	every part of the country
全國大會黨 全国大会党 [01\[ quán guó dà huì dǎng\]]	national congress party (sudan)
全國性 全国性 [01\[ quán guó xìng\]]	national
全國民主聯盟 全国民主联盟 [01\[ quán guó mín zhǔ lián méng\]]	myanmar or burma national league for democracy (nld)
全國鳥類學會 全国鸟类学会 [01\[ quán guó niǎo lèi xué huì\]]	china ornithological society
全場 全场 [01\[ quán chǎng\]]	everyone present;the whole audience;across-the-board;unanimously;whole duration (of a competition or match)
全場一致 全场一致 [01\[ quán chǎng yī zhì\]]	unanimous
全天 全天 [01\[ quán tiān\]]	whole day
全天候 全天候 [01\[ quán tiān hòu\]]	all-weather
全套 全套 [01\[ quán tào\]]	an entire set;full complement
全家 全家 [01\[ quán jiā\]]	whole family
全家福 全家福 [01\[ quán jiā fú\]]	family portrait;picture of the entire family
全局 全局 [01\[ quán jú\]]	overall situation
全局性 全局性 [01\[ quán jú xìng\]]	global
全局語境 全局语境 [01\[ quán jú yǔ jìng\]]	global context
全州 全州 [01\[ quán zhōu\]]	(n) quanzhou (place in guangxi)
全年 全年 [01\[ quán nián\]]	the whole year;all year long
全影 全影 [01\[ quán yǐng\]]	total shadow;umbra
全復 全复 [01\[ quán fù\]]	completely;totally recovered;healed
全心全意 全心全意 [01\[ quán xīn quán yì\]]	heart and soul;wholeheartedly
全才 全才 [01\[ quán cái\]]	all-rounder;versatile
全數 全数 [01\[ quán shù\]]	the entire sum;the whole amount
全文 全文 [01\[ quán wén\]]	entire text
全文檢索 全文检索 [01\[ quán wén jiǎn suǒ\]]	full text search
全斗煥 全斗焕 [01\[ quán dòu huàn\]]	chun doo hwan (former south korean president)
全新 全新 [01\[ quán xīn\]]	all new;completely new
全新世 全新世 [01\[ quán xīn shì\]]	holocene (geological period covering approx 12000 years since the last ice age)
全新紀 全新纪 [01\[ quán xīn jì\]]	holocene;period since the last ice age
全新統 全新统 [01\[ quán xīn tǒng\]]	holocene system (geological strata laid down during the last 12000 years)
全日制 全日制 [01\[ quán rì zhì\]]	full-time work
全日空 全日空 [01\[ quán rì kōng\]]	all nippon airways (ana)
全时工作 全时工作 [01\[ quán shí gōng zuò\]]	full time work
全景 全景 [01\[ quán jǐng\]]	panoramic view
全會 全会 [01\[ quán huì\]]	plenary session (at a conference)
全本 全本 [01\[ quán běn\]]	whole edition;whole performance (of chinese opera)
全椒 全椒 [01\[ quán jiāo\]]	(n) quanjiao (place in anhui)
全權 全权 [01\[ quán quán\]]	full powers;total authority;plenipotentiary powers
全權代表 全权代表 [01\[ quán quán dài biǎo\]]	a plenipotentiary (representative)
全權大使 全权大使 [01\[ quán quán dà shǐ\]]	plenipotentiary ambassador
全殲 全歼 [01\[ quán jiān\]]	to annihilate;to wipe out completely;to exterminate
全民 全民 [01\[ quán mín\]]	entire population (of a country)
全民公決 全民公决 [01\[ quán mín gōng jué\]]	referendum
全民投票 全民投票 [01\[ quán mín tóu piào\]]	referendum;plebiscite
全活 全活 [01\[ quán huó\]]	to save life;to rescue;the whole business with all its processes
全然 全然 [01\[ quán rán\]]	completely
全熟 全熟 [01\[ quán shú\]]	thoroughly cooked;well done (of steak)
全班 全班 [01\[ quán bān\]]	the whole class
全球 全球 [01\[ quán qiú\]]	entire;total;global
全球化 全球化 [01\[ quán qiú huà\]]	globalization
全球定位系統 全球定位系统 [01\[ quán qiú dìng wèi xì tǒng\]]	global positioning system (gps)
全球性 全球性 [01\[ quán qiú xìng\]]	global
全球暖化 全球暖化 [01\[ quán qiú nuǎn huà\]]	global warming (taiwan and hong kong usage);written 全球變暖|全球变暖 in prc
全球氣候 全球气候 [01\[ quán qiú qì hòu\]]	global climate
全球氣候升溫 全球气候升温 [01\[ quán qiú qì hòu shēng wēn\]]	global warming
全球氣候變暖 全球气候变暖 [01\[ quán qiú qì hòu biàn nuǎn\]]	global warming
全球發展中心 全球发展中心 [01\[ quán qiú fā zhǎn zhōng xīn\]]	center for global development (an environmental think tank)
全球衛星導航系統 全球卫星导航系统 [01\[ quán qiú wèi xīng dǎo háng xì tǒng\]]	globalnaya navigatsionaya satelinaya sistema or global navigation satellite system (glonass)
全球變暖 全球变暖 [01\[ quán qiú biàn nuǎn\]]	global warming (prc usage);written 全球暖化 in taiwan
全球資訊網 全球资讯网 [01\[ quán qiú zī xùn wǎng\]]	world wide web;www
全盛 全盛 [01\[ quán shèng\]]	flourishing;at the peak;in full bloom
全盤 全盘 [01\[ quán pán\]]	overall;comprehensive
全省 全省 [01\[ quán shěng\]]	the whole province
全知 全知 [01\[ quán zhī\]]	omniscient
全知全能 全知全能 [01\[ quán zhī quán néng\]]	omniscient and omnipotent
全神灌注 全神灌注 [01\[ quán shén guàn zhù\]]	rapture
全神貫注 全神贯注 [01\[ quán shén guàn zhù\]]	(set phrase) with complete attention;concentration
全票 全票 [01\[ quán piào\]]	full-priced ticket;by unanimous vote
全程 全程 [01\[ quán chéng\]]	(during an) entire journey
全稱 全称 [01\[ quán chēng\]]	full name
全等 全等 [01\[ quán děng\]]	congruence (geometry)
全等形 全等形 [01\[ quán děng xíng\]]	congruent figure
全線 全线 [01\[ quán xiàn\]]	the whole front (in a war);the whole length (of a road or railway line)
全美 全美 [01\[ quán měi\]]	throughout the united states;the whole of america
全美廣播公司 全美广播公司 [01\[ quán měi guǎng bō gōng sī\]]	national broadcasting company (nbc)
全职 全职 [01\[ quán zhí\]]	full-time job
全聚德 全聚德 [01\[ quán jù dé\]]	quanjude (famous chinese restaurant)
全能 全能 [01\[ quán néng\]]	omnipotent;all-round;strong in every area
全般 全般 [01\[ quán bān\]]	entire
全色 全色 [01\[ quán sè\]]	full color;in all colors
全蝕 全蚀 [01\[ quán shí\]]	total eclipse
全託 全托 [01\[ quán tuō\]]	full-time care (of children in a boarding nursery)
全豹 全豹 [01\[ quán bào\]]	the full picture (i.e. the whole situation);panorama
全貌 全貌 [01\[ quán mào\]]	complete picture;full view
全資附屬公司 全资附属公司 [01\[ quán zī fù shǔ gōng sī\]]	wholly owned subsidiary
全身 全身 [01\[ quán shēn\]]	whole body;em-dash
全身中毒性毒劑 全身中毒性毒剂 [01\[ quán shēn zhōng dú xìng dú jì\]]	systemic agent;systemic gas;systemic poison
全身麻醉 全身麻醉 [01\[ quán shēn má zuì\]]	general anesthetic
全軍 全军 [01\[ quán jūn\]]	all-army;all-military
全輪 全轮 [01\[ quán lún\]]	front wheel
全輪驅動 全轮驱动 [01\[ quán lún qū dòng\]]	front wheel drive
全速 全速 [01\[ quán sù\]]	top speed;at full speed
全部 全部 [01\[ quán bù\]]	whole;entire;complete
全都 全都 [01\[ quán dōu\]]	all;without exception
全長 全长 [01\[ quán cháng\]]	overall length;span
全集 全集 [01\[ quán jí\]]	omnibus;complete works (of a writer or artist)
全面 全面 [01\[ quán miàn\]]	all-around;comprehensive;total;overall
全面禁止 全面禁止 [01\[ quán miàn jìn zhǐ\]]	complete prohibition;total ban
全面禁止核試驗條約 全面禁止核试验条约 [01\[ quán miàn jìn zhǐ hé shì yàn tiáo yuē\]]	comprehensive test ban treaty
全音 全音 [01\[ quán yīn\]]	whole tone (musical interval)
全食 全食 [01\[ quán shí\]]	total eclipse
全體 全体 [01\[ quán tǐ\]]	all;entire
全體人員 全体人员 [01\[ quán tǐ rén yuán\]]	crew
全麻 全麻 [01\[ quán má\]]	general anesthetic;abbr. for 全身麻醉
全黨 全党 [01\[ quán dǎng\]]	party-wide
兩 两 [01\[ liǎng\]]	both;two;ounce;some;a few;tael
兩下子 两下子 [01\[ liǎng xià zi\]]	a couple of times;to repeat the same;the same old trick;tricks of the trade
兩個中國 两个中国 [01\[ liǎng gè zhōng guó\]]	two-china (policy)
兩個或兩個以上 两个或两个以上 [01\[ liǎng gè huò liǎng gè yǐ shàng\]]	two or more
兩側 两侧 [01\[ liǎng cè\]]	two sides;both sides
兩側對稱 两侧对称 [01\[ liǎng cè duì chèn\]]	bilateral symmetry
兩分法 两分法 [01\[ liǎng fēn fǎ\]]	(maoism) one divides into two
兩千 两千 [01\[ liǎng qiān\]]	two thousand
兩千六百一十六 两千六百一十六 [01\[ liǎng qiān liù bǎi yī shí liù\]]	2616
兩千年 两千年 [01\[ liǎng qiān nián\]]	the year 2000;2000 years
兩口子 两口子 [01\[ liǎng kǒu zi\]]	husband and wife
兩句 两句 [01\[ liǎng jù\]]	(just let me say) a few words
兩國 两国 [01\[ liǎng guó\]]	both countries;two countries
兩天 两天 [01\[ liǎng tiān\]]	two days
兩宋 两宋 [01\[ liǎng sòng\]]	the song dynasty (960-1279);refers to the northern (960-1127) and southern song (1128-1279)
兩岸 两岸 [01\[ liǎng àn\]]	bilateral;both shores;both sides;both coasts;taiwan and mainland
兩岸對話 两岸对话 [01\[ liǎng àn duì huà\]]	bilateral talks
兩廂情願 两厢情愿 [01\[ liǎng xiāng qíng yuàn\]]	both sides are willing;by mutual consent
兩廣 两广 [01\[ liǎng guǎng\]]	the two provinces of guangdong and guangxi (in qing times)
兩廣總督 两广总督 [01\[ liǎng guǎng zǒng dū\]]	governor of guangdong and guangxi
兩性 两性 [01\[ liǎng xìng\]]	the two sexes;bisexual;hermaphrodite;having two characteristics;heterosexual
兩性動物 两性动物 [01\[ liǎng xìng dòng wù\]]	hermaphrodite creature
兩性差距 两性差距 [01\[ liáng xìng chǎ jù\]]	disparity between the sexes
兩性平等 两性平等 [01\[ liáng xìng píng děng\]]	equality between the sexes
兩性異形 两性异形 [01\[ liǎng xìng yì xíng\]]	sexual dimorphism
兩性花 两性花 [01\[ liǎng xìng huā\]]	hermaphrodite flower
兩情兩願 两情两愿 [01\[ liǎng qíng liǎng yuàn\]]	by mutual consent (north china dialect)
兩手 两手 [01\[ liǎng shǒu\]]	double tactics;twin strategies
兩手空空 两手空空 [01\[ liǎng shǒu kōng kōng\]]	empty-handed;fig. not receive any share
兩敗俱傷 两败俱伤 [01\[ liǎng bài jū shāng\]]	both sides suffer (成语 saw);neither side wins
兩旁 两旁 [01\[ liǎng páng\]]	both sides;either sides
兩星期 两星期 [01\[ liǎng xīng qī\]]	fortnight
兩會 两会 [01\[ liǎng huì\]]	national people's congress and chinese people's political consultative congress
兩棲 两栖 [01\[ liǎng qī\]]	amphibious;dual-talented;able to work in two different lines
兩棲動物 两栖动物 [01\[ liǎng qī dòng wù\]]	amphibian;amphibious animals
兩棲類 两栖类 [01\[ liǎng qī lèi\]]	amphibians
兩極 两极 [01\[ liǎng jí\]]	the two poles;the north and south poles;both ends of sth;electric or magnetic poles
兩極分化 两极分化 [01\[ liǎng jí fēn huà\]]	polarization
兩次 两次 [01\[ liǎng cì\]]	twice
兩江道 两江道 [01\[ liǎng jiāng dào\]]	yanggangdo province in north north korea
兩河 两河 [01\[ liǎng hé\]]	two rivers;mesopotamia
兩河文明 两河文明 [01\[ liǎng hé wén míng\]]	mesopotamian civilization
兩河流域 两河流域 [01\[ liǎng hé liú yù\]]	mesopotamia
兩清 两清 [01\[ liǎng qīng\]]	loan settled (business term); business complete to the satisfaction of both parties
兩漢 两汉 [01\[ liǎng hàn\]]	han dynasty (206 bc-220 ad);refers to the western han and eastern han
兩用 两用 [01\[ liǎng yòng\]]	dual-use
兩當 两当 [01\[ liǎng dāng\]]	(n) liangdang (place in gansu)
兩百億 两百亿 [01\[ liǎng bǎi yì\]]	twenty billion
兩百萬 两百万 [01\[ liǎng bǎi wàn\]]	two million
兩相 两相 [01\[ liǎng xiāng\]]	phase two
兩相情願 两相情愿 [01\[ liǎng xiāng qíng yuàn\]]	both sides are willing;by mutual consent
兩節棍 两节棍 [01\[ liǎng jié gùn\]]	nunchaku (weapon with two rods joined by a short chain
兩者 两者 [01\[ liǎng zhě\]]	both sides
兩耳不聞窗外事 两耳不闻窗外事 [01\[ liǎng ěr bù wén chuāng wài shì\]]	to pay no attention to outside matters
兩著兒 两着儿 [01\[ liǎng zhāo 5r\]]	the same old trick;illegal device
兩虎相爭 两虎相争 [01\[ liǎng hǔ xiāng zhēng\]]	two tigers fighting (成语 saw); fierce contest between evenly matched protagonists
兩袖清風 两袖清风 [01\[ liǎng xiù qīng fēng\]]	lit. both sleeves flowing in the breeze (成语 saw); having clean hands;uncorrupted;unsoiled by corrupt practices
兩訖 两讫 [01\[ liǎng qì\]]	received and paid for (business term);the goods delivered and the bill settled
兩造 两造 [01\[ liǎng zào\]]	both parties (to a lawsuit);plaintiff and defendant
兩邊 两边 [01\[ liǎng bian\]]	either side;both sides
兩面三刀 两面三刀 [01\[ liǎng miàn sān dāo\]]	two-faced
兩頭 两头 [01\[ liǎng tóu\]]	both ends;both parties to a deal
兩頭兒 两头儿 [01\[ liǎng tóu 5r\]]	erhua variant of 兩頭|两头
兩點十九分 两点十九分 [01\[ liǎng diǎn shí jiǔ fēn\]]	2 :1 9 (time of day)
兩黨制 两党制 [01\[ liǎng dǎng zhì\]]	two-party system
八 八 [01\[ bā\]]	eight;8
八·一五 八·一五 [01\[ bā yī wǔ\]]	cf japanese surrender in wwii on 15th august 1945
八一五 八一五 [01\[ bā yī wǔ\]]	cf japanese surrender in wwii on 15th august 1945
八九不離十 八九不离十 [01\[ bā jiǔ bù lí shí\]]	pretty close;very near;about right
八仙 八仙 [01\[ bā xiān\]]	the eight immortals
八仙桌 八仙桌 [01\[ bā xiān zhuō\]]	old fashioned square table to seat eight people
八佰伴 八佰伴 [01\[ bā bǎi bàn\]]	yaohan retail group
八倍體 八倍体 [01\[ bā bèi tǐ\]]	octoploid
八八六 八八六 [01\[ bā bā liù\]]	bye bye! (in chat room and text messages)
八分之一 八分之一 [01\[ bā fēn zhī yī\]]	one eighth
八分音符 八分音符 [01\[ bā fēn yīn fú\]]	quaver;eighth note
八十 八十 [01\[ bā shí\]]	eighty;80
八十天環遊地球 八十天环游地球 [01\[ bā shí tiān huán yóu dì qiú\]]	around the world in eighty days by jules verne 儒勒·凡爾納|儒勒·凡尔纳
八千 八千 [01\[ bā qiān\]]	eight thousand;8000
八卦 八卦 [01\[ bā guà\]]	the eight divinatory trigrams of the book of changes 易經|易经;to gossip
八卦拳 八卦拳 [01\[ bā guà quán\]]	baguazhang (a form of chinese boxing)
八卦掌 八卦掌 [01\[ bā guà zhǎng\]]	baguazhang (a form of chinese boxing)
八卦陣 八卦阵 [01\[ bā guà zhèn\]]	lit. battle plan based on the eight trigrams (in legend); fig. a clever plan;a fiendishly complicated predicament
八哥 八哥 [01\[ bā gē\]]	crested mynah bird (acridotheres cristatellus)
八哥兒 八哥儿 [01\[ bā gē 5r\]]	crested mynah bird (acridotheres cristatellus)
八國聯軍 八国联军 [01\[ bā guó lián jūn\]]	the eight power allied force
八大工業國組織 八大工业国组织 [01\[ bā dà gōng yè guó zǔ zhī\]]	g8 (group of eight major industrialized nations)
八天 八天 [01\[ bā tiān\]]	eight-day;eight days
八字 八字 [01\[ bā zì\]]	character 8;eight characters
八字步 八字步 [01\[ bā zì bù\]]	step with feet splayed outwards
八字眉 八字眉 [01\[ bā zì méi\]]	sloping eyebrows
八宿 八宿 [01\[ bā sù\]]	(n) basu (place in tibet)
八寶 八宝 [01\[ bā bǎo\]]	eight treasures
八寶山 八宝山 [01\[ bā bǎo shān\]]	mt babao in haidian district of beijing
八寶山革命公墓 八宝山革命公墓 [01\[ bā bǎo shān gé mìng gōng mù\]]	mt babao revolutionary cemetery in haidian district of beijing
八小時工作制 八小时工作制 [01\[ bā xiǎo shí gōng zuò zhì\]]	eight hour working day
八帶魚 八带鱼 [01\[ bā dài yú\]]	octopus
八年 八年 [01\[ bā nián\]]	eight years
八度 八度 [01\[ bā dù\]]	octave
八廓 八廓 [01\[ bā kuò\]]	(n) barkhor (pilgrim circuit around jokhang temple in lhasa
八德 八德 [01\[ bā dé\]]	(n) pate (city in taiwan)
八成 八成 [01\[ bā chéng\]]	eighty percent;most probably;most likely
八方 八方 [01\[ bā fāng\]]	the eight points of the compass;all directions
八旗 八旗 [01\[ bā qí\]]	the eight banners (military organization in qing dynasty)
八會穴 八会穴 [01\[ bā huì xué\]]	the eight strategic nerve points
八月 八月 [01\[ bā yuè\]]	eighth month;august
八月之光 八月之光 [01\[ bā yuè zhī guāng\]]	light in august (novel by william faulkner 威廉·福克納|威廉·福克纳)
八極拳 八极拳 [01\[ bā jí quán\]]	ba ji quan eight extremes fist - martial art
八榮八恥 八荣八耻 [01\[ bā róng bā chǐ\]]	honors and disgraces
八法拳 八法拳 [01\[ bā fǎ quán\]]	ba fa quan eight methods - martial art
八目鰻 八目鳗 [01\[ bā mù mán\]]	lamprey (jawless proto-fish of family petromyzontidae)
八級工 八级工 [01\[ bā jí gōng\]]	eight grade worker;top-grade worker
八級工資制 八级工资制 [01\[ bā jí gōng zī zhì\]]	eight grade wage scale (system)
八級風 八级风 [01\[ bā jí fēng\]]	force 8 wind;fresh gale
八股 八股 [01\[ bā gǔ\]]	an essay in eight parts;stereotyped writing
八行書 八行书 [01\[ bā xíng shū\]]	formal recommendation letter in eight columns
八角 八角 [01\[ bā jiǎo\]]	anise;star anise;aniseed;octagonal
八角形 八角形 [01\[ bā jiǎo xíng\]]	octagon
八角楓 八角枫 [01\[ bā jiǎo fēng\]]	alangium
八角茴香 八角茴香 [01\[ bā jiǎo huí xiāng\]]	chinese anise;star anise
八路軍 八路军 [01\[ bā lù jūn\]]	the eighth route army
八進制 八进制 [01\[ bā jìn zhì\]]	octal
八道江 八道江 [01\[ bā dào jiāng\]]	badaojiang district in baishan city 白山市
八道江區 八道江区 [01\[ bā dào jiāng qū\]]	badaojiang district in baishan city 白山市
八達嶺 八达岭 [01\[ bā dá lǐng\]]	badaling
八邊形 八边形 [01\[ bā biān xíng\]]	octagon
八里鄉 八里乡 [01\[ bā lǐ xiāng\]]	(n) pali (village in taiwan)
八開 八开 [01\[ bā kāi\]]	octavo
八面玲瓏 八面玲珑 [01\[ bā miàn líng lóng\]]	be smooth and slick (in establishing social relations)
八面體 八面体 [01\[ bā miàn tǐ\]]	octahedron
八音 八音 [01\[ bā yīn\]]	music;(used in advertising instrumental tuition);(archaic) musical instruments made of eight different materials (metal 金
八音盒 八音盒 [01\[ bā yīn hé\]]	musical box
公 公 [01\[ gōng\]]	just;honorable (designation);public;common
公丈 公丈 [01\[ gōng zhàng\]]	decameter
公主 公主 [01\[ gōng zhǔ\]]	princess
公主嶺 公主岭 [01\[ gōng zhǔ lǐng\]]	gongzhu county level city in siping 四平
公主嶺市 公主岭市 [01\[ gōng zhǔ lǐng shì\]]	gongzhu county level city in siping 四平
公事 公事 [01\[ gōng shì\]]	public affairs;official (matters
公事公辦 公事公办 [01\[ gōng shì gōng bàn\]]	to do official business according to the official principles (i.e. without involving private interests)
公交 公交 [01\[ gōng jiāo\]]	public transportation;mass transit
公交車 公交车 [01\[ gōng jiāo chē\]]	public transport vehicle;town bus
公仔 公仔 [01\[ gōng zǐ\]]	doll;cuddly toy
公休日 公休日 [01\[ gōng xiū rì\]]	public holiday
公佈 公布 [01\[ gōng bù\]]	to announce;to make public;to publish
公使 公使 [01\[ gōng shǐ\]]	minister;diplomat performing ambassadorial role in qing times
公倍式 公倍式 [01\[ gōng bèi shì\]]	common multiple expression
公倍數 公倍数 [01\[ gōng bèi shù\]]	common multiple
公債 公债 [01\[ gōng zhài\]]	government bond
公債券 公债券 [01\[ gōng zhài quàn\]]	public bond
公僕 公仆 [01\[ gōng pū\]]	public servant
公元 公元 [01\[ gōng yuán\]]	(year) ad;christian era
公元前 公元前 [01\[ gōng yuán qián\]]	before the common era (bc);before christ
公克 公克 [01\[ gōng kè\]]	gram
公兩 公两 [01\[ gōng liǎng\]]	hectogram
公公 公公 [01\[ gōng gong\]]	husband's father;father-in-law
公共 公共 [01\[ gōng gòng\]]	public;common (use)
公共事業 公共事业 [01\[ gōng gòng shì yè\]]	public utility;state-run enterprise;public foundation or enterprise
公共交換電話網路 公共交换电话网路 [01\[ gōng gòng jiāo huàn diàn huà wǎng lù\]]	public switched telephone network;pstn
公共交通 公共交通 [01\[ gōng gòng jiāo tōng\]]	public transport;mass transit
公共場所 公共场所 [01\[ gōng gòng chǎng suǒ\]]	public place
公共安全罪 公共安全罪 [01\[ gōng gòng ān quán zuì\]]	crime against public order
公共廁所 公共厕所 [01\[ gōng gòng cè suǒ\]]	public toilet
公共汽車 公共汽车 [01\[ gōng gòng qì chē\]]	bus
公共汽車站 公共汽车站 [01\[ gōng gòng qì chē zhàn\]]	bus stop;bus station
公共秩序 公共秩序 [01\[ gōng gòng zhì xù\]]	public order
公共行政 公共行政 [01\[ gōng gòng xíng zhèng\]]	public administration
公共衛生 公共卫生 [01\[ gōng gòng wèi shēng\]]	public health
公共設施 公共设施 [01\[ gōng gòng shè shī\]]	public facilities;services
公共財產 公共财产 [01\[ gōng gòng cái chǎn\]]	public property
公共道德 公共道德 [01\[ gōng gòng dào dé\]]	public morality;social ethics
公共關系 公共关系 [01\[ gōng gòng guān xì\]]	public relations
公分 公分 [01\[ gōng fēn\]]	centimeter;gram
公判 公判 [01\[ gōng pàn\]]	public opinion;public announcement of verdict at a trial
公務 公务 [01\[ gōng wù\]]	official business
公務員 公务员 [01\[ gōng wù yuán\]]	functionary;office-bearer
公募 公募 [01\[ gōng mù\]]	public placement (investing)
公升 公升 [01\[ gōng shēng\]]	liter
公司 公司 [01\[ gōng sī\]]	(business) company;company;firm;corporation;incorporated
公司債 公司债 [01\[ gōng sī zhài\]]	corporate bonds (investments)
公司會議 公司会议 [01\[ gōng sī huì yì\]]	company meeting
公司治理 公司治理 [01\[ gōng sī zhì lǐ\]]	corporate governance
公司法 公司法 [01\[ gōng sī fǎ\]]	corporations law
公司理財 公司理财 [01\[ gōng sī lǐ cái\]]	company finance;corporate finance
公告 公告 [01\[ gōng gào\]]	post;announcement
公噸 公吨 [01\[ gōng dūn\]]	ton;metric ton
公因式 公因式 [01\[ gōng yīn shì\]]	common factor;common divisor (of a math. expression)
公園 公园 [01\[ gōng yuán\]]	public park
公園小徑效應 公园小径效应 [01\[ gōng yuán xiǎo jìng xiào yìng\]]	garden path effect
公地 公地 [01\[ gōng dì\]]	public land;land in common use
公報 公报 [01\[ gōng bào\]]	announcement;bulletin;communique
公報私仇 公报私仇 [01\[ gōng bào sī chóu\]]	to use public office to avenge private wrongs
公墓 公墓 [01\[ gōng mù\]]	cemetery
公婆 公婆 [01\[ gōng pó\]]	husband's parents;parents-in-law
公子 公子 [01\[ gōng zǐ\]]	son of an official
公子哥兒 公子哥儿 [01\[ gōng zǐ gē er\]]	pampered sons of an official
公孫 公孙 [01\[ gōng sūn\]]	two-character surname gongsun
公孫起 公孙起 [01\[ gōng sūn qǐ\]]	gongsun qi (-258 bc)
公安 公安 [01\[ gōng ān\]]	(ministry of) public security;public safety;public security
公安官員 公安官员 [01\[ gōng ān guān yuán\]]	public safety officials
公安局 公安局 [01\[ gōng ān jú\]]	public security bureau
公安機關 公安机关 [01\[ gōng ān jī guān\]]	public security bureau
公安縣 公安县 [01\[ gōng ān xiàn\]]	gong'an county in hubei
公安部 公安部 [01\[ gōng ān bù\]]	ministry of public security
公害 公害 [01\[ gōng hài\]]	public hazard
公家 公家 [01\[ gōng jiā\]]	the public;the state;society;the public purse
公寓 公寓 [01\[ gōng yù\]]	apartment
公寓樓 公寓楼 [01\[ gōng yù lóu\]]	apartment building
公審 公审 [01\[ gōng shěn\]]	public trial (in a court of law)
公寸 公寸 [01\[ gōng cùn\]]	decimeter
公尺 公尺 [01\[ gōng chǐ\]]	meter
公差 公差 [01\[ gōng chā\]]	tolerance (allowed error)
公平 公平 [01\[ gōng píng\]]	fair;impartial
公平交易 公平交易 [01\[ gōng píng jiāo yì\]]	fair dealing
公平合理 公平合理 [01\[ gōng píng hé lǐ\]]	fair;equitable
公平競爭 公平竞争 [01\[ gōng píng jìng zhēng\]]	fair competition
公平貿易 公平贸易 [01\[ gōng píng mào yì\]]	fair trade
公廁 公厕 [01\[ gōng cè\]]	public toilet
公式 公式 [01\[ gōng shì\]]	formula
公引 公引 [01\[ gōng yǐn\]]	hectometer
公德 公德 [01\[ gōng dé\]]	public ethics;social morality
公德心 公德心 [01\[ gōng dé xīn\]]	civility;public spirit
公投 公投 [01\[ gōng tóu\]]	a referendum;abbr. for 公民投票
公撮 公撮 [01\[ gōng cuō\]]	milliliter
公敵 公敌 [01\[ gōng dí\]]	public enemy
公文 公文 [01\[ gōng wén\]]	document
公斗 公斗 [01\[ gōng dǒu\]]	decaliter
公斤 公斤 [01\[ gōng jīn\]]	kilogram
公斷 公断 [01\[ gōng duàn\]]	arbitration (in legal dispute)
公映 公映 [01\[ gōng yìng\]]	public screening (of a movie)
公曆 公历 [01\[ gōng lì\]]	gregorian calendar
公會 公会 [01\[ gōng huì\]]	guild
公有 公有 [01\[ gōng yǒu\]]	publicly owned;communal;held in common
公有制 公有制 [01\[ gōng yǒu zhì\]]	public ownership
公有化 公有化 [01\[ gōng yǒu huà\]]	to nationalize;to take over as communal property
公案 公案 [01\[ gōng àn\]]	judge's desk;complex legal case
公款 公款 [01\[ gōng kuǎn\]]	public money
公正 公正 [01\[ gōng zhèng\]]	just;fair;equitable
公民 公民 [01\[ gōng mín\]]	citizen
公民投票 公民投票 [01\[ gōng mín tóu piào\]]	plebiscite;referendum
公民權利 公民权利 [01\[ gōng mín quán lì\]]	civil rights
公民表決 公民表决 [01\[ gōng mín biǎo jué\]]	referendum;decided by public vote
公決 公决 [01\[ gōng jué\]]	public decision (by ballot);majority decision;a joint decision;referendum
公法 公法 [01\[ gōng fǎ\]]	public law
公海 公海 [01\[ gōng hǎi\]]	high sea;international waters
公演 公演 [01\[ gōng yǎn\]]	to perform (e.g. on the stage);to lecture
公然 公然 [01\[ gōng rán\]]	openly;publicly;undisguised
公然表示 公然表示 [01\[ gōng rán biǎo shì\]]	to state openly
公爵 公爵 [01\[ gōng jué\]]	duke
公爵夫人 公爵夫人 [01\[ gōng jué fū rén\]]	duchess
公爹 公爹 [01\[ gōng diē\]]	husband's father
公牛 公牛 [01\[ gōng niú\]]	bull
公犬 公犬 [01\[ gōng quǎn\]]	male dog
公理 公理 [01\[ gōng lǐ\]]	(log.) axiom;axiomatic
公理法 公理法 [01\[ gōng lǐ fǎ\]]	the axiomatic method
公用 公用 [01\[ gōng yòng\]]	public;for public use
公用交換電話網 公用交换电话网 [01\[ gōng yòng jiāo huàn diàn huà wǎng\]]	public switched telephone network;pstn
公用電話 公用电话 [01\[ gōng yòng diàn huà\]]	public phone
公畜 公畜 [01\[ gōng chù\]]	stud;male animal kept to breed offspring
公畝 公亩 [01\[ gōng mǔ\]]	acre (100 square meters)
公益 公益 [01\[ gōng yì\]]	public welfare;public good;volunteer health or relief work;civic-minded;commonwealth
公益事業 公益事业 [01\[ gōng yì shì yè\]]	service to the public;public welfare undertaking;charity;social facility
公益金 公益金 [01\[ gōng yì jīn\]]	public welfare funds;community chest
公眾 公众 [01\[ gōng zhòng\]]	public
公眾意見 公众意见 [01\[ gōng zhòng yì jiàn\]]	public opinion
公眾電信網路 公众电信网路 [01\[ gōng zhòng diàn xìn wǎng lù\]]	public telephone network
公石 公石 [01\[ gōng shí\]]	hectoliter
公社 公社 [01\[ gōng shè\]]	commune
公私 公私 [01\[ gōng sī\]]	public and private (interests
公私兼顧 公私兼顾 [01\[ gōng sī jiān gù\]]	public private partnership venture
公私合營 公私合营 [01\[ gōng sī hé yíng\]]	joint public private operation
公秉 公秉 [01\[ gōng bǐng\]]	kiloliter
公稱 公称 [01\[ gōng chēng\]]	nominal
公立 公立 [01\[ gōng lì\]]	public (e.g. school
公章 公章 [01\[ gōng zhāng\]]	official seal
公約 公约 [01\[ gōng yuē\]]	convention (i.e. international agreement)
公網 公网 [01\[ gōng wǎng\]]	open net;public website (as opposed to intranet)
公署 公署 [01\[ gōng shǔ\]]	government office
公羊 公羊 [01\[ gōng yáng\]]	ram (male sheep)
公羊傳 公羊传 [01\[ gōng yáng zhuàn\]]	mr gongyang's annals or commentary on 春秋
公羊春秋 公羊春秋 [01\[ gōng yáng chūn qiū\]]	mr gongyang's annals or commentary on 春秋
公義 公义 [01\[ gōng yì\]]	righteousness
公而忘私 公而忘私 [01\[ gōng ér wàng sī\]]	to work for the common good without considering one's personal interests
公職 公职 [01\[ gōng zhí\]]	an official position
公聽會 公听会 [01\[ gōng tīng huì\]]	public hearing
公設 公设 [01\[ gōng shè\]]	(logic) a postulate
公訴 公诉 [01\[ gōng sù\]]	public charges (legal)
公認 公认 [01\[ gōng rèn\]]	publicly known (to be);accepted (as)
公諸同好 公诸同好 [01\[ gōng zhū tóng hào\]]	to share pleasure in the company of others (成语 saw); shared enjoyment with fellow enthusiasts
公諸於世 公诸于世 [01\[ gōng zhū yú shì\]]	to make public;to share with the public
公證 公证 [01\[ gōng zhèng\]]	notarization;notarized;acknowledgement
公證人 公证人 [01\[ gōng zhèng rén\]]	notary;actuary
公證處 公证处 [01\[ gōng zhèng chù\]]	notary office
公豬 公猪 [01\[ gōng zhū\]]	boar
公費 公费 [01\[ gōng fèi\]]	at public expense
公路 公路 [01\[ gōng lù\]]	public road
公路網 公路网 [01\[ gōng lù wǎng\]]	road network
公車 公车 [01\[ gōng chē\]]	bus
公轉 公转 [01\[ gōng zhuàn\]]	orbital revolution
公道 公道 [01\[ gōng dào\]]	justice;fairness;public highway
公道 公道 [01\[ gōng dao\]]	fair;equitable
公里 公里 [01\[ gōng lǐ\]]	kilometer
公里時 公里时 [01\[ gōng lǐ shí\]]	kilometer per hour
公釐 公厘 [01\[ gōng lí\]]	decigram;millimeter
公開 公开 [01\[ gōng kāi\]]	public
公開信 公开信 [01\[ gōng kāi xìn\]]	open letter
公開化 公开化 [01\[ gōng kāi huà\]]	to publicize;openness (of government
公開指責 公开指责 [01\[ gōng kāi zhǐ zé\]]	denounce
公開討論會 公开讨论会 [01\[ gōng kāi tǎo lùn huì\]]	open forum
公開賽 公开赛 [01\[ gōng kāi sài\]]	championship
公開鑰匙 公开钥匙 [01\[ gōng kāi yào shi\]]	public key (in encryption)
公關 公关 [01\[ gōng guān\]]	public relations
公雞 公鸡 [01\[ gōng jī\]]	cock;rooster
公頃 公顷 [01\[ gōng qǐng\]]	hectare
公館 公馆 [01\[ gōng guǎn\]]	residence (of sb rich or important);mansion
公館鄉 公馆乡 [01\[ gōng guǎn xiāng\]]	(n) kungkuan (village in taiwan)
六 六 [01\[ liù\]]	six;6
六分之一 六分之一 [01\[ liù fēn zhī yī\]]	one sixth
六分儀座 六分仪座 [01\[ liù fēn yí zuò\]]	sextans (constellation)
六十 六十 [01\[ liù shí\]]	sixty;60
六十五 六十五 [01\[ liù shí wǔ\]]	sixty-five
六十五歲 六十五岁 [01\[ liù shí wǔ suì\]]	sixty-five years old
六十四卦 六十四卦 [01\[ liù shí sì guà\]]	the 64 pairs of eight trigram
六十四萬 六十四万 [01\[ liù shí sì wàn\]]	640
六合 六合 [01\[ lù hé\]]	(n) luhe (place in jiangsu)
六合八法 六合八法 [01\[ liù hé bā fǎ\]]	liuhe bafa - six harmonies, eight methods - martial art
六合彩 六合彩 [01\[ liù hé cǎi\]]	mark six (hong kong lotto game)
六四 六四 [01\[ liù sì\]]	refers to tian'anmen incident of 4th jun 1989
六四事件 六四事件 [01\[ liù sì shì jiàn\]]	tian'anmen incident of 4th jun 1989
六安 六安 [01\[ lù ān\]]	lu'an prefecture level city in anhui
六安地區 六安地区 [01\[ lù ān dì qū\]]	(n) lu'an district (district in anhui)
六安市 六安市 [01\[ lù ān shì\]]	lu'an prefecture level city in anhui
六家 六家 [01\[ liù jiā\]]	six schools of pre-han philosophy (as analyzed by sima tan 司馬談|司马谈)
六庫 六库 [01\[ liù kù\]]	liuku or lutku
六庫鎮 六库镇 [01\[ liù kù zhèn\]]	liuku or lutku
六方 六方 [01\[ liù fāng\]]	hexagonal
六方會談 六方会谈 [01\[ liù fāng huì tán\]]	six-sided talks (on north korea)
六日戰爭 六日战争 [01\[ liù rì zhàn zhēng\]]	the six day war of june 1967 between israel and her arab neighbors
六書 六书 [01\[ liù shū\]]	six methods of forming chinese characters
六月 六月 [01\[ liù yuè\]]	june;sixth month
六朝 六朝 [01\[ liù cháo\]]	the six southern dynasties (317-589)
六朝四大家 六朝四大家 [01\[ liù cháo sì dà jiā\]]	four great painters of the six dynasties
六朝時代 六朝时代 [01\[ liù cháo shí dài\]]	the six dynasties period (222-589) between han and tang
六枝特區 六枝特区 [01\[ lù zhī tè qū\]]	luzhi special economic area in liupanshui 六盤水|六盘水
六氟化鈾 六氟化铀 [01\[ liù fú huà yóu\]]	uranium hexafluoride (uf6)
六環路 六环路 [01\[ liù huán lù\]]	sixth ring road (beijing)
六甲鄉 六甲乡 [01\[ liù jiǎ xiāng\]]	(n) liuchia (village in taiwan)
六盤水 六盘水 [01\[ liù pán shuǐ\]]	liupanshui prefecture level city in west guizhou
六盤水市 六盘水市 [01\[ liù pán shuǐ shì\]]	liupanshui prefecture level city in guizhou
六神 六神 [01\[ liù shén\]]	six vital organs ruled by six daoist deities: heart 心
六神無主 六神无主 [01\[ liù shén wú zhǔ\]]	all six vital organs fail (成语 saw); besides oneself with panic;distracted;out of one's wits
六經 六经 [01\[ liù jīng\]]	six classics
六腳鄉 六脚乡 [01\[ liù jiǎo xiāng\]]	(n) liuchiao (village in taiwan)
六藝 六艺 [01\[ liù yì\]]	the confucian six arts - namely rites or etiquette 禮|礼 (禮儀|礼仪)
六號 六号 [01\[ liù hào\]]	6th day of the month
六親 六亲 [01\[ liù qīn\]]	one's immediate relatives
六親無靠 六亲无靠 [01\[ liù qīn wú kào\]]	orphaned of all one's immediate relatives (成语 saw); no one to rely on;left to one's own devices
六角形 六角形 [01\[ liù jiǎo xíng\]]	hexagon
六角括號 六角括号 [01\[ liù jiǎo kuò hào\]]	square brackets [ ]
六邊形 六边形 [01\[ liù biān xíng\]]	hexagon
六面體 六面体 [01\[ liù miàn tǐ\]]	six-sided figure (such as a cube or parallelepiped)
六韜 六韬 [01\[ liù tāo\]]	six secret teachings
六韜三略 六韬三略 [01\[ liù tāo sān lüè\]]	lit. six secret teachings 六韬 and three strategies 三略
六點六 六点六 [01\[ liù diǎn liù\]]	6.6
六點半 六点半 [01\[ liù diǎn bàn\]]	half past six;6:30
六龜鄉 六龟乡 [01\[ liù guī xiāng\]]	(n) liukuei (village in taiwan)
兮 兮 [01\[ xī\]]	(particle in old chinese similar to 啊)
兮兮 兮兮 [01\[ xī xī\]]	(particle used to exaggerate certain adjectives
共 共 [01\[ gòng\]]	common;general;to share;together;total;altogether
共享 共享 [01\[ gòng xiǎng\]]	to share
共享以太網絡 共享以太网络 [01\[ gòng xiǎng yǐ tài wǎng luò\]]	shared ethernet
共享帶寬 共享带宽 [01\[ gòng xiǎng dài kuān\]]	shared bandwidth
共享軟體 共享软体 [01\[ gòng xiǎng ruǎn tǐ\]]	shareware
共價鍵 共价键 [01\[ gòng jià jiàn\]]	(chem.) covalent bond
共同 共同 [01\[ gòng tóng\]]	common;joint;jointly;together;collaborative
共同利益 共同利益 [01\[ gòng tóng lì yì\]]	common interest;mutual benefit
共同基金 共同基金 [01\[ gòng tóng jī jīn\]]	mutual fund
共同社 共同社 [01\[ gòng tóng shè\]]	kyōdō
共同篩選 共同筛选 [01\[ gòng tóng shāi xuǎn\]]	collaborative filtering
共同閘道介面 共同闸道介面 [01\[ gòng tóng zhá dào jiè miàn\]]	common gateway interface;cgi
共同點 共同点 [01\[ gòng tóng diǎn\]]	common ground
共和 共和 [01\[ gòng hé\]]	republic
共和制 共和制 [01\[ gòng hé zhì\]]	republic
共和國 共和国 [01\[ gòng hé guó\]]	republic
共和政體 共和政体 [01\[ gòng hé zhèng tǐ\]]	republican system of government
共和黨 共和党 [01\[ gòng hé dǎng\]]	republican party
共和黨人 共和党人 [01\[ gòng hé dǎng rén\]]	a republican party member
共存 共存 [01\[ gòng cún\]]	to coexist
共存性 共存性 [01\[ gòng cún xìng\]]	compatibility;the possibility of mutual coexistence
共形 共形 [01\[ gòng xíng\]]	conformal
共性 共性 [01\[ gòng xìng\]]	overall character
共振 共振 [01\[ gòng zhèn\]]	resonance
共有 共有 [01\[ gòng yǒu\]]	to have altogether;in all
共棲 共栖 [01\[ gòng qī\]]	symbiosis
共生 共生 [01\[ gòng shēng\]]	symbiosis
共產 共产 [01\[ gòng chǎn\]]	communist
共產主義 共产主义 [01\[ gòng chǎn zhǔ yì\]]	communism
共產國際 共产国际 [01\[ gòng chǎn guó jì\]]	communist international (comintern)
共產黨 共产党 [01\[ gòng chǎn dǎng\]]	communist party
共產黨人 共产党人 [01\[ gòng chǎn dǎng rén\]]	communist party members
共產黨員 共产党员 [01\[ gòng chǎn dǎng yuán\]]	communist party member
共產黨宣言 共产党宣言 [01\[ gòng chǎn dǎng xuān yán\]]	manifesto of the communist party;manifest der kommunistischen partei by marx and engels (1848)
共產黨部隊 共产党部队 [01\[ gòng chǎn dǎng bù duì\]]	communist forces
共用 共用 [01\[ gòng yòng\]]	commons;public use
共管 共管 [01\[ gòng guǎn\]]	to administer jointly
共處 共处 [01\[ gòng chǔ\]]	coexist;get along (with others)
共襄 共襄 [01\[ gòng xiāng\]]	communal undertaking;joint project
共襄善舉 共襄善举 [01\[ gòng xiāng shàn jǔ\]]	joint charity project;communal philantrophic undertaking
共襄盛舉 共襄盛举 [01\[ gòng xiāng shèng jǔ\]]	to cooperate on a great undertaking;joint project;communal undertaking
共計 共计 [01\[ gòng jì\]]	to sum up to;to total
共謀 共谋 [01\[ gòng móu\]]	conspire
共謀罪 共谋罪 [01\[ gòng móu zuì\]]	conspiracy
共謀者 共谋者 [01\[ gòng móu zhě\]]	conspirator
共識 共识 [01\[ gòng shí\]]	consensus
