a message	6-34530-S,6-39697-S,20-2906-S,43-50762-S,43-51677-S,43-51811-S,61-22697-S
a messenger	21-63448-B
a messy business	27-35260-S,27-35393-S
a metal saw	64-41493-B
a metaphor	5-65193-S,14-23198-B
a meteoric rise	69-1410-S
a meteorological or astronomical phenomenon e g rainbow or eclipse	17-53789-B
a meteorologist	36-30437-B
a meter	21-11555-S
a meter measuring equipment	6-54452-B
a meter measuring sth	56-43022-B
a method of learning to write	28-36152-S
a mickle makes a muckle	21-3986-S,47-39128-S,66-59151-S
a microphone	6-39035-S
a mid oceanic ridge stretching from california down to antarctica	33-16969-S
a middle man	3-35967-S
a middleman	14-58012-S
a mighty army like wildfire	18-31059-S
a military attack	27-4934-S
a military region	60-64176-B
a military show of force	46-45854-B
a mill	46-40060-S
a millimeter	36-16205-S
a millimeter or 10 6 meter	24-20747-S
a million bytes	7-945-S
a millionaire	20-8193-B
a milne adapted by disney	20-67244-S
a mine	46-43905-B,46-44137-B,65-36055-S
a mine shaft	46-43905-B
a mineral	64-42842-S
a ming dynasty province	39-11322-S
a miniature carving	24-19110-B
a minister provokes a rebellion by exploiting the people	19-43096-B
a minister who conspires against the state	18-25354-B
a minister 成语 saw	70-2903-S
a ministerial job 成语 saw	49-35175-S
a ministry	63-23095-S
a minor issue 成语 saw	21-2182-S
a minor item in a bigger work	28-43971-S
a minor matter	17-40466-S,20-68449-B
a minority	56-10270-S
a minority group in china	5-9997-S
a minute	48-19052-S
a minute to lose	8-56936-S
a miracle cure of medical operation	54-54426-S
a miraculous column of light	67-50765-B
a miraculous feat	69-59540-S
a mirror and the moon reflected in the lake 成语 saw	64-58033-S
a mirror etc	11-46587-S
a mirror for the wise ruler or comprehensive mirror for aid in government	59-52142-B
a miscarriage	38-5082-B
a miscarriage of justice	8-14284-S,64-48121-B
a miscellany	67-5732-B,67-6477-B,67-6548-B
a miser	12-64619-B,20-66322-B
a miserable state	55-3502-S
a mishap	8-34266-S
a misjudged legal case	64-48121-B
a mismatch	26-2491-B
a missile	9-11027-S
a mission	21-63448-B,24-14032-S,38-1382-S,38-1445-S,41-60176-S,41-60288-S
a mission group of missionaries	6-36701-B
a missionary	6-36642-B
a missionary case a dispute over christian missionaries during the late qing	30-3201-B
a mist	68-61006-S
a mistake	8-46377-S,17-67544-S,21-63306-S,23-28402-S,28-57541-S,42-2184-S,45-39717-B,58-30556-B,60-12749-B
a mistake or gap in a speech or theory	46-19354-S
a mistake or shortcoming that may be exploited by an opponent	61-37125-B
a mistress or lover	18-41901-S
a misty path	67-45094-B
a mite	56-13041-B,56-16863-B
a mix	17-71892-B,67-5471-B
a mixed dish of the food left over from a banquet	27-10032-B
a mixture	56-10531-B
a moat	37-62332-B
a mob	51-53454-B
a mob of people	31-66777-B
a modal particle	14-30355-B
a modal particle indicating don t mind it	50-54334-B
a modal particle indicating that s all	50-54264-B
a modal particle showing affirmation	13-62237-B
a model	4-38996-S,4-45924-S,4-46075-S,5-24153-S,20-42959-S,29-26964-S,29-27499-S,29-27895-S,30-27523-S,41-9267-S,52-57467-S,56-43022-B
a model for the present	5-64678-S
a model of calligraphy or painting	52-57203-S
a model of calligraphy or painting etc	52-57658-S
a model 成语 saw	40-31955-S,41-9566-S
a modern object as an ancient one	6-24295-S
a mold	65-5965-S
a moldy smell	67-41123-B
a mole	52-54571-B,65-66477-S,65-66615-S
a mole unit of volume in quantitative chemistry	29-1537-B
a moment	1-11104-B,41-44175-B,45-50516-S,47-30281-S,48-17343-S,48-17482-S,48-17645-S,53-21211-B
a moment ago	9-27486-S,9-28640-S
a moment of desperation	25-13645-S
a moment of desperation 成语 saw	25-13805-S
a moment of enlightenment usually buddhist	68-32536-B
a moment of silence in tribute	71-35805-S
a moment s hesitation	44-14638-S
a monastery	40-1105-S
a monastery buddhist or daoist	5-435-S
a monastic order	63-9469-S
a mongoose	59-28404-B
a monk	6-51459-B
a monk buddh 	11-61528-S
a monk or nun	46-46169-S
a monk s alms bowl	64-24406-B
a monkey	24-34800-S,36-1705-S,40-54099-S
a monkey with supernatural powers in the novel journey to the west 西遊記 西游记	19-15241-S
a monosyllable	14-22526-B
a monstrous lie	23-51055-B
a month	1-50072-S,2-73277-S,3-33371-S,3-33683-S,3-34326-S,3-34689-S,3-54421-S,10-42163-S,10-58708-S,55-55154-S
a monument	27-46673-S,46-28071-B
a moor i e muslim	29-1537-B,29-1659-B
a mop	27-47436-S
a moral	30-5319-B,30-25497-S
a moral principle	56-44130-S
a mortise	34-40664-S
a mortise chisel	34-40614-B
a mortise slot cut into wood to receive a tenon	34-40471-B
a mosquito	17-26443-S
a moth flying into the fire 成语 saw	69-0-S
a mother	14-41879-S
a motor	35-12601-S,60-16192-S
a motor carriage	61-30993-B
a motor vehicle	35-2610-B
a mound	15-56658-B,16-34387-B
a mound covering a tomb	20-32671-B
a mountain	10-36794-S,11-5774-S,15-21225-S,21-32291-S,21-32370-S,21-34220-S,21-35549-S,21-38899-S,21-39047-S,21-40282-S,21-40532-S,21-40866-S,21-41037-S,21-44664-S,21-45909-S,21-46323-S,21-48014-S,21-48375-S,23-4115-S,33-26434-S,44-23682-S,44-23819-S,45-10796-S,57-24440-S,66-40038-S
a mountain hut supported on pillars	12-43466-B
a mountain in gansu	21-44885-S,21-47047-S
a mountain in henan	21-44935-S
a mountain in hunan	21-49013-S
a mountain in shandong	21-35191-S,21-48100-S
a mountain in sichuan	21-43096-S,21-46149-S
a mountain is like a dragon	5-19976-S
a mountain peak	11-30095-B
a mountain range	3-4756-S,21-29647-B,51-10739-S
a mountain road twists and turns 成语 saw	21-39900-B
a mountain 成语 saw	15-65338-S
a mournful song	13-32105-B
a mourning hall	65-32354-S
a mouse	51-38188-B
a mouth or opening	59-15677-B
a mouthful	39-35615-B,39-36483-B
a move	1-18851-B,43-52281-S
a move in a game	26-46243-S
a move in chess	60-11110-B
a move on	24-49562-S,24-49645-S
a movement in islam	4-19744-S
a movie	1-50255-S,1-53665-S,3-6677-S,7-60366-S,26-2360-S,29-51921-S,69-22516-S
a movie etc	64-58324-S
a muck rake 成语 saw	5-57061-S
a muckle	21-3986-S,47-39128-S,66-59151-S
a muddle	17-69683-S
a muddle head	54-27639-B
a mug cushion	33-13329-B
a multitude	3-10311-S,4-13954-B
a multitude of arrows 成语 saw	45-53565-S
a multitude of stars 成语 saw	41-33166-S
a municipality in southeast china	1-51500-B,1-52328-B
a muscle	65-24406-S
a musical composition	16-1230-S
a musical instrument	30-16133-S,39-45771-S,58-40075-S,68-15045-S
a musical note	68-15901-S
a musical note on the traditional chinese scale	21-11555-B
a musical scale	68-15233-S
a musical score	34-49849-B
a muslim mosque	4-49673-S,4-52557-S
a mystery	18-15786-B,42-26982-S
a nail in one s eye	45-48047-B
a name	12-58359-B,47-34862-S,58-64473-S,60-16282-S
a name but no reality 成语 saw	32-31078-S,32-31208-S
a name etc	13-18559-S
a name for the yellow emperor	61-1490-B
a name of an old town in sichuan	21-48898-B
a name of one s adoptive family	20-1404-S
a name or a term of address	65-65459-S
a nap	6-7661-S,45-54763-S,57-41011-B
a narrator	15-21594-S
a narrow bed	52-54857-B
a narrow chance	3-71358-S
a narrow escape	3-19538-B
a narrow gap	21-5226-B
a narrow path	43-38731-S
a narrow road 成语 saw	8-14062-S
a narrow slit window	23-34794-B
a narrow street lined with walls	17-71677-B
a narrow tube 成语 saw	48-25269-S
a narrow view	3-57117-S
a narrow waist	51-14705-S
a nasal consonant	71-52526-S
a nasal twang	71-53060-S
a nation	15-11636-S
a nation or church	48-57004-S
a nation s power	15-2576-B
a national policy	15-12513-B
a natural calamity	11-62616-S
a natural scenic view	68-53493-B
a natural stronghold	17-54758-B,29-23975-S
a naval escort	59-5368-B
a necklace	68-21785-B
a need	13-14058-S,62-27973-S
a needle	23-30269-S,47-52307-S
a needle concealed in silk floss 成语 saw	50-13327-S
a needle etc into	26-38993-S
a needle from the sea 成语 saw	17-25213-S
a needle held inserted in an acupoint	43-52442-B
a needle in a haystack	17-25213-B
a needle 成语 saw	47-52177-S,57-30450-S
a negative	58-63150-S
a neglected branch of arts	8-23742-B
a nephew as a son	26-61949-S
a net	29-8234-S
a net in a sports game or for covering sth	1-54817-S
a net of capillary blood vessels	50-6212-B
a network	50-10977-S
a network computer game	51-61818-B
a network elec 	27-32306-S
a neuron	34-61418-S
a new book	37-57098-S
a new born calf has no fear of the tiger 成语 saw the fearlessness of youth	9-785-B
a new broom sweeps clean	30-46964-B
a new business	29-29600-S
a new conception	30-48738-B
a new development bubbles up	39-63346-B
a new direction	27-30701-S
a new edition	51-21275-S
a new epoch metaphor	32-2161-S
a new era	32-2248-S
a new factor changing the situation	43-63720-B
a new feather 成语 saw	47-15074-S
a new job	8-34811-S
a new leaf	25-7300-S,29-46263-S,34-18590-S,44-14453-S
a new lease of life	8-10069-S,28-54741-S,32-8929-B
a new light	12-7042-S
a new path	9-4645-S
a new place	2-15376-S
a new post	8-34811-S
a new product or manufacturing process	58-13413-S
a new seam	65-35517-S
a new shift	43-8664-B
a new start	32-7695-S
a new term	65-33263-S
a new year call	27-45604-S
a newborn baby s excrement	52-52921-B
a news conference	30-54655-B,30-54737-B
a news service e g xinhua	62-13259-B
a news story e g dispatched over the wire	62-13084-B
a newspaper	16-11236-S,38-17735-S,46-50361-S,46-50449-S,61-35265-S,62-25398-S
a newspaper etc	16-12679-S,57-56606-S
a newspaper or magazine	8-63982-S,56-58019-S
a newspaper or periodical	57-57086-S
a nice weekend	62-27684-S
a night	19-66247-B
a night march	17-1721-B
a noble cause	43-13312-S
a noble steed	69-55666-B
a nobleman	9-54222-S
a nobleman s house	65-21874-S
a nobody	22-40512-B
a nocturnal bird	17-2045-B
a noise	13-2457-S,13-2457-S,13-31167-B,14-11301-S
a noise in the world	66-52093-S
a nomad	62-37544-S
a nonentity	22-40512-B
a nonexpert	66-40750-B
a nonmigratory bird	43-53071-B
a nonnegative number i e positive or zero	67-67829-B
a nonpositive number i e negative or zero	67-66111-B
a nonvoting delegate	8-66669-S
a noose	18-9828-B,37-65449-B,50-41725-B
a noose for hanging criminals	49-48713-B
a normal or original state	24-12792-S
a north indian language	10-29372-B
a north indian tribe	63-53867-S
a nosy parker	48-27373-S
a notch on the side of a boat to locate a sword dropped overboard 成语 saw	9-14997-S
a note	48-44627-B
a note on a musical scale	68-15233-B
a notice	23-41836-S
a notice or announcement	34-39521-B
a notice to reassure the public	19-30355-B
a noticeboard or website	44-34328-S
a notion	7-29413-S
a noun	16-12860-S,37-26625-S,44-58948-S
a noun of locality	63-11219-S
a novel	57-45684-S
a novel of denunciation acc to lu xun s 鲁迅 鲁迅 classification	59-4184-B
a novel or film	3-3667-S
a nuclear leak	33-59510-B
a nuclear power country	33-56668-B
a nuclear test	33-62086-B,33-62133-B
a nuisance	11-63906-B,18-36539-B
a nuisance to sb	50-44933-B,50-45125-B
a number	3-13368-S,49-5314-S,65-63738-S
a number and a half	10-54408-S
a number field	30-20644-S
a number of days later	17-47037-B
a number square	3-12648-S
a number to a convenient multiple	39-9440-S
a numeral indicating the order of birth of the children in a family or to indicate affection or familiarity	51-24509-S
a numerical value	60-31779-S
a nut	17-18573-S,17-21856-S,17-26443-S
a nutshell	35-55165-S,41-9267-S,48-38261-S,48-38701-S,50-27939-S
a official or personal capacity	8-46892-S
a old fashioned wedding ceremony	27-45189-S,27-45442-S
a one person exhibition	5-53449-B
a one track mind	35-57409-S
a or b in microsoft dos and windows system	45-11686-S
a or roman i in list a b c	43-39052-S
a p martin 1827 1916	1-26076-S
a p martin 丁韙良 丁韪良	12-47846-S
a pace	35-41879-B
a pack of lies	1-13879-B,23-51055-B
a pack of rogues 成语 saw	42-6218-B,42-6680-B
a pack ox sweat or to fill a house to the rafters 成语 saw	36-56606-S
a package with a seal	10-14185-S
a packet	59-63170-S
a padded coverlet	56-51570-S
a page	5-57922-S,32-11668-S,45-36536-S,68-19631-S
a pain in the neck	57-62673-B
a pain killer	35-32942-B
a painter	39-61405-S
a painting	12-43087-S,40-40878-S,71-39964-S
a painting inside a gourd 成语 saw	41-9267-S
a pair	1-7140-B,5-6480-S,10-39908-S
a pair e g to marry	63-37911-S
a pair matching game	20-49097-S
a pair of legs on each segment	5-54643-S
a pair of trousers	57-11340-S
a pair of worn out shoes	57-34947-S
a pair scrolls	22-33140-S
a palaeolithic culture	54-25595-S
a palanquin	48-3606-B,61-30801-B,61-30859-S,61-30926-B
a pale	55-35308-B
a pall to cover the hearse	61-15000-B
a palm civet	42-8863-B
a palm tree	34-21375-B
a panacea	14-51521-B,29-48739-B
a pandora s box	39-57989-B
a panic	5-52070-S,14-13916-S,69-63362-S
a panicked state	69-64046-S
a panorama	45-49024-S
a paper	20-21976-S
a paper seal	9-54151-S
a par	4-57571-S
a par with	1-65638-S,45-28990-S,45-30627-S
a par with one another	2-48124-S
a parade of erudition	28-13280-S
a paradox from daoist classic zhuangzi 莊子 庄子	23-27144-B
a paragon	40-31955-B,40-54399-B
a paragon of virtue and learning	13-33678-B
a parallel	36-10527-S
a paralyzing stroke	3-391-S
a parameter	11-39562-B,11-41103-S
a parapet	25-55414-S
a parasite	12-27872-S,18-27044-S,20-1091-S
a parent or grandparent	18-6973-S
a park in beijing	69-25320-S
a parliament or legislative assembly	59-3437-S
a part	6-6440-S,6-13941-S,56-60523-S,63-22977-S,69-9296-S
a part time job	26-43465-B
a particle	44-27628-S
a particle collider	20-50639-B
a particular location	58-1720-S
a particular person	20-37631-S
a particular place	4-11602-S
a particular purpose	20-40156-S
a particular stance	69-39306-B
a particular subject	54-30478-S
a particular typeface	19-5113-S
a particular year	22-50514-B
a particularly favored environment	24-7256-S
a partner	4-60079-B
a partner in crime	12-51690-B
a partnership	12-31649-S
a party	6-13941-S
a party cadre	28-38907-S
a party cadre to work on the shop floor or countryside	1-60063-S
a party conference	19-55742-S
a pass	26-65985-S,34-23476-S,39-64739-S
a pass authorization through a checkpoint	62-12819-B
a pass e g to enter a building	46-64441-B
a pass or laissez passer	62-12525-B
a pass to a career	62-12819-S
a passage through	62-12525-B
a passenger of taxi	27-31938-S
a passenger ship	14-39196-S
a passer by	62-48338-B
a past master	70-14922-B
a past regime	24-16755-S
a pastiche	29-27198-B,29-27409-B
a path	28-24039-S
a path for	44-1787-S
a path to certain destruction	69-0-S
a pathogen	27-7243-S,27-7386-S,44-9161-B
a patient	45-39192-S
a patient and his family	44-9642-B
a patina of ice from freezing rain or water vapor	67-14095-B
a pauper	35-58424-S
a pavilion near the water 成语 saw	61-48430-S
a pavilion 成语 saw	41-30084-S,55-49299-S
a payment	6-32243-S,27-31614-S
a peace prize	13-22607-B
a peach	27-2180-S
a peak	21-44551-S,44-23819-S
a peak by changjiang three gorges	46-56493-S
a peal	1-22322-B
a pearl	31-25517-B
a peck	12-31102-S
a pedal	60-46429-S,60-48114-S
a pedal e g clutch pedal	60-46713-B
a pedestal	18-4374-S
a peg	34-32124-B,35-2154-B,64-33731-B
a pekinese	13-36456-B
a pen	48-14764-S,48-14897-S,48-16463-S,65-63799-B
a pen etc	48-40267-S
a pen or writing brush	48-15290-S
a pendant jewelry	12-42799-B
a pendulum	29-29351-B
a penny pincher	12-64619-B,20-66322-B
a penny to one s name	2-806-S
a percentage	28-39116-S
a percentage of the takings	43-50141-S,43-50258-S
a performance	39-45381-S,42-39546-S
a period	1-46907-S,32-59951-S
a period in time or history	31-40898-B
a period of fasting	65-41265-S
a period of peace and prosperity	20-63713-B
a period of time	1-10572-B,1-22376-B,22-59972-S,31-42227-S,32-50939-B,35-51671-S
a period of two or three months	19-11880-B
a periodical	32-50939-S
a periodical or newspaper	19-48441-S
a permanent magnet	36-48552-B
a perpetual motion machine	36-49013-B
a person	3-1049-S,4-14336-B,12-42489-S,21-2130-S,23-55614-S,26-64477-S,28-25112-S,29-17649-S,35-66319-S,53-27437-S,54-16950-S,55-22806-S,58-2868-S,63-20619-S,68-44649-S,68-57169-S
a person bai suzhen	44-43923-S
a person before the legendary emperor fuxi 伏羲	51-14984-S
a person employed to collect statistics	49-53274-B
a person i e blood and essential breath 血氣 血气 of traditional chinese medicine	4-15449-S
a person in distress	11-65330-B
a person in order to help him	37-24894-S
a person in the know	5-52494-B
a person of good moral standing and reputation	24-29131-B
a person of integrity can stand severe tests	45-45231-B,45-45406-B
a person of short stature	46-771-B
a person of virtue and prestige	24-29131-B
a person or a numeral indicating the order of birth of the children in a family or to indicate affection or familiarity	51-24509-S
a person or an animal to go	29-52883-S
a person or animal	35-63206-S
a person or thing	12-58085-S
a person over sth that should have happened	25-16325-S
a person pursuing religious practise buddh 	5-49003-B
a person s age	22-50739-B,31-34166-B
a person s appearance	40-15755-S
a person s death	4-11553-B
a person s height	60-57703-B
a person s life	35-50856-S
a person s merits or demerits after death	55-5582-S,55-5802-S
a person s name	3-2036-S,4-15184-B,12-55430-B,42-58808-S,43-1937-S,71-11224-S
a person s preferences	11-67737-B
a person s status	12-53978-B
a person s talent	4-9911-B,4-10590-B
a person s talent will arouse the envy of others	26-1115-S
a person to turn round	61-28639-S
a person who comes from a particular place	4-11602-B
a person who has significantly helped sb else	25-1582-B
a person who helps sb harm people	60-12458-B
a person who is always falling ill	44-8935-B
a person who is bullied	11-62358-B
a person who is down	27-667-S,54-49049-S
a person who looks drenched and bedraggled	54-50315-B
a person with inside information	38-29998-B
a person without his knowing	6-22955-S
a personal fiefdom	47-35354-S
a personal kindness	25-40023-S
a personal name	1-25854-S,12-3559-S,22-23711-S
a personal punitive expedition	20-38922-S
a perverse way of doing things	5-60574-B,61-68194-B
a pestle	46-28906-S
a petition	1-50319-S,43-43081-S,43-43542-S
a petticoat	18-10137-S
a phd thesis	19-16850-B
a philanderer	61-12123-B
a phone	28-19785-S
a phone card	6-64216-S
a photo	8-58805-S,12-35578-S,29-34075-S,29-34431-S,68-49965-S
a photocopy	23-59180-B
a photograph	7-11891-S,29-34495-S,41-8795-S
a photographic image	19-45107-S
a photographic plate	15-27475-B,22-60745-B,41-8413-B,68-50491-S
a phrase	12-68472-S,41-539-S
a physical defect such as hearing or vision	46-3120-S
a piano key	42-59878-B
a pick	64-53505-B
a pictogram 象形 or ideogram 指事	42-22211-S
a picture	27-29107-S,27-29463-S,27-29950-S,40-41026-S,57-47-S,59-23175-S,59-23357-S,68-49965-S
a picture printed from an engraved or etched plate	41-45215-B
a picul 100 catties	29-22463-B
a pie chart	15-23113-B
a piece of cake	27-54093-B
a piece of music	58-64330-S
a piece of work for sb else to pass off as their own	34-44394-S
a piece of writing	17-30874-S,48-31965-S,71-39964-S
a pier	34-23271-B
a pig	36-56328-S
a pig as a lesson to the children 成语 saw	36-127-S
a pile	16-6064-B
a pile of eggs 成语 saw	3-29733-S
a pile of junk	23-9910-B
a pile of old books	29-61013-B
a pilgrimage	32-48696-S
a pilgrimage to a holy mountain	32-47889-B,32-48696-B
a pillar	34-52076-B
a pillar of the state	17-10568-S
a pin	64-33731-B
a pinnacle of virtue and ability	8-34637-B
a pirate	38-24665-B
a pistol	64-29813-B
a pit	15-64492-B
a pit for trapping animals	66-32503-S
a pit only to fall into a well	63-6336-S
a pittance	50-26784-S
a pity	12-13172-S,12-13172-S
a pizza chain	34-21028-S
a place	5-18947-S,9-9255-S,14-10842-S,15-35174-S,15-39137-S,16-13020-B,19-27043-S,21-17993-S,54-57138-S,68-54143-S
a place famous for its scenery or historical relics	12-54448-B
a place for	19-32247-S,19-34558-S
a place for storage	22-66413-B
a place for the memories	25-55213-S
a place in henan	48-23135-S
a place known for the product	15-45343-S
a place of secret cohabitation also derogatory	69-25469-B
a place one has one s eye on	54-55186-B
a place to live	19-44749-S
a place where one has lived long	19-25778-S
a place where small streams flow into a large one	39-44141-B
a plain	15-53811-B
a plaintive whine	13-33080-B
a plan	8-44418-S,15-64636-S,22-46129-B,28-29981-S,29-26964-S,29-27945-S,32-32561-S,48-42510-S,48-43197-S,48-43256-S,57-56704-S
a plan to sb	28-12675-S
a planar graph	22-46129-B
a plane	1-64847-S,6-16414-S,9-25143-S,10-16203-S,23-47955-S,29-19959-S,35-4738-S,35-5222-S,44-24088-S,65-7278-B
a plane angle	22-46488-B
a plane etc	35-3258-S,35-6063-S,68-342-S,68-428-S,68-670-S
a plane figure	22-46129-B,22-46211-B
a plane flat surface	22-46071-B
a plane i e to meet sb at airport	28-26451-S
a plane of airport workers	28-26451-S
a plane or boat	20-59752-S
a plane to land	61-52727-S
a plane wave	22-46430-B
a plank road built on trestles across the face of a cliff	34-23087-B,34-23382-B
a plant	33-54275-B,54-41444-S,54-42088-S
a plant and the roots follow	27-34604-S
a plant and the roots follow 成语 saw	27-33444-S,27-34788-S
a plant in bloom	55-4922-B
a plaster to the affected area	27-33289-S
a plateful	39-40126-B
a platform	34-23271-B
a platform to speak	58-54438-B
a play	1-53665-S,4-14336-S,14-54252-S,30-67184-S,30-67184-S,39-45381-S,39-45470-S,39-45913-S,39-46652-S,49-41217-S,50-19701-S,50-19945-S,56-60349-S,61-14698-S,65-38634-S
a play i e unambiguously hinted at	39-58468-S,39-60390-S
a play or film	58-32304-S,69-22407-S
a player in this affair	21-16522-B
a player of computer games	42-39068-B
a playoff	19-12021-B
a pleasant journey	1-21218-S,1-21309-S
a pleasure seeker	53-59957-B
a pleasure trip	39-53233-S
a plenipotentiary representative	7-38048-B
a plot	6-20807-S
a plot etc to fall through and stand exposed	30-186-S
a plug or cork	34-25015-B
a plurality of deities	16-60770-S,16-60861-S
a poached egg	52-54802-B
a pocket	11-69609-B
a podium	66-39605-B
a poem	13-21531-S,58-14488-B,61-30395-S,63-43138-S,69-29958-S
a poem in the same rhyme	35-22055-S
a poem over a long period	43-52116-S
a poem set to elegant music	66-55410-B
a poem to a given tune	16-22204-S
a poem to mark one s departure	43-48756-B
a poem using another poem s rhymes	35-43442-S
a poem with a poem	63-43138-S
a poet	35-26316-S,65-40237-S,69-54976-B
a poetic term for boat	55-45945-B
a point	1-23764-S,58-44659-S,66-15855-S
a point by point commentary	58-8630-B,71-42202-B
a point of view etc	61-37920-S
a pointless existence	5-64886-S
a poison	36-6943-B
a poker	29-11950-S,64-35140-B
a pole	27-64052-S,28-58671-S,29-5681-B,48-28135-S
a pole ax to slaughter a chicken	9-34347-S
a policewoman	18-22497-B,18-22544-B
a policy	20-28222-S
a polished stone neolithic implement	46-40808-B
a polite request to sb to speak	37-54104-B
a polite version of he	24-66827-B
a politeness	63-10487-S
a political office	30-43814-S,62-19570-S
a political party	32-24545-S,71-44623-S
a political recantation	59-11191-S
a political renewal	50-3566-B
a polynomial	20-13721-S
a polypus	44-17838-B
a pond	38-1632-S,55-15614-B
a poor and remote village	63-30234-B
a poor light	52-16828-S
a popper	28-63223-B
a popular craze	40-23236-B
a popular form of narrative literature flourishing in the tang dynasty 618 907 with alternate prose and rhymed parts for recitation and singing often on buddhist themes	59-9227-B
a popular person or item	61-57822-S
a popular wave	41-19402-B
a port	20-33671-S
a port for external trade	11-67859-B
a port for trade	65-32273-S
a portable lamp	28-40623-B
a porter	28-58569-B,67-4569-B
a porter for a palanquin	61-30859-B
a pose	29-58883-B
a position	4-32380-S,7-21419-S,15-66439-S,19-21523-S,28-26870-S,50-52898-S,51-53054-S,62-59316-S,65-57941-S,68-5085-S
a position by passing the imperial exam	2-82879-S
a position e g	9-58566-S
a position etc	3-6965-S
a position facing the sun	32-49233-B
a position of	55-48615-S
a position of weakness	4-37233-S
a position on a provisional basis	26-60495-S
a position on sb	10-11858-S
a position or job	60-17446-S
a position or post	28-26328-S
a position to do so	32-56406-S
a position to do sth	52-27412-S
a position while not deserving it	38-55532-S
a possible health hazard	14-58183-S
a possible period of want or need	2-14755-B
a post	4-41517-S,4-43321-S,6-64075-S,11-27594-S,11-60517-S,21-9296-S,21-10494-S,21-44252-B,24-15505-S,42-49406-S,56-18272-S,61-36690-S,69-21075-S
a post and defend	69-48070-S
a post several times in succession	56-18272-S
a postdoctoral position	11-6671-B
a posteriori philosophy	7-6650-S
a posthumous award	61-59555-B
a postmortem examination to determine cause of death etc	69-58223-B
a postulate	7-64196-S
a posture	5-5817-S
a pot	45-1804-S,51-39345-S
a pot boils	65-43209-B
a potpouri	67-6477-B
a potpourri	67-6548-B
a pouch	56-50071-B
a power	21-44592-S
a power i e a dominant country	17-10884-B
a power station	67-33639-B
a power struggle	41-40193-B
a powerful chief of the princes of the spring and autumn period 770 476 bc	67-48896-B
a powerful current	37-61572-B
a powerful enemy	17-19347-S
a powerful team sports	23-46022-B
a practice drum music	13-64427-B
a prayer	47-9812-S,47-9912-S
a prayer mat	60-40841-B
a prc economic program c 1955 1993	49-211-S
a precaution against fraud	23-51142-S
a precedent	65-30021-S
a predecessor	26-61876-S
a predicament	8-46967-S,47-55808-S,66-32033-S
a prejudiced viewpoint	26-23583-S
a prejudiced way	6-13299-S,6-13546-S
a preliminary round of exploratory discussions	63-48930-S
a preliminary sketch	34-43487-S
a preliminary test on a small sample	57-47813-S
a prepared speech e g to a a party conference	19-55742-B
a prescribed pattern to the letter	1-11646-S
a prescription	63-37075-S
a present	18-4736-S,59-61367-B,60-2656-S,60-2875-S,61-28541-S,61-63346-S,61-63778-S,61-63880-S,69-18835-S,69-19543-S
a present in writing	58-6692-B
a present of a feast	69-18362-S
a present to sb to ensure success	64-38112-S
a press	10-39635-B
a pressing need	50-22471-S
a pretence at complying 成语 saw	55-53901-B
a pretence of reason 成语 saw	35-23208-S
a pretence that turns into reality 成语 saw	23-23495-B
a pretense	29-58883-B
a pretext	26-59078-S,26-59290-S,26-59920-S
a pretext in sentencing dissidents	60-62819-S
a pretext to annex manchuria	3-17360-S,33-49592-S
a pretty face	53-58500-S
a previous event	4-35908-S
a previous incarnation	34-33207-S
a previous sentence or clause	9-16471-S
a previous topic	2-34293-S
a price	19-43802-S,19-43802-S,34-52319-S,57-25137-S,57-27372-S,59-3100-S,65-30212-S
a price decrease	60-34201-B
a prick	9-13722-B
a primary independently formed character i e a pictogram 象形 or ideogram 指事	42-22211-B
a prince	55-22883-S
a principal viewpoint	3-7825-B
a principle	4-55149-S,29-21528-S,62-58120-S
a printed book	8-36470-S
a printed page or news story	48-31965-S
a printed sheet	41-45442-S
a printed work	61-29015-S
a priori and a posteriori philosophy	7-6650-B
a prison	45-9294-B
a prison sentence	8-64644-S,32-42441-S
a prisoner	14-45342-B,27-39179-S,29-18076-S,63-53161-S
a prisoner released for medical treatment	5-35037-S
a private firm prc usage	5-54021-B
a private whisper	8-60594-B
a prize	2-76076-S,11-64857-S,24-6484-S,24-8517-S,27-17459-S,28-12482-S,41-38238-S,41-38393-S,68-32266-S,68-34827-S
a prize or reward	68-32361-S
a prize winner	47-43751-B,68-34827-B
a probe	28-24333-B
a problem	8-15558-S,24-55030-S,27-49482-S,37-11802-S,44-21773-S,57-51070-S,61-56182-S,62-18478-S,68-2948-S
a problem appears	8-40253-B
a problem as old as the world itself	2-39416-B
a problem etc	37-24511-S
a problem to find the right way to solve it	20-53110-S,20-53317-S
a problem to sb	28-36646-S
a problem worse by inappropriate action	27-13649-S
a process	35-41879-S
a procrustean bed	9-17159-S
a prodigal son	38-11568-S
a product	23-7928-S,23-44029-S,43-31642-S,57-4046-S
a product sells well	60-9660-B
a production contract	10-16466-S
a production goal	60-21900-S
a production unit or firm	10-19174-S
a profit	3-495-S,5-61061-S,5-61307-S,9-35822-S,28-55523-S,59-63090-S,59-63170-S
a profit derog 	5-56009-S
a profit on the currency market	9-35874-S
a profiteer	18-24711-B
a program	48-29557-S
a prohibition	11-58658-S,57-51759-S
a prohibition or ban	62-57912-S
a project	1-62258-S,4-46203-S,21-55534-S,58-2571-S,58-50561-S
a project dam	12-38481-S
a project of vital and lasting importance	44-53315-B
a projectile	27-27600-B,27-27656-B,44-27628-S
a projection	27-1163-B
a projective transformation	20-35203-B
a prominent iraqi ayatollah	57-17755-S
a prominent personality	68-58730-B
a promise	11-48269-S,17-64412-S,27-21394-S,36-2870-S,46-19303-S,51-21590-S,58-31194-S,58-49774-B,60-47088-S,62-58231-S,69-4081-S,71-21604-S
a promise that can be realised	19-12496-B
a promise that must be kept	1-20949-B,10-51965-B
a promise worth one thousand in gold 成语 saw	1-20949-B,10-51965-B
a promotion from shopfloor	61-22951-S
a proof	24-9058-S
a prop	29-5681-B,35-1353-B
a proper measure of oneself	2-26384-S
a proponent of an idea or school of thought	6-2278-S
a proposal	1-75081-S,6-2473-B,28-40037-S,28-40430-S
a proposition	13-20450-B
a prosperous new year	25-3836-S
a prosperous new year traditional new year greeting	25-3836-S
a prostitute	18-59308-S,19-66830-S,22-53372-B
a protected animal	1-22899-S
a protecting talisman	27-11379-B
a protection racket	30-13972-B,65-44346-S
a protest	46-45854-S
a protest demonstration	46-46025-B
a protest or call to arms	6-37346-S
a protractor device to divide angles	8-58113-B
a protrusion	47-31251-S
a province	17-57959-S,45-34260-S,45-34943-S
a province or colony	9-32246-S,21-50831-S
a provincial capital	45-33801-B,45-33858-B,45-34322-B
a provisional basis	26-60495-S
a provocation	30-13650-B
a public official	9-60672-S
a public square e g tiananmen square	23-11359-B
a publication	24-23631-S,47-18183-S,57-57303-S
a puddle	36-39963-B
a pug	13-36456-B
a pull through	23-30179-B
a pull through to thread a needle	23-30269-B
a pullover	18-9992-B,18-10037-B
a pulp	28-34613-S
a pump	13-53745-B,28-51748-S
a punctuation mark	34-56699-B,34-56778-B
a punitive expedition	23-63240-B,23-64462-S,24-23525-B
a punitive expedition against bandits	23-63296-S
a punka	12-42970-B
a puppet	42-131-S
a pure shade of some color	10-47564-B
a putrid carcass	70-3487-B
a putrid smell	54-12427-B
a pylon for electric power line	67-34011-B
a qing prince who was the designated successor to emperor guangxu until the boxer uprising	39-18770-B
a quarrel	10-11236-S,20-45804-S,26-59003-S,26-59834-S,61-61265-S
a quarrel by provocation	27-44494-S
a quarrel 成语 saw	27-65042-S,28-58358-S
a queen	20-43838-S
a queen bee	36-4425-B
a queen s ceremonial gowns	57-7762-B
a question	44-3863-B,44-27087-S,59-59775-S
a question gramm 	44-4041-B
a question in math 	48-20850-S
a question in reply	11-45730-S
a question whether sb	32-22157-S
a questionnaire or web form	16-21799-S
a queue	9-16235-S
a queue of people	4-19496-B
a quick judgment based on inadequate information	60-14800-S,60-15016-S
a quicker method	61-49068-B
a quid pro quo	20-47267-B
a quiver on a horse	68-8451-B
a r l	10-38497-S
a race	19-12609-S,49-37199-S,52-56650-S,60-18450-S,60-18519-S,61-16210-S,68-36720-S
a race or championship	12-14564-S,40-47561-S
a racing jockey	60-1534-B
a racket	69-53771-B,69-55317-B,71-46914-B
a radical change	30-69909-B
a radical cure	33-64278-S
a radio code	43-63944-S,44-28020-S
a radio frequency	20-36069-B
a raffle	27-17459-B
a raffle for charity	25-44938-B
a raft	37-45133-B
a raft made of bamboo or wood	34-45422-B
a rage	24-52729-S,32-472-S
a rage out of humiliation	25-24885-S
a raging fire	40-66595-B
a raging temper	45-5056-B
a raid	62-31168-S
a rainy day	47-39927-S,47-40041-S
a raise in salary	28-41970-S
a rake	51-38555-B,51-38590-B,64-18423-B
a rally	15-28885-S
a rallying cry	13-9977-B
a ram	51-14591-B
a ramrod	48-15129-S,48-15576-S
a range of hills	51-10678-B
a rank from a predecessor	26-61876-S
a ranking of names	12-56541-S
a rare occurrence	47-49843-B
a rarity	47-28260-S
a rash	44-65927-B
a rat 成语 saw	27-13948-S,27-14086-S
a rattle stick used in folk dancing	67-49778-B
a raven	17-26693-B
a ravine like flat ground	21-26653-S
a re evaluation	63-60270-B
a re examination	63-60010-B
a reaction	6-30458-S
a reactor	8-20903-S
a reading group	32-11729-B
a ready answer	20-54313-S
a real number	44-470-S
a real tear jerker	50-46223-B
a real variable	20-15054-S,20-15146-S
a reason	40-64393-S
a reasoned conclusion	28-32349-B
a rebellion	58-50307-S
a rebellion by exploiting the people	19-43096-S
a rebuff	46-31692-S,47-56449-S,53-13907-S
a rebuke	27-67977-S
a recipient	11-65474-B
a recluse	32-26426-S
a record	9-37492-S,57-65805-B,57-65873-S
a record of events	57-65805-S
a record of events inscribed on a tablet	46-28644-B
a record of japan by huan zunxian 黃遵憲 黄遵宪	31-8787-B
a recruit	48-40871-S
a rectangular grid e g of farmland	26-45838-S
a rectangular parallelepiped	35-37212-B
a reddish pear shaped fruit	55-9256-S
a reed in a wind instrument	48-39427-S
a reel	41-44603-S
a reference	11-39607-S
a reference book such as dictionary	21-54186-B
a reference source	33-47029-S
a referendum	7-60009-B
a refined chant	66-55410-B
a reformation	50-3566-B
a reformed character	44-14453-B
a refugee	38-7236-S
a regime	32-59711-S,68-46619-S
a region esp an ethnic group	51-54296-S
a regional accent	11-2652-B
a register	41-44718-B,48-41211-B,48-41263-B
a regret	50-49165-B
a regular practice	6-15265-B
a relation	1-2914-S,65-54098-S
a relationship	20-56064-S,32-18741-S
a relative	63-30174-B
a relative i e family relation	57-39315-B
a relaxing pass time	38-30133-B
a relay race	60-18519-S
a relay station	69-64358-S
a relief effort	28-3905-S
a religion	19-54800-S,30-2764-S,30-3514-S,51-45199-S
a religion possibly legendary	30-1093-S
a religious leader	57-64173-S
a religious order or congregation of the catholic church	32-60224-S
a religious precept	46-17444-S
a religious sect	30-1093-S
a remaining grievance	35-55881-S,35-56041-S
a remark	51-21352-S
a remarkable thing	43-60089-B
a remote ancestor	62-62214-B
a repeat performance	63-61891-B
a reply	20-54266-B
a reply in debate	61-37867-B
a report	13-8199-S
a report after the event	56-57229-S
a report etc	28-36646-S
a report prior to accepting it	24-16079-S
a republican party member	7-71495-B
a reputation	4-1981-S,4-2623-S
a reputation as	55-55525-S
a reputation for quality	9-36836-S
a reputation with no substance	55-52848-B
a request	41-9730-S
a required course	24-40984-B
a reservation for an ethnic minority	5-38381-B
a reserve candidate	5-62751-B
a resident permit	16-10555-S
a resolution	30-13429-B,37-478-S
a resource	65-39144-S
a respectful distance	30-12323-S,30-13076-S
a respiratory function similar to hemoglobin	56-29282-S
a respite	50-22650-S
a rest	19-30771-S,34-24098-S
a restaurant	15-60818-S,16-50977-S,26-41320-S,49-4909-S,63-41088-B,69-5846-B,71-37621-S,71-41803-S
a restaurant etc	7-24693-S
a restricted view	47-58451-S,47-58539-S
a restricted view through a bamboo tube	48-25414-B
a result	9-10442-S,14-60908-S,14-62011-S,14-62011-S,26-9585-S,26-27629-S,30-64938-S,35-41831-S
a result of	43-38789-S
a result of brain damage	17-67371-S
a result of continents colliding	46-30985-S
a retail store	65-22061-S
a retained portion of a sum of money	43-50141-B,43-50258-B
a retentive memory	11-9483-S
a retrospective used in titles of news articles	61-59555-B
a return banquet	63-10015-S
a return equal to the capital	20-51246-B
a return journey	26-40825-B,60-9578-B
a return visit	14-55486-S,14-57784-S
a reunion	15-28711-S,15-29182-S
a reverse in politics or business	60-34099-S
a revolutionary	68-4650-B
a reward	26-3147-S,58-4365-S,59-57066-S,59-57436-B
a reward bestowed by a superior	59-57066-B
a reward for capturing an outlaw	61-60104-B
a reward for service	59-57436-S
a rewarding journey	39-41436-S
a rheoscope for detecting electric current	69-59199-B
a rhyming dictionary containing all words with the given rhyme	68-18068-S
a rib of an arch	47-44771-B
a rich farmer	1-56309-B
a rich funeral	55-20465-S
a rich guy	6-26497-S
a riddle	42-12802-S,46-20122-S,58-52898-S
a ride	28-59128-S
a rider	57-28279-S
a rifle	52-17491-S
a right angle	45-24001-B
a right angled triangle	45-24049-B,45-24130-B
a right etc	56-31456-S
a righteous cause	21-10411-S
a ring	43-6213-B,65-7772-S
a ring donut	43-17133-B
a rioter	69-54869-B
a riotous drinking party	33-13788-S
a ripe old age	16-39105-S
a ripe old age in conjugal bliss	44-48302-S,44-48490-S
a ritual	57-43365-S
a rival	4-21698-B
a rival in a love affair	41-40268-S
a rival show 成语 saw	13-55399-S
a river	1-61322-S,2-82599-S,3-6567-S,12-43466-S,12-67953-S,18-56826-S,22-52687-S,36-43115-S,36-63589-S,37-2110-S,37-2314-S,37-2597-S,37-3958-S,37-12614-S,37-14235-S,37-19401-S,37-21467-S,37-24078-S,37-29083-S,37-49022-S,37-55376-S,37-59494-S,37-62369-S,37-62742-S,37-63291-S,37-63330-S,38-28561-S,38-36178-S,38-36877-S,38-39988-S,38-40363-S,38-41794-S,38-43083-S,38-43121-S,38-44466-S,38-46877-S,39-2955-S,39-10125-S,39-10180-S,39-13639-S,39-15589-S,39-15633-S,39-18502-S,39-18655-S,39-18933-S,39-23739-S,39-25371-S,39-34154-S,39-34191-S,39-53436-S,39-54629-S,39-55136-S,39-56421-S,39-60837-S,39-63780-S,40-2111-S,40-8046-S,40-10773-S,40-11003-S,40-12065-S,40-14632-S,40-16378-S,40-16856-S,40-17427-S,40-17465-S,40-18672-S,40-18794-S,40-19153-S,61-17816-S,63-24230-S,65-38189-S
a river in hebei	38-12361-S,39-28338-S
a river in hebei province	37-36660-B
a river in henan	36-64739-S,37-58351-S
a river in hubei	38-9023-S
a river in hunan	40-6706-S,40-11903-S
a river in jiangxi	40-14854-S
a river in shaanxi	46-42286-S
a river in shandong	40-673-S
a river in shangdong	36-63525-S
a river in shanxi	39-15510-S
a river in sichuan	21-38253-S
a river or mountain range	18-8143-S
a river upstream back to its source	39-23623-S
a road	5-49301-S,35-49835-S,64-38112-S,65-11334-S
a road block	60-44239-B
a road only a bird can manage	70-51070-B
a road or a watercourse	29-46382-S
a road or railway line	7-40797-S
a roadsign	60-42902-B
a robe	49-34845-S,56-49949-S,57-11751-S
a rock	19-26336-S,46-9662-S
a rock as a form of torture	37-6523-S
a rock or cliff	46-11226-B
a rocket	44-27628-S,69-63889-S
a rod	33-7999-B
a rodent rat	14-40455-B,14-40502-B
a rogue	18-25461-B
a role	5-8176-S,56-60349-S
a role in opera	69-8964-S
a role playing game rpg	57-45783-B
a role to play	12-29426-S
a roll	28-8338-B
a roll of honor	28-15703-B
a rolled up pastry	28-8338-B
a romp	18-60692-B
a roof	34-22678-S,35-13965-S
a roof on a building	20-34465-S
a room	19-57074-S,23-4495-B,26-27365-S,26-27432-S,29-30713-S,57-45188-S,57-57161-S,65-35302-S,65-43568-S
a room in a buddhist monastery	47-7492-B
a room or building	48-38793-S
a room or house	26-27251-S
a room or theater	68-16177-S
a room with irises and orchids 成语 saw	53-51398-S
a rootstock	18-57884-S
a rope	50-23427-B,50-25390-S,50-41418-S
a rope ladder	12-43363-B,50-41637-B
a rose by any other name would smell as sweet	42-40891-B
a roster	8-65919-S
a rotten state	41-36503-S
a rough acquaintance with sth	17-6780-B
a rough count	49-8036-B
a rough diamond	17-37103-B
a rough surface	39-65152-B
a round mouth and two or four handles	48-35521-S
a round trip	5-17354-S,26-40825-S,60-9578-S
a round up	49-63056-B,49-63595-B
a round vault	15-23702-B
a roundabout route	61-43169-B
a roundabout way	27-30867-S,32-5642-S,61-23153-S
a roundabout way to cover up the truth	29-37873-S
a roundup	49-64303-B
a route	56-34373-B
a route of vehicles etc	56-35465-S
a routine meeting of a squad	42-46452-B
a row	1-21916-S,13-2587-S,28-28544-S,28-54982-S,56-30580-B,62-22353-S,62-24125-S
a row game similar to tic tac toe	3-48795-S
a row of colored garlands	53-55691-S
a row of pipes	61-26969-S,68-14136-S
a rubbing from a stone inscription	46-28254-B
a rule	34-39308-B,41-6672-S,57-32258-B,62-58120-S
a ruler	21-11555-B,25-1885-S,32-42338-S
a rumor	6-40098-B,62-19298-S
a rumpus	69-54741-B
a runner in baseball	8-38622-S
a rupture	37-330-B
a rush	28-61826-S,55-332-B
a rush to buy	28-62151-B
a rushing flow	36-61002-B
a rustic elder	64-3028-S
a rustling noise	47-58165-B
a saber	69-34024-B
a sacred tripod as cooking pot and jade as ordinary stone 成语 saw	71-47254-S
a sacrifice or a meal	69-14523-S
a sacrifice to a god	5-22179-B
a sacrificial fowl which was sprinkled on doors and vessels	56-30445-S
a safe	5-41290-B,65-4231-B
a safe area	19-23450-B
a sage	14-4210-B,51-51626-B
a sage esp confucius	51-46559-S
a sail	50-40605-S
a salad	27-28669-S
a sale	59-58834-S
a salient	68-62943-B
a saltmarsh	71-8102-B
a saltpan	71-3600-B,71-7065-B
a salute	26-35657-B
a salvo	28-15902-B,28-17626-S
a sand bar	37-15469-B
a sand worm genus nereis	37-17561-B
a sandbag	37-17621-B
a sandbank	37-15469-B
a sandstorm	11-27084-S
a sash	49-24720-B
a sash window	12-43952-B
a saucer	33-13591-B
a sauna bath	34-7162-B
a savior or religious leader	66-17361-S
a saw	64-39269-B,64-39269-S,64-39314-B
a saw mocking scholastic pomposity	11-6746-B
a sawbit	64-39793-B
a sawblade	64-39637-B
a sawframe	64-39594-B
a sawhorse	64-39502-B
a sawyer	64-39350-B
a scab	49-42952-S
a scale	71-37621-S
a scam	65-44346-S,69-53530-B,69-53771-B,71-29935-S
a scandal	26-7966-S
a scapegoat	4-32887-B,32-17871-S,52-18967-S
a scar	46-18752-S
a scene	29-8491-S,52-23099-S
a scene too pitiful to behold	45-15041-B,45-15174-B
a scent	51-56769-S
a scheme	34-36981-S
a scholar	59-6287-B,66-20214-B
a scholar or government official living in one s village	63-30406-B
a scholarly journal	19-17362-B
a school	6-28321-S,8-55327-S,30-3041-S,43-54890-S,61-35317-S
a school or college	7-24504-S
a school or trade	18-38719-S
a school primer for writing the great seal script 大篆	12-22222-S
a science	63-50474-S
a scolding	27-68754-S
a score of zero in a game	7-13958-S
a scoundrel	18-25119-B,71-50348-B
a scout	6-20203-B,6-20278-B
a scratch	9-39888-B
a screen wall across the gate of a house for privacy	41-7001-B
a screening	1-53665-B
a scroll	28-321-S,56-5497-S
a sea of people	4-13954-B
a seal	10-14185-S,26-22132-B,26-22490-B,26-23154-B,44-39498-S,48-31665-S,49-34249-S,50-801-S,55-5210-S
a seal to sth	55-6178-S
a seam	12-36759-S,65-40065-S
a seasonal nature	41-52975-S
a seat	15-50513-S,54-49739-S
a seat for sb	55-50775-S,55-54020-S
a seat in a theater	22-26969-B
a second crop obtained by rotation of land	54-9557-B
a second job	8-6822-B
a second look	51-37085-S
a second pregnancy	3-41030-B
a second time	3-35372-S,4-62488-S
a second wall built around a city wall	50-56643-B
a second wife	50-44309-B
a secret	17-64824-S,17-67284-S,19-54987-S,56-355-S,66-46316-B,66-49619-B,67-47053-S,67-48195-S
a secret or dishonest deal	65-34530-S
a secret or stupid mistake	60-10677-S
a secret society	47-22165-B
a section	10-57797-S,26-15700-B
a security zone	19-23450-B
a sedan chair	61-30801-B,61-30926-B
a sedative	26-5366-S
a seed stock	43-50890-S
a seedling	53-63751-B
a selection of thousands of fruits and nuts	33-36437-B
a self employed individual or private firm	5-54103-S
a self made genius	53-4812-B
a sell out capacity audience	39-37149-B
a semi synthetic penicillin	43-40606-S
a semiprecious stone	71-20428-S
a senior monk	70-11710-B
a sensation	51-65363-S,51-67447-S
a sense of justice	4-26032-S
a sense of perspective	61-12846-S,61-13058-S
a sense of pride	53-14210-S
a sense of propriety	62-31481-B
a sense of uncertainty	44-4360-B
a sentence	1-4277-B,32-43511-S
a sentence in former times	12-6218-S,12-6293-S
a sentry	28-46176-S
a separate kitchen	12-7259-S
a separate matter	43-60089-B
a separate task	8-58615-S
a sequence of movements in martial arts	18-10506-B
a serf	10-5413-S
a serial in a newspaper	62-25398-S
a serial publication	50-44401-S
a series	8-50250-S,62-25335-S
a series of	1-17220-B
a series of accidents	62-19501-B
a series of tricks	18-9183-S
a serious accident	19-8190-S
a serious illness	32-48-S
a sermon	6-41853-B,58-55628-B
a servant in former times	23-60500-B
a served ball volleyball	28-27068-S
a set	1-6298-B,6-62764-S,39-9440-S,66-57004-B
a set in mahjong or playing cards	13-21584-S
a set of chime stones suspended from a beam and struck as a xylophone	50-20522-S
a set pattern mechanically	18-9390-S
a set routine	66-30201-S
a set s math 	69-17403-S
a set square carpenter s tool	45-24223-B,45-24299-B
a set standard	62-54175-S
a setback	14-61468-S,26-45023-B,34-933-S,54-50875-S,60-34032-S,63-59343-S,71-52242-S
a shackled pig	59-22657-B
a shadow	5-17278-S,31-61431-S
a shaman among the yi nationality	43-54690-B
a share certificate	46-63732-B,58-60201-B
a share grant	61-63943-B
a share in a company	52-9755-B
a share issue is oversubscribed	60-24794-B,60-24871-B
a share of the action	33-42747-S,33-42986-S
a share of the profits	27-19744-S
a share subscription	66-59661-S
a shareholder	52-10346-B
a shark	18-24711-B
a sharp point sticks out 成语 saw	52-33765-S
a sharp weapon	9-6038-B
a shed	60-51846-S
a sheep	50-13098-B
a sheep in wolf s clothing	53-44218-B
a sheep s intestine	51-684-S
a shelter	55-13732-B
a shelter from the wind and rain	62-67070-B
a shift	6-4901-S
a ship	1-60832-S,6-16689-S,6-23037-S,6-23152-S,10-17563-S,21-51262-S,49-53133-S,53-37389-S,53-37897-S,53-38840-S,55-55154-S
a ship or airplane	53-39420-S
a ship or plane	53-37521-S
a ship or plane is heading in	53-33694-S
a shipment	61-29015-S
a shipping fleet or company	50-32723-S
a shipwreck	37-7262-B
a shiver	20-9301-B
a shock	56-39459-B
a shoe	22-35616-S,68-6756-S,68-6807-S
a shoestring	20-65516-S
a shoot	48-42732-S,53-63751-B
a shooting	34-44808-B
a shooting star 成语 saw	24-58146-S
a shop or restaurant	22-61752-S
a shore	35-1353-B
a short barreled mortar	55-48092-B
a short chain	3-40488-S,7-47254-S,66-65585-S,67-0-S
a short cut to crush guo 成语 saw	6-9948-S
a short cut 成语 saw	56-31004-S
a short moment	23-48555-B,23-48663-S
a short note	34-14030-B
a short person	46-771-B
a short term loan	62-12411-B
a short time	1-1835-S,1-10684-B,1-10765-B,1-10849-B,1-10931-B,1-11022-B,27-69575-S,36-54759-S
a short time later	1-7250-B
a short while	1-621-S,1-10572-S,21-3528-B,21-5226-B,68-21088-B
a shortage	56-58599-S
a shortcoming	62-66541-S
a shortcut	26-63885-S,26-64542-S,26-64662-S,26-64839-S,28-9319-B
a shortcut to a ministerial job 成语 saw	49-35175-S
a shortcut to get ahead in work or study	56-30838-S
a shortcut to promotion	49-35175-S
a shortest curve	45-66890-B
a shortfall in production	55-56490-B
a shot	34-45314-S
a shot in the dark	40-57922-B
a shout	13-9977-B,13-19573-B
a show	19-51144-S,30-8107-S,41-57149-S,68-35170-S,68-35284-S
a show down	1-13600-S
a show of extravagance	28-15753-B
a show of resistance	10-58009-S
a show of strength	18-18343-B
a shower	38-41106-S
a shrike	70-56472-B
a shuttle 成语 saw	31-7665-S
a sichuan restaurant	21-50426-B
a side	63-13405-S
a side bar in software	6-19806-B
a sideshow	67-5589-B
a siege	47-52975-S,57-47508-S,63-57081-S
a sieve	40-12563-B,50-56333-S
a sigh	14-27080-S
a sigh of relief	70-25690-S
a sigh 成语 saw	4-26525-S,4-26631-S
a sign hung above a door	10-40146-B
a sign in the trigram	22-11463-B
a sign of displeasure	14-34262-S,44-27270-S
a sign of displeasure at an actor	14-10110-S
a sign of filial piety	14-12551-S
a sign of prosperity	44-32305-S
a sign on sth explaining or calling attention to	34-53821-S
a sign to show one s presence	67-48105-S
a signal	5-45180-B
a signature	48-40351-S,50-53789-S
a sill	35-19717-S
a silly big melon	17-6136-S
a silver lining	67-14838-S,67-15029-S
a similar kind	29-39202-S
a simile	14-23198-B
a simple inn with only chicken feathers to sleep on	67-7430-B
a simple person to be overwhelmed by new experiences and luxurious surroundings	9-41574-S
a sincere spirit	47-6531-S
a singer	4-60265-S
a single birth	42-19987-B
a single bound 成语 saw	1-13126-S
a single brilliant feat 成语 saw	1-23164-S
a single day	1-77193-S
a single god	1-15945-S
a single jot 成语 saw	49-14823-S
a single month	14-18805-S
a single move	31-3858-S
a single person	7-10129-B
a single shake	28-54741-S
a single slip may cause lasting sorrow	1-6114-B
a single spark 成语 saw	31-29694-B
a single step	62-28438-S
a single string	30-59932-S
a single sum	18-8498-S
a single voice can be heard	70-53951-S
a sinking	37-7262-B
a sinking ship	34-60376-S
a sinner	25-39302-S
a situation	20-54437-S,40-19642-S,40-19806-S
a situation is in sb s hands	26-35976-B
a skeleton	70-3763-B
a sketch	54-13966-B
a skewer	3-1370-S,3-1370-S
a skill	1-9124-B
a skill or art	19-19293-S
a skilled craftsman	25-49027-S
a skull with sunken cheek bone	66-50840-B
a slandering toady	59-13125-B,59-13375-B
a slave network	6-52599-B
a slave of high rent or mortgage repayment	26-26428-B
a slave to one s housing	26-26428-B
a sledgehammer to crack a nut	17-18573-S,17-21856-B,17-26443-S
a sleep	57-41011-B
a sleeping car	52-55214-B
a sleeping compartment on a train	52-54725-B
a sleeve valve	48-20347-B
a sleeveless garment	52-17749-B
a slice	41-43965-B
a sliced ball tennis or table tennis	30-35967-B
a slight blemish	44-38079-B
a slight change will affect everything else	41-62858-S
a slight risk	14-59606-S
a slip knot	37-65449-B
a slip of a pen	48-16463-B
a slip of paper	34-14030-B
a slip of the tongue	60-10677-B
a slope	1-47914-S,65-59488-B
a slovenly job	27-37181-B
a slow down of economic indicator	29-52443-B
a slow march	14-50532-B
a slow pace	25-50054-S
a slow poison	25-49293-S
a slow remedy does not address immediate needs	62-61567-B
a slow remedy does not address the current emergency	62-61757-B
a slow trot	25-50503-B
a slowcoach	25-49403-B
a slug	56-559-B
a slug regional	56-4161-B
a sluicegate	65-47635-B
a slut	69-55263-B
a small advantage	37-26026-S
a small amount	13-33513-S
a small bag full of fragence used on dragonboat festival	69-24970-B
a small bell	64-20297-B
a small cup	45-6830-B
a small drum for marking time	33-31575-B
a small extent	61-10019-S
a small hill	21-34532-B
a small minded person	30-34012-B
a small mouth	43-12524-S
a small number	30-19756-B
a small number of animate nouns	5-54849-S
a small opening on top	71-47716-S
a small part	1-7334-B
a small piece of the big picture	56-18065-S
a small problem in what is othewise perfect	51-1654-S
a small quantity	21-1487-B
a small role	60-36708-S
a small sample	57-47813-S
a small section	1-7334-B
a small table to accommodate an incense burner	69-24889-B
a small worm	52-8566-B
a smart aleck	53-684-B
a smart ass	51-35395-B
a smattering	43-56167-B,43-56294-B
a smattering of knowledge	1-15758-B
a smell assaults the nostrils	29-16778-B,29-16955-B
a smelting furnace	56-11519-B
a smidgen	21-5161-B
a smile	24-42667-S,43-13312-S,46-21099-S,54-45-S
a smile conceals wicked intentions	48-5132-B
a smile on one s face	12-68261-S
a smile yet not a smile 成语 saw	4-62822-S
a smile 成语 saw	4-62822-S
a snack	71-41922-S
a snack in chaozhou cuisine	53-49069-S
a snag	46-30707-S,57-55131-S
a snake	55-60025-S,55-60425-S
a snake in one year	1-8019-S
a snake 成语 saw	23-46265-S,33-13429-S,43-59217-S
a snap fastener	28-63223-B
a snap of the fingers	23-48555-B
a snap of the fingers 成语 saw	1-8366-B,23-48663-B
a snare	66-32503-B
a sneeze	32-29744-S,32-29891-S
a snowball s chances in hell	37-43743-B
a snub	47-56449-S,53-13907-S
a soap bubble 成语 saw	49-35613-S
a social club	5-50646-B
a social group	51-54626-S
a social problem	53-43083-S
a society	10-64628-B,32-25849-S
a socket	34-25015-S
a soft voice	49-32289-S
a softer bunk	61-3845-S
a soldier	43-66014-S
a solid background	9-48506-B
a solid carriage pulled by fat horses	3-13152-S
a solid education	31-35967-S
a solitary tree 成语 saw	42-19607-S
a solution	36-54609-S,40-6892-S,48-42651-S,52-33629-S,57-47102-B
a somersault	27-10840-S,34-59904-B,51-22544-B,51-23216-B,51-23302-S,60-38539-B
a son	26-61949-S
a son in law living with wife s family	60-1866-S
a song	13-55631-S,59-57846-S,65-51285-S,66-55410-B,70-17583-S
a song cycle in chinese opera	18-9183-B
a song to pass from person to person	6-34782-S
a songbird	70-53152-B
a sore spot	13-45271-S
a sore 成语 saw	27-67201-S
a sorry figure	42-10566-S
a sound	12-9248-S,12-68805-S,13-31167-B,13-48935-B,26-14979-S,68-18669-S
a sound or sharp noise gunfire etc	12-10523-S
a source	6-1826-S,6-1937-S
a souvenir	43-49523-S,43-49806-S
a souvenir on leaving	43-48756-B
a souvenir photo	43-49523-B
a sovereign	1-26742-S
a space curve	3-6466-S,9-32727-S,23-35861-S,29-9233-S
a spandrel wall filling the shoulder between two neighoring arches	27-48993-B
a sparrow	57-47813-S,66-52511-S
a spasm	27-16709-B
a spear	28-49596-S,33-26873-B,34-44149-S,64-35445-S
a special product	20-39851-S
a special purpose	41-57674-S
a special task	41-61308-S
a specialized hospital	44-12636-B
a specialty to obtain a higher degree	29-48033-S
a species	13-33990-S,13-34677-S,34-58234-S,47-32586-S,47-33723-S
a species of apple which is slightly sour and astringent	35-15119-B
a specific purpose	41-60402-S
a specific task	20-37821-S
a speech	39-46832-S,39-46945-S,44-25877-S,44-33825-S,48-19757-S,53-19840-S,58-47670-S,58-54106-B,58-55340-B
a speech esp short introduction	53-20047-S
a speech or essay	51-13985-S
a speech or theory	46-19354-S
a spell	1-22376-B
a spell on sb	56-22309-S
a spell over sb	61-55774-S
a spice etc	16-57900-S,21-4115-S
a spin in the fresh air	7-23398-S
a spiral surface	56-13844-S
a spirit	67-51603-B
a spirit of cooperation	12-47100-B
a spirited start	18-18685-B
a split chinese character	6-12656-S
a spoiled child	29-6839-S
a sponge bath	29-26356-S
a spoof web based genre in prc acquiring cult status from 2005	25-21482-B
a spool	65-48046-B
a sports competition	62-39263-B
a sports contest	3-64224-S
a sports event	8-45634-S
a sports game or for covering sth	1-54817-S
a spot check e g for drugs	27-17104-B
a sprain	26-54126-B
a spray	14-37359-B
a spreadsheet	8-60060-B
a spring breeze	31-36113-S
a spring night	31-33898-S
a spring roll	11-27084-S
a sprout	53-63751-B
a spy	18-25299-B
a spy in enemy territory	22-60933-B
a squad	42-46452-S
a square	30-62269-S
a square head	56-11940-S
a square of given side	57-30229-B
a square root	65-36811-S
a squat jar for holding wine	43-12831-B
a squint	30-36648-B
a stab in the back	31-62495-B
a staff	33-7999-B
a stage comeback	11-26205-S
a stage in the development of chinese characters	17-42351-S
a stage run	61-14698-S
a staging	1-53665-B
a stall	29-29989-S
a stall on the ground	29-29600-S
a stamp	26-22132-B,26-22490-B,26-23154-B
a stand and fight against	27-6090-S
a stand for food at sacrifice	5-32698-B
a stand on a matter of principle	4-26114-S
a standard	48-6289-S
a standing ovation	39-37240-B
a standstill	6-16752-S,26-44239-S,60-46824-S,60-46913-S
a star	31-31311-S
a start	69-61638-S,69-62847-S,69-63160-S,69-63414-S
a stash of contraband	47-13422-B
a state	15-1748-S,15-3087-S,63-17983-B,63-35900-S,65-31551-S
a state heading for destruction	3-65946-B
a state in former times	42-35867-S
a state monopoly	9-6990-S
a state of affairs	51-69940-S
a state of delirium	61-54878-S
a state of emergency	13-9076-S
a state of famine	69-14376-B
a state of mutual hostility	9-43838-S
a state of war	3-66953-S
a statement	23-45490-S,28-37347-S,29-27840-S,44-33738-S,44-33899-S
a statistician	49-53274-B
