Cheng Hao	47-29940-B
Cheng Huang	15-63255-B
Cheng Long	26-12777-B
Cheng Yi	47-29885-B
Cheng Yu	26-10487-B
Cheng an	26-9465-B
Cheng bin	2-70052-S
Cheng bu miao zu zi zhi xian	15-62294-B
Cheng cheng	39-65418-B
Cheng de	26-60960-B
Cheng de di qu	26-61033-B
Cheng de shi	26-61128-B
Cheng du	26-12157-B
Cheng du shi	26-12279-B
Cheng en	13-584-S
Cheng gong	13-8485-B,63-34305-S
Cheng gong zhen	26-8643-B
Cheng gu	15-61615-B
Cheng hai	39-65559-B
Cheng hai hu	47-29795-B
Cheng hai qu	39-65628-B
Cheng ji	41-12102-S
Cheng ji si han	26-8910-B
Cheng jiang	33-2746-S,39-65489-B
Cheng jiao	50-60936-S
Cheng kou	15-61548-B
Cheng mai	39-65963-B
Cheng tian	26-10818-B
Cheng tian ji chang	26-10916-B
Cheng tie lu	20-29660-S
Cheng tong	2-42952-S
Cheng wu	26-10421-B
Cheng xian	26-11294-B
Cheng yang	15-63063-B
Cheng yang qu	15-63154-B
Cheng zheng	12-25163-S
Cheng zhong	34-28733-S
Cheng zu	31-23866-S
Cheng2	22-6264-S,31-46261-B,33-35508-S,64-11239-S
Cheng2 Bao4	26-9256-B
Cheng2 Han4	26-10564-B
Cheng2 Hao4	47-29940-B
Cheng2 Huang2	15-63255-B
Cheng2 Long2	26-12777-B
Cheng2 Yi2	47-29885-B
Cheng2 Yu2	26-10487-B
Cheng2 an1	26-9465-B
Cheng2 bin1	2-70052-S
Cheng2 bu4 miao2 zu2 zi4 zhi4 xian4	15-62294-B
Cheng2 cheng2	39-65418-B
Cheng2 de2	26-60960-B
Cheng2 de2 di4 qu1	26-61033-B
Cheng2 de2 shi4	26-61128-B
Cheng2 du1	26-12157-B
Cheng2 du1 shi4	26-12279-B
Cheng2 en1	13-584-S
Cheng2 gong1	63-34305-S
Cheng2 gong1 zhen4	26-8643-B
Cheng2 gong4	13-8485-B
Cheng2 gu4	15-61615-B
Cheng2 hai3	39-65559-B
Cheng2 hai3 hu2	47-29795-B
Cheng2 hai3 qu1	39-65628-B
Cheng2 ji1	41-12102-S
Cheng2 ji2 si1 han4	26-8910-B
Cheng2 jiang1	33-2746-S,39-65489-B
Cheng2 jiao4	50-60936-S
Cheng2 kou3	15-61548-B
Cheng2 mai4	39-65963-B
Cheng2 tian2	26-10818-B
Cheng2 tian2 ji1 chang3	26-10916-B
Cheng2 tie3 lu4	20-29660-S
Cheng2 tong2	2-42952-S
Cheng2 wu3	26-10421-B
Cheng2 xian4	26-11294-B
Cheng2 yang2	15-63063-B
Cheng2 yang2 qu1	15-63154-B
Cheng2 zheng4	12-25163-S
Cheng2 zhong1	34-28733-S
Cheng2 zu3	31-23866-S
Chi	36-61865-B
Chi You	55-58607-B
Chi bi	60-5737-B
Chi bi shi	60-5971-B
Chi bi xian	60-6060-B
Chi bi zhi zhan	60-5815-B
Chi cheng	60-5672-B
Chi dao Ji nei ya	60-7166-B
Chi feng	60-6191-B
Chi feng shi	60-6273-B
Chi gong	20-42318-S
Chi ping	54-8328-B
Chi shang xiang	36-61899-B
Chi shui	60-6475-B
Chi zhou	36-62061-B
Chi zhou shi	36-62134-B
Chi1 You2	55-58607-B
Chi2	36-61865-B
Chi2 gong1	20-42318-S
Chi2 ping2	54-8328-B
Chi2 shang4 xiang1	36-61899-B
Chi2 zhou1	36-62061-B
Chi2 zhou1 shi4	36-62134-B
Chi4 bi4	60-5737-B
Chi4 bi4 shi4	60-5971-B
Chi4 bi4 xian4	60-6060-B
Chi4 bi4 zhi1 zhan4	60-5815-B
Chi4 cheng2	60-5672-B
Chi4 dao4 Ji1 nei4 ya4	60-7166-B
Chi4 feng1	60-6191-B
Chi4 feng1 shi4	60-6273-B
Chi4 shui3	60-6475-B
Chong	33-34441-S,42-33127-S,66-28533-S
Chong an	21-41360-B
Chong li	21-42669-B
Chong ming	21-42324-B
Chong ming dao	21-42394-B
Chong qing	21-41843-B,63-58759-B
Chong qing Da xue	63-58810-B
Chong qing shi	63-58888-B
Chong ren	21-41133-B
Chong ren xian	21-41208-B
Chong sheng	37-13874-B
Chong sheng dao	37-13919-B
Chong sheng xian	37-13984-B
Chong wen qu	21-42155-B
Chong xi	44-38812-S
Chong xin	21-41295-B
Chong yang	21-42892-B
Chong yang jie	64-2422-B
Chong yi	21-42732-B
Chong yi xian	21-42806-B
Chong zhou shi	21-41587-B
Chong zuo	21-41678-B
Chong zuo shi	21-41755-B
Chong1	33-34441-S,42-33127-S,66-28533-S
Chong1 sheng2	37-13874-B
Chong1 sheng2 dao3	37-13919-B
Chong1 sheng2 xian4	37-13984-B
Chong2 an1	21-41360-B
Chong2 li3	21-42669-B
Chong2 ming2	21-42324-B
Chong2 ming2 dao3	21-42394-B
Chong2 qing4	21-41843-B,63-58759-B
Chong2 qing4 Da4 xue2	63-58810-B
Chong2 qing4 shi4	63-58888-B
Chong2 ren2	21-41133-B
Chong2 ren2 xian4	21-41208-B
Chong2 wen2 qu1	21-42155-B
Chong2 xi3	44-38812-S
Chong2 xin4	21-41295-B
Chong2 yang2	21-42892-B
Chong2 yang2 jie2	64-2422-B
Chong2 yi4	21-42732-B
Chong2 yi4 xian4	21-42806-B
Chong2 zhou1 shi4	21-41587-B
Chong2 zuo3	21-41678-B
Chong2 zuo3 shi4	21-41755-B
Chu	32-48488-S,63-31072-B
Chu Han zhan zheng	34-30346-B
Chu Ren huo	57-7898-B
Chu Sui liang	34-33897-B
Chu Zhuang wang	34-30497-B
Chu ai ji ji	8-37584-B
Chu ban she	2-57451-S
Chu ci	34-30585-B
Chu guo	34-30288-B
Chu nu: zuo	55-49665-B
Chu shu	55-50032-B
Chu wei	13-2280-S
Chu xiong	34-30624-B
Chu xiong Yi zu zi zhi zhou	34-30838-B
Chu xiong shi	34-30765-B
Chu xiong zhou	34-30686-B
Chu yu	19-35825-S
Chu zhou	39-25409-B
Chu zhou shi	39-25482-B
Chu1 ai1 ji2 ji4	8-37584-B
Chu1 ban3 she4	2-57451-S
Chu2 zhou1	39-25409-B
Chu2 zhou1 shi4	39-25482-B
Chu3	32-48488-S
Chu3 Han4 zhan4 zheng1	34-30346-B
Chu3 Ren2 huo4	57-7898-B
Chu3 Sui4 liang2	34-33897-B
Chu3 Zhuang1 wang2	34-30497-B
Chu3 ci2	34-30585-B
Chu3 guo2	34-30288-B
Chu3 nu:3 zuo4	55-49665-B
Chu3 shu3	55-50032-B
Chu3 wei3	13-2280-S
Chu3 xiong2	34-30624-B
Chu3 xiong2 Yi2 zu2 zi4 zhi4 zhou1	34-30838-B
Chu3 xiong2 shi4	34-30765-B
Chu3 xiong2 zhou1	34-30686-B
Chu3 yu2	19-35825-S
Chu4	63-31072-B
Chuan	67-18982-S
Chuan Dian Zang	21-50318-B
Chuan Zang	21-50494-B
Chuan bo Mao yi Gong si	2-63348-S
Chuan bo Zhong gong Ji tuan Gong si	2-63495-S
Chuan cai	21-50374-B
Chuan fang	19-14443-S
Chuan ju	21-50073-B
Chuan sha	21-50121-B
Chuan xi	21-50548-B
Chuan ying	53-38334-B
Chuan ying qu	53-38413-B
Chuan1	67-18982-S
Chuan1 Dian1 Zang4	21-50318-B
Chuan1 Zang4	21-50494-B
Chuan1 cai4	21-50374-B
Chuan1 ju4	21-50073-B
Chuan1 sha1	21-50121-B
Chuan1 xi1	21-50548-B
Chuan2 bo2 Mao4 yi4 Gong1 si1	2-63348-S
Chuan2 bo2 Zhong4 gong1 Ji2 tuan2 Gong1 si1	2-63495-S
Chuan2 fang1	19-14443-S
Chuan2 ying2	53-38334-B
Chuan2 ying2 qu1	53-38413-B
Chuang Wang	65-52583-B
Chuang Wang ling	65-52647-B
Chuang jia Xue hui	9-35543-B
Chuang shi ji	9-34807-B
Chuang3 Wang2	65-52583-B
Chuang3 Wang2 ling2	65-52647-B
Chuang4 jia4 Xue2 hui4	9-35543-B
Chuang4 shi4 ji4	9-34807-B
Chun an	38-52313-B
Chun can	31-35603-B
Chun cen	31-33426-B
Chun deng mi	31-34043-B
Chun fan	23-40336-S
Chun fen	31-32939-B
Chun feng shen zui de wan shang	31-36317-B
Chun hua	38-52248-B
Chun jiang hua yue ye	31-33898-B
Chun liu	31-33696-B
Chun liu ju chang	31-33752-B
Chun liu she	31-33831-B
Chun qiao	23-40405-S
Chun qiu	10-44784-S
Chun qiu Zhan guo shi dai	31-34761-B
Chun qiu san zhuan	31-34293-B
Chun ri xiang	31-33624-B
Chun ru	23-41036-S
Chun shu	33-7322-S
Chun yi lang	20-66564-S
Chun yu	38-52185-B
Chun yun	31-35664-B
Chun1 can2	31-35603-B
Chun1 cen2	31-33426-B
Chun1 deng1 mi2	31-34043-B
Chun1 fan1	23-40336-S
Chun1 fen1	31-32939-B
Chun1 feng1 shen1 zui4 de5 wan3 shang5	31-36317-B
Chun1 jiang1 hua1 yue4 ye4	31-33898-B
Chun1 liu3	31-33696-B
Chun1 liu3 ju4 chang3	31-33752-B
Chun1 liu3 she4	31-33831-B
Chun1 qiao2	23-40405-S
Chun1 qiu1	10-44784-S
Chun1 qiu1 Zhan4 guo2 shi2 dai4	31-34761-B
Chun1 qiu1 san1 zhuan4	31-34293-B
Chun1 ri4 xiang1	31-33624-B
Chun1 shu4	33-7322-S
Chun1 yun4	31-35664-B
Chun2 an1	38-52313-B
Chun2 hua4	38-52248-B
Chun2 ru2	23-41036-S
Chun2 yi1 lang2	20-66564-S
Chun2 yu2	38-52185-B
Ci	19-35386-S
Ci Xi	25-45523-B
Ci Xi tai hou	25-45607-B
Ci cheng xian	54-9093-B
Ci li	25-44740-B
Ci tong xiang	54-27808-B
Ci wan ji la yi	54-9230-B
Ci xi	25-45324-B
Ci xian	46-36250-B
Ci2	19-35386-S
Ci2 Xi3	25-45523-B
Ci2 Xi3 tai4 hou4	25-45607-B
Ci2 cheng2 xian4	54-9093-B
Ci2 li4	25-44740-B
Ci2 wan4 ji2 la1 yi1	54-9230-B
Ci2 xi1	25-45324-B
Ci2 xian4	46-36250-B
Ci4 tong2 xiang1	54-27808-B
Cong hua	24-10887-B
Cong jiang	24-11960-B
Cong wen	37-5033-S
Cong2 hua4	24-10887-B
Cong2 jiang1	24-11960-B
Cong2 wen2	37-5033-S
Cu jin hui	2-60155-S
Cu4 jin4 hui4	2-60155-S
Cui Hao	21-44062-B
Cui Hong	21-44110-B
Cui Ming hui	21-43943-B
Cui Wei	21-43816-B
Cui Ya lin	21-43727-B
Cui Yong yuan	21-44003-B
Cui gu le	52-29079-B
Cui1 Hao4	21-44062-B
Cui1 Hong2	21-44110-B
Cui1 Ming2 hui4	21-43943-B
Cui1 Wei2	21-43816-B
Cui1 Ya4 lin2	21-43727-B
Cui1 Yong3 yuan2	21-44003-B
Cui4 gu3 le4	52-29079-B
Cun	33-34288-S
Cun shan fu shi	33-7452-B
Cun shang · Chun shu	33-7322-B
Cun1	33-34288-S
Cun1 shan1 fu4 shi4	33-7452-B
Cun1 shang4 · Chun1 shu4	33-7322-B
Cuo mei	28-34165-B
Cuo na	64-48886-B
Cuo qin	28-34044-B
Cuo4 mei3	28-34165-B
Cuo4 na4	64-48886-B
Cuo4 qin2	28-34044-B
Da	10-29846-S,13-42874-S,51-61059-S
Da Bai ke Quan shu Chu ban she	2-57451-S
Da Bu lie dian	17-4311-B
Da Dong Ya gong rong quan	17-22157-B
Da Gong Bao	17-6602-B
Da Guo jia Dang	17-10950-B
Da Ji yuan	17-30441-B
Da Ji yuan shi bao	17-30496-B
Da Jin ta	4-39737-S
Da Ma	17-41445-B
Da Mei gong he ci qu yu	17-25713-B
Da Mei gong he ci qu yu he zuo	17-25828-B
Da Qing	17-25392-B
Da Qing di guo	17-25472-B
Da Tang Xi yu ji	17-10020-B
Da Ying Di guo	17-33316-B
Da Ying bo wu guan	17-33232-B
Da Yuan da yi tong zhi	17-6216-B
Da an	17-14513-B
Da an di lie si	17-14739-B
Da an di lie si qun dao	17-14818-B
Da an qu	17-14587-B
Da an shi	17-14654-B
Da an xiang	17-14919-B
Da ba	1-34218-S
Da ban	17-11670-B,17-38199-B
Da ban fu	17-38253-B
Da bao	17-15559-B
Da bao jiao	17-12613-B
Da bie shan	17-7200-B
Da bu	17-12294-B
Da bu li shi	17-4379-B
Da bu xian	17-12355-B
Da bu xiang	17-12428-B
Da chai dan zhen	17-22440-B
Da chang Hui zu zi zhi xian	17-17304-B
Da chang jin	17-37920-B
Da chang · Dong	17-12676-B
Da cheng xian	17-12130-B
Da cheng xiang	17-12215-B
Da ci en si	17-18053-B
Da cun xiang	17-21995-B
Da da	68-9624-B
Da da hai	68-9759-B
Da da ren	68-9702-B
Da di	42-31289-S
Da dong	17-22071-B
Da dong qu	17-22273-B
Da du	17-36939-B
Da du he	17-25650-B
Da du xiang	17-31821-B
Da er fu er	62-54427-B,62-54615-B
Da er wen	62-54485-B
Da er wen gang	62-54554-B
Da fen jie ling	17-7124-B
Da fen qi Mi ma	62-55151-B
Da fen xi	62-55231-B
Da feng	17-35543-B
Da fu	70-30593-S
Da ge ming	30-26218-S
Da guan yuan	9-41574-S
Da han	17-15177-B,22-24515-S
Da han Min guo	17-40331-B
Da he	17-9707-B
Da hu xiang	17-25964-B
Da hua yao zu zi zhi xian	17-8296-B
Da hui	2-41005-S,51-58561-S
Da hui dang	7-35352-S
Da jia zhen	17-28479-B
Da jiang Jian san lang	17-24535-B
Da jiu bao	17-4630-B
Da jiu bao Li tong	17-4712-B
Da ju yuan	1-52051-S
Da ka	62-52799-B
Da ke ta zhou	10-35358-S,11-4184-S
Da kuang	17-13433-B
Da kuang zhen	17-13509-B
Da la si	62-53585-B
Da la te qi	62-53633-B
Da lai	62-55396-B
Da lai la ma	62-55482-B
Da lang bei er	62-54098-B
Da lei si sa la mu	62-54869-B
Da li	17-27806-B,17-33674-B,17-37204-B
Da li Bai zu zi zhi zhou	17-28076-B
Da li dun	65-5538-S
Da li la	17-7289-B
Da li shi	17-28024-B
Da li zhou	17-27949-B
Da lian	17-36076-B
Da lian Li gong Da xue	17-36235-B
Da lian shi	17-36150-B
Da liang	17-22737-B
Da liao xiang	17-15482-B
Da lin zhen	17-22369-B
Da ling	62-52689-B
Da ling liu yu	16-29346-S
Da lou	44-57741-S
Da lu	68-9586-B,69-56711-S
Da lu sa lan guo	30-30710-S
Da luo pi tu	62-55036-B
Da ma shi ge	17-41512-B
Da ma shi ge li	17-41573-B
Da ming	17-9450-B
Da ming li	17-20048-B
Da mo	62-53724-B
Da nei xiang	17-6402-B
Da ni ya	62-53248-B
Da ning	17-15220-B
Da pi xiang	17-12501-B
Da qian	23-38167-S
Da qiao	22-18690-S
Da qing	17-18137-B
Da qing shi	17-18198-B
Da qiu	17-36686-B
Da ren xiang	62-52614-B
Da ri	62-54039-B
Da ri ru lai	17-19986-B
Da sha	64-14148-S
Da sha he	17-24667-B
Da shan gu zhou li da xue	17-16304-B
Da she xiang	17-29496-B
Da shi	51-40713-S
Da shi qiao	17-29144-B
Da shi qiao shi	17-29263-B
Da shi zhi Pu sa	17-8096-B
Da shu	17-19475-B,17-20652-B
Da shu xiang	17-23191-B
Da te mao si	62-54701-B
Da te mao si xue yuan	62-54776-B
Da tian	17-28386-B
Da tong	17-9029-B
Da tong qu	17-9112-B
Da tong shi	17-9279-B
Da tong xiang	17-9373-B
Da wa	17-29899-B
Da wa xian	17-29966-B
Da wei	17-34434-B,62-52860-B
Da wei wang	62-52905-B
Da wei ying he yue	17-34511-B
Da wen xi Mi ma	62-53762-B
Da wo er	62-53866-B
Da wo er zu	62-53930-B
Da wo si	62-54232-B
Da wo si lun tan	62-54331-B
Da wu	17-17795-B
Da wu su li dao	17-26572-B
Da wu xiang	17-23504-B
Da wu zu	62-53460-B
Da xi guo	17-34829-B
Da xi yang	10-30030-S,17-34880-B
Da xi yang Gong yue Zu zhi	10-30099-S
Da xi yang yang zhong ji	17-35029-B
Da xi yang zhong ji	17-34938-B
Da xi zhen	17-26037-B
Da xia gu	17-16486-B,24-53041-S,66-56196-S
Da xian	62-54974-B
Da xian zhi shu	17-6312-B
Da xin	17-19646-B
Da xing	17-32707-B
Da xing an lin Di qu	17-32866-B
Da xing qu	17-32770-B
Da xue	1-51578-S,1-52141-S,1-52922-S,1-53365-S,2-52962-S,2-56900-S,2-58572-S,2-67005-S,2-69761-S,3-72489-S,7-31781-S,9-44047-S,9-51952-S,10-25916-S,10-26096-S,10-26348-S,10-26876-S,10-27180-S,10-27289-S,10-27728-S,10-32091-S,10-66241-S,10-66858-S,11-4664-S,12-37097-S,12-40781-S,12-49440-S,12-49512-S,13-39231-S,14-48885-S,17-36235-S,17-40099-B,17-49331-S,19-28560-S,20-4732-S,20-48499-S,21-28245-S,21-30238-S,21-32965-S,22-11196-S,22-19954-S,24-14520-S,30-44482-S,31-15185-S,31-48666-S,31-64642-S,33-15521-S,33-16213-S,33-41248-S,35-47738-S,36-21238-S,36-55952-S,38-8571-S,39-10795-S,41-28488-S,41-48019-S,49-19042-S,51-42325-S,54-32068-S,54-32412-S,54-34256-S,54-34362-S,54-37324-S,55-38555-S,55-45094-S,57-13200-S,57-13868-S,59-55275-S,63-4839-S,63-34101-S,63-58810-S,65-40438-S,67-28548-S,69-26806-S,69-27086-S,69-27577-S,69-27689-S,69-36142-S
Da xue Luo shan ji fen xiao	9-52060-S
Da ya wan	17-5066-B
Da ya xiang	17-39606-B
Da yan ta	17-39445-B
Da yang Zhou	17-25028-B
Da yao	17-13658-B
Da yao xian	17-13718-B
Da ye	17-6724-B
Da yi	17-36543-B
Da yi xian	17-36602-B
Da ying lian he wang guo	17-33389-B
Da yong	17-17052-B
Da yu	17-41297-B
Da yu shan	17-16572-B
Da yu xian	17-41365-B
Da yuan Di zang Pu sa	17-40643-B
Da yuan xiang	17-11039-B
Da yun he	4-3293-S,17-36391-B
Da zhan	3-36720-S,44-52173-S
Da zhao	33-1643-S
Da zhao si	17-20253-B
Da zhong	64-8922-S
Da zhou	62-53303-B
Da zhou shi	62-53376-B
Da zhu	17-30045-B
Da zi	62-53136-B
Da zu	17-35849-B
Da · Fen qi	62-52463-B
Da2 da2	68-9624-B
Da2 da2 hai3	68-9759-B
Da2 da2 ren2	68-9702-B
Da2 er3 fu2 er3	62-54615-B
Da2 er3 fu4 er3	62-54427-B
Da2 er3 wen2	62-54485-B
Da2 er3 wen2 gang3	62-54554-B
Da2 fen1 qi2 Mi4 ma3	62-55151-B
Da2 fen1 xi1	62-55231-B
Da2 fu1	70-30593-S
Da2 ka3	62-52799-B
Da2 ke1 ta1 zhou1	10-35358-S,11-4184-S
Da2 la1 si1	62-53585-B
Da2 la1 te4 qi2	62-53633-B
Da2 lai4	62-55396-B
Da2 lai4 la3 ma5	62-55482-B
Da2 lang3 bei4 er3	62-54098-B
Da2 lei4 si1 sa4 la1 mu3	62-54869-B
Da2 li4 dun1	65-5538-S
Da2 ling4	62-52689-B
Da2 ling4 liu2 yu4	16-29346-S
Da2 lu3	68-9586-B,69-56711-S
Da2 lu3 sa4 lan2 guo2	30-30710-S
Da2 luo2 pi2 tu2	62-55036-B
Da2 mo2	62-53724-B
Da2 ni2 ya4	62-53248-B
Da2 ren2 xiang1	62-52614-B
Da2 ri4	62-54039-B
Da2 te4 mao2 si1	62-54701-B
Da2 te4 mao2 si1 xue2 yuan4	62-54776-B
Da2 wei4	62-52860-B
Da2 wei4 wang2	62-52905-B
Da2 wen2 xi1 Mi4 ma3	62-53762-B
Da2 wo4 er3	62-53866-B
Da2 wo4 er3 zu2	62-53930-B
Da2 wo4 si1	62-54232-B
Da2 wo4 si1 lun4 tan2	62-54331-B
Da2 wu4 zu2	62-53460-B
Da2 xian4	62-54974-B
Da2 zhou1	62-53303-B
Da2 zhou1 shi4	62-53376-B
Da2 zi1	62-53136-B
Da2 · Fen1 qi2	62-52463-B
Da4	10-29846-S,13-42874-S,51-61059-S
Da4 Bai3 ke1 Quan2 shu1 Chu1 ban3 she4	2-57451-S
Da4 Bu4 lie4 dian1	17-4311-B
Da4 Dong1 Ya4 gong4 rong2 quan1	17-22157-B
Da4 Gong1 Bao4	17-6602-B
Da4 Guo2 jia1 Dang3	17-10950-B
Da4 Ji4 yuan2	17-30441-B
Da4 Ji4 yuan2 shi2 bao4	17-30496-B
Da4 Jin1 ta3	4-39737-S
Da4 Ma3	17-41445-B
Da4 Mei2 gong1 he2 ci4 qu1 yu4	17-25713-B
Da4 Mei2 gong1 he2 ci4 qu1 yu4 he2 zuo4	17-25828-B
Da4 Qing1	17-25392-B
Da4 Qing1 di4 guo2	17-25472-B
Da4 Tang2 Xi1 yu4 ji4	17-10020-B
Da4 Ying1 Di4 guo2	17-33316-B
Da4 Ying1 bo2 wu4 guan3	17-33232-B
Da4 Yuan2 da4 yi1 tong3 zhi4	17-6216-B
Da4 an1	17-14513-B
Da4 an1 di4 lie4 si1	17-14739-B
Da4 an1 di4 lie4 si1 qun2 dao3	17-14818-B
Da4 an1 qu1	17-14587-B
Da4 an1 shi4	17-14654-B
Da4 an1 xiang1	17-14919-B
Da4 ba4	1-34218-S
Da4 ban3	17-11670-B,17-38199-B
Da4 ban3 fu3	17-38253-B
Da4 bao3	17-15559-B
Da4 bao3 jiao1	17-12613-B
Da4 bie2 shan1	17-7200-B
Da4 bu4	17-12294-B
Da4 bu4 li3 shi4	17-4379-B
Da4 bu4 xian4	17-12355-B
Da4 bu4 xiang1	17-12428-B
Da4 chai2 dan4 zhen4	17-22440-B
Da4 chang2 jin1	17-37920-B
Da4 chang3 Hui2 zu2 zi4 zhi4 xian4	17-17304-B
Da4 chang3 · Dong1	17-12676-B
Da4 cheng2 xian4	17-12130-B
Da4 cheng2 xiang1	17-12215-B
Da4 ci2 en1 si4	17-18053-B
Da4 cun1 xiang1	17-21995-B
Da4 di4	42-31289-S
Da4 dong1	17-22071-B
Da4 dong1 qu1	17-22273-B
Da4 du1	17-36939-B
Da4 du4 he2	17-25650-B
Da4 du4 xiang1	17-31821-B
Da4 fen1 jie4 ling3	17-7124-B
Da4 feng1	17-35543-B
Da4 ge2 ming4	30-26218-S
Da4 guan1 yuan2	9-41574-S
Da4 han2	17-15177-B
Da4 han2 Min2 guo2	17-40331-B
Da4 han4	22-24515-S
Da4 he2	17-9707-B
Da4 hu2 xiang1	17-25964-B
Da4 hua4 yao2 zu2 zi4 zhi4 xian4	17-8296-B
Da4 hui4	2-41005-S,51-58561-S
Da4 hui4 dang3	7-35352-S
Da4 jia3 zhen4	17-28479-B
Da4 jiang1 Jian4 san1 lang2	17-24535-B
Da4 jiu3 bao3	17-4630-B
Da4 jiu3 bao3 Li4 tong1	17-4712-B
Da4 ju4 yuan4	1-52051-S
Da4 kuang3	17-13433-B
Da4 kuang3 zhen4	17-13509-B
Da4 li3	17-27806-B,17-37204-B
Da4 li3 Bai2 zu2 zi4 zhi4 zhou1	17-28076-B
Da4 li3 shi4	17-28024-B
Da4 li3 zhou1	17-27949-B
Da4 li4	17-33674-B
Da4 li4 la1	17-7289-B
Da4 lian2	17-36076-B
Da4 lian2 Li3 gong1 Da4 xue2	17-36235-B
Da4 lian2 shi4	17-36150-B
Da4 liang2	17-22737-B
Da4 liao2 xiang1	17-15482-B
Da4 lin2 zhen4	17-22369-B
Da4 lou2	44-57741-S
Da4 ma3 shi4 ge2	17-41512-B
Da4 ma3 shi4 ge2 li3	17-41573-B
Da4 ming2	17-9450-B
Da4 ming2 li4	17-20048-B
Da4 nei4 xiang1	17-6402-B
Da4 ning2	17-15220-B
Da4 pi2 xiang1	17-12501-B
Da4 qian1	23-38167-S
Da4 qiao2	22-18690-S
Da4 qing4	17-18137-B
Da4 qing4 shi4	17-18198-B
Da4 qiu1	17-36686-B
Da4 ri4 ru2 lai2	17-19986-B
Da4 sha1 he2	17-24667-B
Da4 sha4	64-14148-S
Da4 shan1 gu3 zhou1 li4 da4 xue2	17-16304-B
Da4 she4 xiang1	17-29496-B
Da4 shi2	51-40713-S
Da4 shi2 qiao2	17-29144-B
Da4 shi2 qiao2 shi4	17-29263-B
Da4 shi4 zhi4 Pu2 sa4	17-8096-B
Da4 shu3	17-20652-B
Da4 shu4	17-19475-B
Da4 shu4 xiang1	17-23191-B
Da4 tian2	17-28386-B
Da4 tong2	17-9029-B
Da4 tong2 qu1	17-9112-B
Da4 tong2 shi4	17-9279-B
Da4 tong2 xiang1	17-9373-B
Da4 wa1	17-29899-B
Da4 wa1 xian4	17-29966-B
Da4 wei4	17-34434-B
Da4 wei4 ying2 he2 yue1	17-34511-B
Da4 wu1 su1 li3 dao3	17-26572-B
Da4 wu3 xiang1	17-23504-B
Da4 wu4	17-17795-B
Da4 xi1 guo2	17-34829-B
Da4 xi1 yang2	10-30030-S,17-34880-B
Da4 xi1 yang2 Gong1 yue1 Zu3 zhi1	10-30099-S
Da4 xi1 yang2 yang2 zhong1 ji3	17-35029-B
Da4 xi1 yang2 zhong1 ji3	17-34938-B
Da4 xi1 zhen4	17-26037-B
Da4 xia2 gu3	17-16486-B,24-53041-S,66-56196-S
Da4 xian1 zhi1 shu1	17-6312-B
Da4 xin1	17-19646-B
Da4 xing1	17-32707-B
Da4 xing1 an1 lin3 Di4 qu1	17-32866-B
Da4 xing1 qu1	17-32770-B
Da4 xue2	1-51578-S,1-52141-S,1-52922-S,1-53365-S,2-52962-S,2-56900-S,2-58572-S,2-67005-S,2-69761-S,3-72489-S,7-31781-S,9-44047-S,9-51952-S,10-25916-S,10-26096-S,10-26348-S,10-26876-S,10-27180-S,10-27289-S,10-27728-S,10-32091-S,10-66241-S,10-66858-S,11-4664-S,12-37097-S,12-40781-S,12-49440-S,12-49512-S,13-39231-S,14-48885-S,17-36235-S,17-49331-S,19-28560-S,20-4732-S,20-48499-S,21-28245-S,21-30238-S,21-32965-S,22-11196-S,22-19954-S,24-14520-S,30-44482-S,31-15185-S,31-48666-S,31-64642-S,33-15521-S,33-16213-S,33-41248-S,35-47738-S,36-21238-S,36-55952-S,38-8571-S,39-10795-S,41-28488-S,41-48019-S,49-19042-S,51-42325-S,54-32068-S,54-32412-S,54-34256-S,54-34362-S,54-37324-S,55-38555-S,55-45094-S,57-13200-S,57-13868-S,59-55275-S,63-4839-S,63-34101-S,63-58810-S,65-40438-S,67-28548-S,69-26806-S,69-27086-S,69-27577-S,69-27689-S,69-36142-S
Da4 xue2 Luo4 shan1 ji1 fen1 xiao4	9-52060-S
Da4 xue3	17-40099-B
Da4 ya3 xiang1	17-39606-B
Da4 ya4 wan1	17-5066-B
Da4 yan4 ta3	17-39445-B
Da4 yang2 Zhou1	17-25028-B
Da4 yao2	17-13658-B
Da4 yao2 xian4	17-13718-B
Da4 ye3	17-6724-B
Da4 yi4	17-36543-B
Da4 yi4 xian4	17-36602-B
Da4 ying1 lian2 he2 wang2 guo2	17-33389-B
Da4 yong1	17-17052-B
Da4 yu2	17-41297-B
Da4 yu2 xian4	17-41365-B
Da4 yu3 shan1	17-16572-B
Da4 yuan2 xiang1	17-11039-B
Da4 yuan4 Di4 zang4 Pu2 sa4	17-40643-B
Da4 yun4 he2	4-3293-S,17-36391-B
Da4 zhan4	3-36720-S,44-52173-S
Da4 zhao1	33-1643-S
Da4 zhao1 si4	17-20253-B
Da4 zhong1	64-8922-S
Da4 zhu2	17-30045-B
Da4 zu2	17-35849-B
Dai	6-30016-B,21-37010-B,23-39413-S
Dai Gao le	26-24308-B
Dai Ming shi	26-23388-B
Dai an na	26-23457-B,71-37404-B
Dai an na wang fei	26-23512-B
Dai dun	4-33852-B
Dai er	26-23704-B
Dai li si	4-30551-B
Dai miao	21-37321-B
Dai shan	21-37255-B
Dai wei si	26-24074-B
Dai wei si bei	26-24148-B
Dai wei ying	26-24252-B
Dai xian	4-32832-B
Dai yu	33-35296-S
Dai zong	21-37066-B
Dai zu	6-30093-B
Dai zu Jing po zu zi zhi zhou	24-25204-S
Dai zu zi zhi zhou	57-24002-S
Dai3	6-30016-B
Dai3 zu2	6-30093-B
Dai3 zu2 Jing3 po1 zu2 zi4 zhi4 zhou1	24-25204-S
Dai3 zu2 zi4 zhi4 zhou1	57-24002-S
Dai4	21-37010-B,23-39413-S
Dai4 Gao1 le4	26-24308-B
Dai4 Ming2 shi4	26-23388-B
Dai4 an1 na4	26-23457-B,71-37404-B
Dai4 an1 na4 wang2 fei1	26-23512-B
Dai4 dun4	4-33852-B
Dai4 er3	26-23704-B
Dai4 li4 si1	4-30551-B
Dai4 miao4	21-37321-B
Dai4 shan1	21-37255-B
Dai4 wei2 si1	26-24074-B
Dai4 wei2 si1 bei1	26-24148-B
Dai4 wei2 ying2	26-24252-B
Dai4 xian4	4-32832-B
Dai4 yu4	33-35296-S
Dai4 zong1	21-37066-B
Dan	17-57810-S,23-37377-S,41-28742-S,42-32731-S
Dan Bu lang	3-2219-B
Dan Rui	3-2775-B
Dan Rui da jiang	3-2834-B
Dan Rui jiang jun	3-2908-B
Dan ba	3-2158-B
Dan cheng	63-35719-B
Dan ding	4-64561-B
Dan dong	3-2441-B
Dan dong shi	3-2517-B
Dan feng	3-3459-B
Dan fo	3-1878-B
Dan jiang kou	3-2697-B
Dan leng xian	3-3200-B
Dan mai	3-3524-B
Dan ni sheng	4-64679-B
Dan shui zhen	38-43644-B
Dan tu	3-2293-B
Dan xian	6-55212-B
Dan yang	3-3272-B
Dan zhai	3-1971-B
Dan1	17-57810-S,23-37377-S,41-28742-S,42-32731-S
Dan1 Bu4 lang3	3-2219-B
Dan1 Rui4	3-2775-B
Dan1 Rui4 da4 jiang4	3-2834-B
Dan1 Rui4 jiang1 jun1	3-2908-B
Dan1 ba1	3-2158-B
Dan1 cheng2	63-35719-B
Dan1 dong1	3-2441-B
Dan1 dong1 shi4	3-2517-B
Dan1 feng4	3-3459-B
Dan1 fo2	3-1878-B
Dan1 jiang1 kou3	3-2697-B
Dan1 leng2 xian4	3-3200-B
Dan1 mai4	3-3524-B
Dan1 tu2	3-2293-B
Dan1 xian4	6-55212-B
Dan1 yang2	3-3272-B
Dan1 zhai4	3-1971-B
Dan4 ding1	4-64561-B
Dan4 ni2 sheng1	4-64679-B
Dan4 shui3 zhen4	38-43644-B
Dang	17-10950-S
Dang chang	19-39289-B
Dang shan	46-30468-B
Dang tu	43-67625-B
Dang xiang	71-45384-B
Dang xiang zu	71-45467-B
Dang xiong	43-68350-B
Dang yang	43-68286-B
Dang1 tu2	43-67625-B
Dang1 xiong2	43-68350-B
Dang1 yang2	43-68286-B
Dang3	17-10950-S
Dang3 xiang4	71-45384-B
Dang3 xiang4 zu2	71-45467-B
Dang4 chang1	19-39289-B
Dang4 shan1	46-30468-B
Dao	10-30849-S,42-34564-S
Dao Qiong si	62-51544-B
Dao Zhang	62-52244-B
Dao cheng	47-35750-B
Dao de jing	62-50958-B
Dao er	33-47589-S
Dao er dun	62-51403-B
Dao fu	62-50273-B
Dao guang	62-49655-B
Dao guang di	62-49729-B
Dao han	36-64390-S
Dao jia	62-50494-B
Dao jiao tu	62-51263-B
Dao ka si zu	62-49896-B
Dao qi	62-50192-B
Dao xian	62-51654-B
Dao xiang Wang	25-11426-B
Dao3	10-30849-S,42-34564-S
Dao4 Qiong2 si1	62-51544-B
Dao4 Zhang3	62-52244-B
Dao4 cheng2	47-35750-B
Dao4 de2 jing1	62-50958-B
Dao4 er3	33-47589-S
Dao4 er3 dun4	62-51403-B
Dao4 fu2	62-50273-B
Dao4 guang1	62-49655-B
Dao4 guang1 di4	62-49729-B
Dao4 han2	36-64390-S
Dao4 jia1	62-50494-B
Dao4 jiao4 tu2	62-51263-B
Dao4 ka3 si1 zu2	62-49896-B
Dao4 qi2	62-50192-B
Dao4 xian4	62-51654-B
Dao4 xiang1 Wang2	25-11426-B
De	32-68821-S,33-2517-S,51-6880-S,71-63241-S
De Ji chang	13-64859-S
De an	24-24966-B
De an xian	24-25029-B
De ban	24-27822-B
De bao	24-24028-B
De bu le sen	24-25963-B
De chang	24-27082-B
De chuan	24-25544-B
De du	24-28702-B
De fen	4-35429-S
De ge	24-27147-B
De guo	24-24530-B,51-63772-S
De guo Han sha Hang kong Gong si	24-24715-B
De guo ma ke	24-24825-B
De guo ma zhen	24-24889-B
De guo ren	24-24648-B
De guo zhi Sheng	24-24577-B
De hai	19-28182-S
De hei lan	24-29267-B
De hong	24-25104-B
De hong Dai zu Jing po zu zi zhi zhou	24-25204-B
De hong zhou	24-25427-B
De hua	9-42321-S,24-24470-B
De huai	23-57600-S
De hui	24-26024-B
De hui di qu	24-26107-B
De hui shi	24-26198-B
De jiang	24-27260-B
De ke sa si	24-6668-B,24-24139-B
De ke sa si zhou	24-6736-B,24-24196-B
De la ke luo wa	24-26826-B
De la men	24-26908-B
De le ba ke	24-24274-B
De le zi	24-24351-B
De lei er	24-29068-B
De lei si dun	24-27884-B,24-29007-B
De li	24-28457-B
De li da	24-28506-B
De liang	66-27584-S
De lin	33-2571-S
De na	70-14738-S
De qin	24-27217-B
De qing	24-26587-B,24-27665-B
De ren	24-23979-B
De rong	24-8386-B
De sheng men	24-24414-B
De wen	24-8318-B,24-27032-B
De wo xia ke	24-27325-B
De xi	24-28569-B
De xing	24-28036-B
De xing shi	24-28120-B
De yang	24-28850-B
De yang shi	24-28923-B
De yi zhi	24-26292-B
De yi zhi Lian bang Gong he guo	24-26381-B
De yi zhi Yin hang	24-26508-B
De yu	24-28653-B
De zhen suo	2-71158-S
De zhou	24-25629-B
De zhou Yi qi	24-25745-B
De zhou di qu	24-25816-B
De zhou shi	24-25912-B
De2	32-68821-S,33-2517-S,51-6880-S,71-63241-S
De2 Ji1 chang3	13-64859-S
De2 an1	24-24966-B
De2 an1 xian4	24-25029-B
De2 ban1	24-27822-B
De2 bao3	24-24028-B
De2 bu4 le4 sen1	24-25963-B
De2 chang1	24-27082-B
De2 chuan1	24-25544-B
De2 du1	24-28702-B
De2 fen1	4-35429-S
De2 ge2	24-27147-B
De2 guo2	24-24530-B,51-63772-S
De2 guo2 Han4 sha1 Hang2 kong1 Gong1 si1	24-24715-B
De2 guo2 ma2 zhen3	24-24889-B
De2 guo2 ma3 ke4	24-24825-B
De2 guo2 ren2	24-24648-B
De2 guo2 zhi1 Sheng1	24-24577-B
De2 hai3	19-28182-S
De2 hei1 lan2	24-29267-B
De2 hong2	24-25104-B
De2 hong2 Dai3 zu2 Jing3 po1 zu2 zi4 zhi4 zhou1	24-25204-B
De2 hong2 zhou1	24-25427-B
De2 hua2	9-42321-S
De2 hua4	24-24470-B
De2 huai2	23-57600-S
De2 hui4	24-26024-B
De2 hui4 di4 qu1	24-26107-B
De2 hui4 shi4	24-26198-B
De2 jiang1	24-27260-B
De2 ke4 sa4 si1	24-6668-B,24-24139-B
De2 ke4 sa4 si1 zhou1	24-6736-B,24-24196-B
De2 la1 ke4 luo2 wa3	24-26826-B
De2 la1 men2	24-26908-B
De2 le4 ba1 ke4	24-24274-B
De2 le4 zi1	24-24351-B
De2 lei2 er3	24-29068-B
De2 lei2 si1 dun4	24-29007-B
De2 lei4 si1 dun4	24-27884-B
De2 li3	24-28457-B
De2 li3 da2	24-28506-B
De2 liang2	66-27584-S
De2 lin2	33-2571-S
De2 na4	70-14738-S
De2 qin1	24-27217-B
De2 qing1	24-27665-B
De2 qing4	24-26587-B
De2 ren2	24-23979-B
De2 rong2	24-8386-B
De2 sheng4 men2	24-24414-B
De2 wen2	24-8318-B,24-27032-B
De2 wo4 xia4 ke4	24-27325-B
De2 xi1	24-28569-B
De2 xing1	24-28036-B
De2 xing1 shi4	24-28120-B
De2 yang2	24-28850-B
De2 yang2 shi4	24-28923-B
De2 yi4 zhi4	24-26292-B
De2 yi4 zhi4 Lian2 bang1 Gong4 he2 guo2	24-26381-B
De2 yi4 zhi4 Yin2 hang2	24-26508-B
De2 yu3	24-28653-B
De2 zhen3 suo3	2-71158-S
De2 zhou1	24-25629-B
De2 zhou1 Yi2 qi4	24-25745-B
De2 zhou1 di4 qu1	24-25816-B
De2 zhou1 shi4	24-25912-B
Deng	63-32756-B
Deng Li jun	63-33496-B
Deng Shi chang	63-32792-B
Deng Ya ping	63-32853-B
Deng Ying chao	63-33423-B
Deng feng	44-23618-B
Deng hui	33-4695-S
Deng jia	63-33029-B
Deng kou	46-41414-B
Deng tuo	63-33368-B
Deng xiao ping	63-33069-B
Deng xiao ping li lun	63-33142-B
Deng zhou	63-33304-B
Deng1 feng1	44-23618-B
Deng1 hui1	33-4695-S
Deng4	63-32756-B
Deng4 Li4 jun1	63-33496-B
Deng4 Shi4 chang1	63-32792-B
Deng4 Ya4 ping2	63-32853-B
Deng4 Ying3 chao1	63-33423-B
Deng4 jia1	63-33029-B
Deng4 kou3	46-41414-B
Deng4 tuo4	63-33368-B
Deng4 xiao3 ping2	63-33069-B
Deng4 xiao3 ping2 li3 lun4	63-33142-B
Deng4 zhou1	63-33304-B
Di	42-5627-B
Di Ku	22-25128-B
Di ao duo	42-5674-B
Di ao duo · A duo nuo	42-5731-B
Di bi si	22-60563-B
Di er Yi ke Da xue	1-52922-S
Di ge li si	22-60405-B
Di ge li si he	22-60479-B
Di ge · Jia xi ya dao	61-51021-B
Di guo	17-33316-S,33-23179-S,50-63275-S
Di ka er	48-5409-B,48-5580-B
Di ka er zuo biao zhi	48-5477-B
Di ke	61-50530-B
Di la ke	42-5859-B
Di lun	61-50492-B
Di qing Zang zu zi zhi zhou	61-50896-B
Di qing zhou	61-50797-B
Di qu	17-32866-S
Di rong	48-13298-B
Di sha ge	48-5711-B
Di shi ni	61-50580-B
Di si lei li	61-51505-B
Di si ni	61-51173-B
Di si ni le yuan	61-51239-B
Di te lu:	22-60798-B
Di wen Hai	22-25442-B
Di wen dao	22-25386-B
Di xi si hai	22-61153-B
Di xin	22-25674-B
Di yi ci shi jie da zhan	48-9058-B
Di zang	15-44398-B
Di zang Pu sa	15-44536-B,17-40643-S
Di zang wang Pu sa	15-44445-B
Di zhi Da xue	2-56900-S
Di zhong Hai	15-38143-B
Di1 ka3 er3	48-5580-B
Di2	42-5627-B
Di2 ao4 duo1	42-5674-B
Di2 ao4 duo1 · A1 duo1 nuo4	42-5731-B
Di2 ge1 · Jia1 xi1 ya4 dao3	61-51021-B
Di2 ka3 er2 zuo4 biao1 zhi4	48-5477-B
Di2 ka3 er5	48-5409-B
Di2 ke4	61-50530-B
Di2 la1 ke4	42-5859-B
Di2 lun2	61-50492-B
Di2 qing4 Zang4 zu2 zi4 zhi4 zhou1	61-50896-B
Di2 qing4 zhou1	61-50797-B
Di2 sha1 ge2	48-5711-B
Di2 shi4 ni2	61-50580-B
Di2 si1 lei2 li4	61-51505-B
Di2 si1 ni2	61-51173-B
Di2 si1 ni2 le4 yuan2	61-51239-B
Di3 bi3 si1	22-60563-B
Di3 ge2 li3 si1	22-60405-B
Di3 ge2 li3 si1 he2	22-60479-B
Di3 te4 lu:4	22-60798-B
Di3 xi1 si1 hai3	22-61153-B
Di4 Ku4	22-25128-B
Di4 er4 Yi1 ke1 Da4 xue2	1-52922-S
Di4 guo2	17-33316-S,33-23179-S,50-63275-S
Di4 qu1	17-32866-S
Di4 rong2	48-13298-B
Di4 wen4 Hai3	22-25442-B
Di4 wen4 dao3	22-25386-B
Di4 xin1	22-25674-B
Di4 yi1 ci4 shi4 jie4 da4 zhan4	48-9058-B
Di4 zang4	15-44398-B
Di4 zang4 Pu2 sa4	15-44536-B,17-40643-S
Di4 zang4 wang2 Pu2 sa4	15-44445-B
Di4 zhi4 Da4 xue2	2-56900-S
Di4 zhong1 Hai3	15-38143-B
Dian Zang	21-50318-S,39-27004-B
Dian bai	67-32763-B
Dian bai xian	67-32830-B
Dian bao Dian hua Gong si	31-9740-S
Dian bao Gong si	51-5679-S
Dian chi	39-26898-B
Dian hong	39-26955-B
Dian hua Dian bao Gong si	51-5679-S
Dian hua Gong si	31-9740-S
Dian jiang	16-24432-B
Dian qi	33-27141-S
Dian shan hu	40-2368-B
Dian tai	30-45953-S,53-10230-S,54-2339-S,69-28540-S
Dian xun Gong si	54-2814-S
Dian xun bao	36-5962-S
Dian ying Xue yuan	10-28382-S
Dian zi Ke ji Da xue	67-28548-B
Dian1 Zang4	21-50318-S,39-27004-B
Dian1 chi2	39-26898-B
Dian1 hong2	39-26955-B
Dian4 bai2	67-32763-B
Dian4 bai2 xian4	67-32830-B
Dian4 bao4 Dian4 hua4 Gong1 si1	31-9740-S
Dian4 bao4 Gong1 si1	51-5679-S
Dian4 hua4 Dian4 bao4 Gong1 si1	51-5679-S
Dian4 hua4 Gong1 si1	31-9740-S
Dian4 jiang1	16-24432-B
Dian4 qi4	33-27141-S
Dian4 shan1 hu2	40-2368-B
Dian4 tai2	30-45953-S,53-10230-S,54-2339-S,69-28540-S
Dian4 xun4 Gong1 si1	54-2814-S
Dian4 xun4 bao4	36-5962-S
Dian4 ying3 Xue2 yuan4	10-28382-S
Dian4 zi3 Ke1 ji4 Da4 xue2	67-28548-B
Diao Chan	59-27146-B
Diao bing shan	58-35585-B
Diao bing shan shi	58-35717-B
Diao fan dou	8-48666-B
Diao fan dou fang cheng	8-48753-B
Diao yu tai	64-19918-B
Diao1 Chan2	59-27146-B
Diao1 fan1 dou1	8-48666-B
Diao1 fan1 dou1 fang1 cheng2	8-48753-B
Diao4 bing1 shan1	58-35585-B
Diao4 bing1 shan1 shi4	58-35717-B
Diao4 yu2 tai2	64-19918-B
Die bu	61-52890-B
Die2 bu4	61-52890-B
Ding	35-43618-S,42-31356-S
Ding Ji	1-24867-B
Ding Lei	1-25603-B
Ding Ling	1-25546-B
Ding Ru chang	1-25434-B
Ding Wei liang	1-26076-B
Ding Zhao zhong	1-25646-B
Ding an	19-44644-B
Ding bian	19-48162-B
Ding hai	19-46375-B,19-46469-B
Ding hai qu	19-46511-B
Ding jie	19-46966-B
Ding kang	23-57376-S
Ding nan	19-43979-B
Ding nan xian	19-44053-B
Ding qing	1-26011-B
Ding ri	19-45695-B
Ding tao	19-48517-B
Ding xi	19-47467-B
Ding xi di qu	19-47538-B
Ding xi shi	19-47631-B
Ding xiang	19-47399-B
Ding xing	19-47244-B
Ding yuan	19-48097-B
Ding zhou	19-44923-B
Ding1	35-43618-S,42-31356-S
Ding1 Ji1	1-24867-B
Ding1 Lei3	1-25603-B
Ding1 Ling2	1-25546-B
Ding1 Ru3 chang1	1-25434-B
Ding1 Wei3 liang2	1-26076-B
Ding1 Zhao4 zhong1	1-25646-B
Ding1 qing1	1-26011-B
Ding4 an1	19-44644-B
Ding4 bian1	19-48162-B
Ding4 hai2	19-46375-B
Ding4 hai2 qu4	19-46511-B
Ding4 hai3	19-46469-B
Ding4 jie2	19-46966-B
Ding4 kang1	23-57376-S
Ding4 nan2	19-43979-B
Ding4 nan2 xian4	19-44053-B
Ding4 ri4	19-45695-B
Ding4 tao2	19-48517-B
Ding4 xi1	19-47467-B
Ding4 xi1 di4 qu1	19-47538-B
Ding4 xi1 shi4	19-47631-B
Ding4 xiang1	19-47399-B
Ding4 xing1	19-47244-B
Ding4 yuan3	19-48097-B
Ding4 zhou1	19-44923-B
Dong	17-12676-S,21-38859-B,61-48386-S
Dong Bi wu	54-59553-B
Dong Fei Gong tong ti	33-25897-B
Dong Fei da di qian	33-25988-B
Dong Fei da lie gu	33-26085-B
Dong Feng	54-59402-B
Dong Han mo	33-21377-B
Dong Han mo nian	33-21496-B
Dong Hua San yuan	33-23633-B
Dong Jiang	33-22000-B
Dong Mian gao yuan	33-23097-B
Dong Ou ping yuan	33-20121-B
Dong Tai ping yang long qi	33-16969-B
Dong Wei	33-26352-B
Dong Wu	33-16548-B
Dong Xi Zhou	33-23962-B
Dong Ya gong rong quan	17-22157-S
Dong Yin du Gong si	33-16348-B
Dong Zhi wu zhong Guo ji Mao yi Gong yue	40-14224-S
Dong Zhong guo Hai	33-14474-B
Dong Zhong shu	54-59276-B
Dong Zhuo	54-59350-B
Dong an	33-17397-B
Dong ba wen hua	33-18153-B
Dong bei Da xue	33-15521-B
Dong chang	33-19625-B
Dong chang qu	33-19706-B
Dong cheng qu	33-16796-B
Dong chuan	33-18086-B
Dong cong	14-17477-B
Dong di wen	33-18297-B
Dong dong	13-27563-B
Dong e	33-25531-B
Dong fan	55-12027-S
Dong fang Li zu zi zhi xian	33-19495-B
Dong fang Ri bao	33-19212-B
Dong fang san Bo shi	33-19070-B
Dong feng	33-24324-B
Dong feng xian	33-24401-B
Dong gang zhen	33-21009-B
Dong gou	33-21248-B
Dong guan	33-23464-B
Dong guan han ji	33-24119-B
Dong guan shi	33-23543-B
Dong guang	33-15179-B
Dong hai	33-20833-B,47-3314-S
Dong hai Jian dui	33-20937-B
Dong hai an	33-20882-B
Dong han	33-21314-B
Dong he xiang	33-20322-B
Dong hu	33-21086-B
Dong hu qu	33-21162-B
Dong jiang	33-20270-B
Dong jiao min xiang	33-14664-B
Dong jin	33-19865-B
Dong jing	33-14823-B
Dong jing di guo da xue	33-14866-B
Dong jing wan	33-15007-B
Dong jun	33-16497-B
Dong kou	37-57403-B
Dong lan	33-23718-B
Dong liao	33-24632-B
Dong liao xian	33-24709-B
Dong ling	33-25594-B
Dong ling qu	33-25684-B
Dong mi de lan	33-17530-B
Dong ming	33-19797-B
Dong nan Da xue	33-16213-B
Dong ning	33-17598-B
Dong ping	33-18400-B
Dong po	55-39362-S
Dong po zhou zi	33-16721-B
Dong qu	33-15735-B
Dong shan	33-17670-B
Dong shan xiang	8-16181-B,33-17898-B
Dong sheng	33-15246-B
Dong shi xiang	33-15321-B,33-22215-B
Dong shi zhen	33-15401-B
Dong tai	33-16433-B
Dong tiao	33-19933-B
Dong tiao Ying ji	33-19992-B
Dong ting hu	37-57649-B
Dong tou	37-58257-B
Dong tou cun	33-26235-B
Dong tu	33-22295-B
Dong tu jue si tan	33-22438-B
Dong tu jue si tan jie fang zu zhi	33-22703-B
Dong tu jue si tan yi si lan yun dong	33-22547-B
Dong tu zu zhi	33-22883-B
Dong wu nong chang	10-1182-B
Dong wu yuan	10-25725-S
Dong wu zhu mu qin qi	33-21627-B
Dong xian han ji	33-21917-B
Dong xiang	33-25098-B
Dong xiang xian	33-25442-B
Dong xiang zu zi zhi xian	33-25324-B
Dong ya Yin hang	33-14590-B
Dong yang	33-20399-B,33-25784-B
Dong yang gui	33-20448-B
Dong yang gui zi	33-20543-B
Dong yin xiang	33-18468-B
Dong ying	33-21750-B
Dong ying shi	33-21828-B
Dong zheng jiao	33-20198-B
Dong zhi	8-16378-B,33-23289-B,33-23352-B
Dong zhi dian	8-16428-B
Dong zhi men	33-22135-B
Dong zhou	33-20647-B
Dong zhou qu	33-20735-B
Dong zu	5-21706-B
Dong zu zi zhi xian	42-29892-S,53-62570-S,62-15161-S
Dong zu zi zhi zhou	71-34948-S
Dong1	17-12676-S,61-48386-S
Dong1 Fei1 Gong4 tong2 ti3	33-25897-B
Dong1 Fei1 da4 di4 qian4	33-25988-B
Dong1 Fei1 da4 lie4 gu3	33-26085-B
Dong1 Han4 mo4	33-21377-B
Dong1 Han4 mo4 nian2	33-21496-B
Dong1 Hua2 San1 yuan4	33-23633-B
Dong1 Jiang1	33-22000-B
Dong1 Mian3 gao1 yuan2	33-23097-B
Dong1 Ou1 ping2 yuan2	33-20121-B
Dong1 Tai4 ping2 yang2 long2 qi3	33-16969-B
Dong1 Wei4	33-26352-B
Dong1 Wu2	33-16548-B
Dong1 Xi1 Zhou1	33-23962-B
Dong1 Ya4 gong4 rong2 quan1	17-22157-S
Dong1 Yin4 du4 Gong1 si1	33-16348-B
Dong1 Zhong1 guo2 Hai3	33-14474-B
Dong1 an1	33-17397-B
Dong1 ba1 wen2 hua4	33-18153-B
Dong1 bei3 Da4 xue2	33-15521-B
Dong1 chang1	33-19625-B
Dong1 chang1 qu1	33-19706-B
Dong1 cheng2 qu1	33-16796-B
Dong1 chuan1	33-18086-B
Dong1 cong2	14-17477-B
Dong1 di4 wen4	33-18297-B
Dong1 dong5	13-27563-B
Dong1 e1	33-25531-B
Dong1 fan1	55-12027-S
Dong1 fang1 Li2 zu2 zi4 zhi4 xian4	33-19495-B
Dong1 fang1 Ri4 bao4	33-19212-B
Dong1 fang1 san1 Bo2 shi4	33-19070-B
Dong1 feng1	33-24324-B
Dong1 feng1 xian4	33-24401-B
Dong1 gang3 zhen4	33-21009-B
Dong1 gou1	33-21248-B
Dong1 guan1 han4 ji4	33-24119-B
Dong1 guan3	33-23464-B
Dong1 guan3 shi4	33-23543-B
Dong1 guang1	33-15179-B
Dong1 hai2 an1	33-20882-B
Dong1 hai3	33-20833-B,47-3314-S
Dong1 hai3 Jian4 dui4	33-20937-B
Dong1 han4	33-21314-B
Dong1 he2 xiang1	33-20322-B
Dong1 hu2	33-21086-B
Dong1 hu2 qu1	33-21162-B
Dong1 jiang1	33-20270-B
Dong1 jiao1 min2 xiang4	33-14664-B
Dong1 jin4	33-19865-B
Dong1 jing1	33-14823-B
Dong1 jing1 di4 guo2 da4 xue2	33-14866-B
Dong1 jing1 wan1	33-15007-B
Dong1 jun1	33-16497-B
Dong1 lan2	33-23718-B
Dong1 liao2	33-24632-B
Dong1 liao2 xian4	33-24709-B
Dong1 ling2	33-25594-B
Dong1 ling2 qu1	33-25684-B
Dong1 mi4 de2 lan2	33-17530-B
Dong1 ming2	33-19797-B
Dong1 nan2 Da4 xue2	33-16213-B
Dong1 ning2	33-17598-B
Dong1 ping2	33-18400-B
Dong1 po1	55-39362-S
Dong1 po1 zhou3 zi5	33-16721-B
Dong1 qu1	33-15735-B
Dong1 shan1	33-17670-B
Dong1 shan1 xiang1	8-16181-B,33-17898-B
Dong1 sheng4	33-15246-B
Dong1 shi2 xiang1	33-22215-B
Dong1 shi4 xiang1	33-15321-B
Dong1 shi4 zhen4	33-15401-B
Dong1 tai2	33-16433-B
Dong1 tiao2	33-19933-B
Dong1 tiao2 Ying1 ji1	33-19992-B
Dong1 tou2 cun1	33-26235-B
Dong1 tu1	33-22295-B
Dong1 tu1 jue2 si1 tan3	33-22438-B
Dong1 tu1 jue2 si1 tan3 jie3 fang4 zu3 zhi1	33-22703-B
Dong1 tu1 jue2 si1 tan3 yi1 si1 lan2 yun4 dong4	33-22547-B
Dong1 tu1 zu3 zhi1	33-22883-B
Dong1 wu1 zhu1 mu4 qin4 qi2	33-21627-B
Dong1 xian4 han4 ji4	33-21917-B
Dong1 xiang1	33-25098-B
Dong1 xiang1 xian4	33-25442-B
Dong1 xiang1 zu2 zi4 zhi4 xian4	33-25324-B
Dong1 ya4 Yin2 hang2	33-14590-B
Dong1 yang2	33-20399-B,33-25784-B
Dong1 yang2 gui3	33-20448-B
Dong1 yang2 gui3 zi5	33-20543-B
Dong1 yin3 xiang1	33-18468-B
Dong1 ying2	33-21750-B
Dong1 ying2 shi4	33-21828-B
Dong1 zheng4 jiao4	33-20198-B
Dong1 zhi1	33-23352-B
Dong1 zhi2 men2	33-22135-B
Dong1 zhi4	8-16378-B,33-23289-B
Dong1 zhi4 dian3	8-16428-B
Dong1 zhou1	33-20647-B
Dong1 zhou1 qu1	33-20735-B
Dong3 Bi4 wu3	54-59553-B
Dong3 Feng4	54-59402-B
Dong3 Zhong4 shu1	54-59276-B
Dong3 Zhuo2	54-59350-B
Dong4	21-38859-B
Dong4 Zhi2 wu4 zhong3 Guo2 ji4 Mao4 yi4 Gong1 yue1	40-14224-S
Dong4 kou3	37-57403-B
Dong4 ting2 hu2	37-57649-B
Dong4 tou2	37-58257-B
Dong4 wu4 nong2 chang3	10-1182-B
Dong4 wu4 yuan2	10-25725-S
Dong4 zu2	5-21706-B
Dong4 zu2 zi4 zhi4 xian4	42-29892-S,53-62570-S,62-15161-S
Dong4 zu2 zi4 zhi4 zhou1	71-34948-S
Dou	66-13993-S
Dou la si	63-27348-B
Dou liu	30-33745-B
Dou men	30-34303-B
Dou nan zhen	30-33806-B
Dou1 la1 si1	63-27348-B
Dou3 liu4	30-33745-B
Dou3 men2	30-34303-B
Dou3 nan2 zhen4	30-33806-B
Dou4	66-13993-S
Du	30-31377-S
Du Fu	33-9714-B
Du Kang	33-9016-B
Du Mu	33-9649-B
Du Qiu niang ge	33-9851-B
Du Wei	33-8725-B
Du Xun he	33-9972-B
Du an Yao zu zi zhi xian	63-27000-B
Du bang	33-10252-B
Du ben nei	33-9166-B
Du bo lin	63-26785-B,63-27804-B
Du bu luo fu ni ke	33-8916-B
Du chang	63-27416-B
Du chang xian	63-27484-B
Du dao	42-19172-B
Du fu cao tang	33-9761-B
Du gu Qiu bai	42-18870-B
Du jiang yan	63-27853-B
Du jiang yan shi	63-27920-B
Du lan	63-28003-B
Du li bao	42-20543-B
Du li guo jia lian he ti	42-20401-B
Du lian ti	42-21132-B
Du ling	63-28064-B
Du long	42-22340-B
Du long jiang	42-22427-B
Du mai xin wen	59-6702-B
Du sai er duo fu	33-8640-B
Du shan	42-19109-B
Du shang bie	33-8838-B
Du shi xian	33-9374-B
Du shi xian ti	33-9469-B
Du xiu	66-28654-S
Du yi si bao	33-8388-B
Du yun	63-26834-B
Du yun shi	63-26888-B
Du1 an1 Yao2 zu2 zi4 zhi4 xian4	63-27000-B
Du1 bo2 lin2	63-26785-B,63-27804-B
Du1 chang1	63-27416-B
Du1 chang1 xian4	63-27484-B
Du1 jiang1 yan4	63-27853-B
Du1 jiang1 yan4 shi4	63-27920-B
Du1 lan2	63-28003-B
Du1 ling2	63-28064-B
Du1 yun2	63-26834-B
Du1 yun2 shi4	63-26888-B
Du2 dao3	42-19172-B
Du2 gu1 Qiu2 bai4	42-18870-B
Du2 li4 bao4	42-20543-B
Du2 li4 guo2 jia1 lian2 he2 ti3	42-20401-B
Du2 lian2 ti3	42-21132-B
Du2 long2	42-22340-B
Du2 long2 jiang1	42-22427-B
Du2 mai4 xin1 wen2	59-6702-B
Du2 shan1	42-19109-B
Du2 xiu4	66-28654-S
Du4	30-31377-S
Du4 Fu3	33-9714-B
Du4 Kang1	33-9016-B
Du4 Mu4	33-9649-B
Du4 Qiu1 niang2 ge1	33-9851-B
Du4 Wei1	33-8725-B
Du4 Xun2 he4	33-9972-B
Du4 bang1	33-10252-B
Du4 ben3 nei4	33-9166-B
Du4 bu4 luo2 fu1 ni2 ke4	33-8916-B
Du4 fu3 cao3 tang2	33-9761-B
Du4 sai1 er3 duo1 fu1	33-8640-B
Du4 shang4 bie2	33-8838-B
Du4 shi4 xian4	33-9374-B
Du4 shi4 xian4 ti3	33-9469-B
Du4 yi1 si1 bao3	33-8388-B
Duan Qi rui	35-65426-B
Duan Yu cai	35-65359-B
Duan bei shan	30-60275-B
Duan mu	47-65576-B
Duan shi	35-65204-B
Duan1 mu4	47-65576-B
Duan4 Qi2 rui4	35-65426-B
Duan4 Yu4 cai2	35-65359-B
Duan4 bei4 shan1	30-60275-B
Duan4 shi4	35-65204-B
Dui long de qing	16-6706-B
Dui ma dao	20-57790-B
Dui ma hai xia	20-57849-B
Dui wai Jing ji Mao yi Da xue	20-48499-B
Dui1 long2 de2 qing4	16-6706-B
Dui4 ma3 dao3	20-57790-B
Dui4 ma3 hai3 xia2	20-57849-B
Dui4 wai4 Jing1 ji4 Mao4 yi4 Da4 xue2	20-48499-B
Dun	42-35056-S,54-7554-S
Dun hao kuai di gong si	30-10755-B
Dun he	68-32800-B
Dun hua	30-10241-B
