聽審 听审 [01\[ tīng shěn\]]	to attend court;to take part in a trial
聽審會 听审会 [01\[ tīng shěn huì\]]	(legal) hearing
聽寫 听写 [01\[ tīng xiě\]]	dictate;dictation
聽小骨 听小骨 [01\[ tīng xiǎo gǔ\]]	ossicles (of the middle ear);three ossicles
聽得懂 听得懂 [01\[ tīng de dǒng\]]	to understand (by hearing);to catch (what sb says)
聽得見 听得见 [01\[ tīng dé jiàn\]]	audible
聽從 听从 [01\[ tīng cóng\]]	to listen and obey;to comply with;to heed;to hearken
聽憑 听凭 [01\[ tīng píng\]]	to allow (sb to do as he pleases)
聽戲 听戏 [01\[ tīng xì\]]	to go to the opera
聽書 听书 [01\[ tīng shū\]]	to listen to stories;to listen to performance of 說書|说书 storytelling
聽清 听清 [01\[ tīng qīng\]]	to hear clearly
聽牆根 听墙根 [01\[ tīng qiáng gēn\]]	to eavesdrop;to listen in secret to sb's conversations
聽牆根兒 听墙根儿 [01\[ tīng qiáng gēn 5r\]]	erhua variant of 聽牆根|听墙根
聽眾 听众 [01\[ tīng zhòng\]]	audience;listeners
聽筒 听筒 [01\[ tīng tǒng\]]	a can (loan from english tin);headphone;earphone;earpiece;stethoscope
聽者 听者 [01\[ tīng zhě\]]	listener;member of audience
聽而不闻 听而不闻 [01\[ tīng ér bù wén\]]	to pretend not to hear;to hear but not react;to ignore deliberately
聽聞 听闻 [01\[ tīng wén\]]	to listen;to hear what sb says;news one has heard
聽膩了 听腻了 [01\[ tīng nì le\]]	fed up of hearing
聽見 听见 [01\[ tīng jiàn\]]	hear
聽覺 听觉 [01\[ tīng jué\]]	sense of hearing
聽診器 听诊器 [01\[ tīng zhěn qì\]]	stethoscope;medical device to listen to heart rate
聽話 听话 [01\[ tīng huà\]]	to do what one is told;obedient
聽說 听说 [01\[ tīng shuō\]]	to hear told
聽說過 听说过 [01\[ tīng shuō guo\]]	to hear said
聽講 听讲 [01\[ tīng jiǎng\]]	attend a lecture;listen to a talk
聽證會 听证会 [01\[ tīng zhèng huì\]]	(legislative) hearing
聽起來 听起来 [01\[ tīng qi lai\]]	to sound like
聽閾 听阈 [01\[ tīng yù\]]	audibility threshold
聽隨 听随 [01\[ tīng suí\]]	to obey;to allow
聽頭 听头 [01\[ tīng tóu\]]	a can (loan from english tin)
聽骨 听骨 [01\[ tīng gǔ\]]	ossicles (in the middle ear);also written 聽小骨|听小骨
聽骨鏈 听骨链 [01\[ tīng gǔ liàn\]]	chain of ossicles (in the middle ear)
聾 聋 [01\[ lóng\]]	deaf
聾啞人 聋哑人 [01\[ lóng yǎ rén\]]	a deaf mute person
聿 聿 [01\[ yù\]]	(arch. introductory particle);then;and then
肄 肄 [01\[ yì\]]	descendants;distress;practice
肅 肃 [01\[ sù\]]	gansu;respectful
肅北蒙古族自治縣 肃北蒙古族自治县 [01\[ sù běi méng gǔ zú zì zhì xiàn\]]	subei mengguzu autonomous county in gansu
肅南裕固族自治縣 肃南裕固族自治县 [01\[ sù nán yù gù zú zì zhì xiàn\]]	su'nan yuguzu autonomous county in gansu
肅反 肃反 [01\[ sù fǎn\]]	purge of counter-revolutionary elements (esp. stalin's purges of the 1930 and mao's purges 1955-57);abbr. for 肅清反革命份子|肃清反革命分子
肅反運動 肃反运动 [01\[ sù fǎn yùn dòng\]]	purge of counter-revolutionary elements (esp. stalin's purges of the 1930 and mao's purges 1955-57);abbr. for 肅反肅清反革命份子|肃清反革命分子运动
肅寧 肃宁 [01\[ sù níng\]]	(n) suning (place in hebei)
肅清 肃清 [01\[ sù qīng\]]	purge
肅清反革命份子 肃清反革命分子 [01\[ sù qīng fǎn gé mìng fèn zǐ\]]	purge of counter-revolutionaries (esp. stalin's purges of the 1930 and mao's purges 1955-57);abbr. 肅反|肃反
肅立 肃立 [01\[ sù lì\]]	standing tall and majestic (of physical object such as trees)
肆 肆 [01\[ sì\]]	four (banker's anti-fraud numeral);market
肆意 肆意 [01\[ sì yì\]]	wantonly;recklessly;wilfully
肆拾 肆拾 [01\[ sì shí\]]	forty (in banker's anti-fraud numerals)
肆無忌憚 肆无忌惮 [01\[ sì wú jì dàn\]]	absolutely unrestrained;unbridled;without the slightest scruple
肆虐 肆虐 [01\[ sì nüè\]]	wreak havoc;devastate
肇 肇 [01\[ zhào\]]	at first;devise;originate
肇事 肇事 [01\[ zhào shì\]]	the cause (of the accident);the initial (problem)
肇事者 肇事者 [01\[ zhào shì zhě\]]	troublemaker
肇俊哲 肇俊哲 [01\[ zhào jùn zhé\]]	zhao junzhe
肇因 肇因 [01\[ zhào yīn\]]	cause;origin
肇始 肇始 [01\[ zhào shǐ\]]	to initiate;to start;the start
肇州 肇州 [01\[ zhào zhōu\]]	(n) zhaozhou (place in heilongjiang)
肇慶 肇庆 [01\[ zhào qìng\]]	zhaoqing prefecture level city in guangdong
肇慶地區 肇庆地区 [01\[ zhào qìng dì qū\]]	zhaoqing prefecture in guangdong
肇慶市 肇庆市 [01\[ zhào qìng shì\]]	zhaoqing prefecture level city in guangdong province
肇東 肇东 [01\[ zhào dōng\]]	(n) zhaodong (city in heilongjiang)
肇源 肇源 [01\[ zhào yuán\]]	(n) zhaoyuan (place in heilongjiang)
肇禍 肇祸 [01\[ zhào huò\]]	the cause (of the disaster);the initial (accident)
肇端 肇端 [01\[ zhào duān\]]	the starting point
肈 肇 [01\[ zhào\]]	the start;the origin
肈建 肇建 [01\[ zhào jiàn\]]	to build (for the first time);to create (a building)
肉 肉 [01\[ ròu\]]	meat;flesh;pulp (of a fruit)
肉中毒 肉中毒 [01\[ ròu zhōng dú\]]	botulism
肉包子打狗 肉包子打狗 [01\[ ròu bāo zǐ dǎ gǒu\]]	what's gone can never come back
肉商 肉商 [01\[ ròu shāng\]]	meat merchant;butcher
肉孜節 肉孜节 [01\[ ròu zī jié\]]	eid ul-fitr (muslim day of celebration marking the end of ramadan)
肉慾 肉欲 [01\[ ròu yù\]]	carnal desire
肉末 肉末 [01\[ ròu mò\]]	ground meat
肉桂 肉桂 [01\[ ròu guì\]]	cinnamon
肉毒桿菌 肉毒杆菌 [01\[ ròu dú gǎn jūn\]]	clostridium botulinum
肉毒桿菌毒素 肉毒杆菌毒素 [01\[ ròu dú gǎn jūn dú sù\]]	botulinum toxin
肉毒梭狀芽孢桿菌 肉毒梭状芽孢杆菌 [01\[ ròu dú suō zhuàng yá bāo gǎn jūn\]]	clostridium difficile (bacterium causing gut infection)
肉毒素 肉毒素 [01\[ ròu dú sù\]]	botulin;botulinal toxin;xr (botulinum toxin)
肉汁 肉汁 [01\[ ròu zhī\]]	meat stock
肉片 肉片 [01\[ ròu piàn\]]	meat slice
肉瘤 肉瘤 [01\[ ròu liú\]]	wart;sarcoma;fig. superfluous;useless
肉眼 肉眼 [01\[ ròu yǎn\]]	naked eye;layman's eyes
肉眼觀察 肉眼观察 [01\[ ròu yǎn guān chá\]]	observation by naked eye
肉絲 肉丝 [01\[ ròu sī\]]	shredded meat;shredded pork (on menus)
肉豆蔻 肉豆蔻 [01\[ ròu dòu kòu\]]	nutmeg (myristica fragrans houtt);mace;myristicaceae (family of plants producing aromatic or halucinogenic oils)
肉豆蔻料 肉豆蔻料 [01\[ ròu dòu kòu kè\]]	myristicaceae (family of plants producing aromatic or halucinogenic oils
肉質 肉质 [01\[ ròu zhì\]]	quality of meat;succulent (bot.)
肉質根 肉质根 [01\[ ròu zhì gēn\]]	succulent root (bot.)
肉身 肉身 [01\[ ròu shēn\]]	corporeal body
肉類 肉类 [01\[ ròu lèi\]]	meat
肉食動物 肉食动物 [01\[ ròu shí dòng wù\]]	carnivore
肉餅 肉饼 [01\[ ròu bǐng\]]	meat patty
肉餡 肉馅 [01\[ ròu xiàn\]]	ground meat;mincemeat
肉體 肉体 [01\[ ròu tǐ\]]	physical body
肉鬆 肉松 [01\[ ròu sōng\]]	rousong;meat floss
肉麻 肉麻 [01\[ ròu má\]]	corny;nauseating;disgusting;ugly
肋 肋 [01\[ lèi\]]	rib;taiwan pr. le4
肋間肌 肋间肌 [01\[ lèi jiàn jī\]]	intercostal muscle (between ribs)
肋骨 肋骨 [01\[ lèi gǔ\]]	rib
肌 肌 [01\[ jī\]]	flesh;muscle
肌動蛋白 肌动蛋白 [01\[ jī dòng dàn bái\]]	actin
肌原纖維 肌原纤维 [01\[ jī yuán xiān wéi\]]	myofibril
肌肉 肌肉 [01\[ jī ròu\]]	muscle;flesh
肌肉發達 肌肉发达 [01\[ jī ròu fā dá\]]	muscular
肌肉萎縮症 肌肉萎缩症 [01\[ jī ròu wēi suǒ zhèng\]]	muscular dystrophy
肌腱 肌腱 [01\[ jī jiàn\]]	(anatomy) tendon;hamstrings
肌體 肌体 [01\[ jī tǐ\]]	organism
肏 肏 [01\[ cào\]]	copulate;(curse) to fuck
肏屄 肏屄 [01\[ cào bī\]]	to fuck
肏蛋 肏蛋 [01\[ cào dàn\]]	satan (loan);devil;fuck;damn it!
肐 肐 [01\[ gē\]]	armpit
肓 肓 [01\[ huāng\]]	region between heart and diaphragm
肕 肕 [01\[ rèn\]]	tough
肖 肖 [01\[ xiào\]]	similar;resembling;to resemble;to be like
肖伯納 肖伯纳 [01\[ xiào bó nà\]]	bernard shaw (1856-1950)
肖像 肖像 [01\[ xiào xiàng\]]	portrait
肖揚 肖扬 [01\[ xiào yáng\]]	xiao yang
肘 肘 [01\[ zhǒu\]]	elbow;pork shoulder
肘腋 肘腋 [01\[ zhǒu yè\]]	lit. armpit;elbow and armpit;fig. right up close (to a disaster);in one's backyard;on one's doorstep
肙 肙 [01\[ yuān\]]	a small worm;to twist;to surround;empty
肚 肚 [01\[ dǔ\]]	tripe
肚 肚 [01\[ dù\]]	belly
肚兜 肚兜 [01\[ dù dōu\]]	an undergarment covering chest and abdomen
肚子 肚子 [01\[ dù zi\]]	belly;abdomen;stomach
肚子痛 肚子痛 [01\[ dù zi tòng\]]	stomach ache;belly-ache
肚痛 肚痛 [01\[ dù tòng\]]	stomach ache
肚皮舞 肚皮舞 [01\[ dù pí wǔ\]]	belly-dancing
肚腹 肚腹 [01\[ dǔ fù\]]	belly
肚臍 肚脐 [01\[ dù qí\]]	navel
肛 肛 [01\[ gāng\]]	anus
肛交 肛交 [01\[ gāng jiāo\]]	sodomy;anal intercourse
肛門 肛门 [01\[ gāng mén\]]	anus
肛門直腸 肛门直肠 [01\[ gāng mén zhí cháng\]]	rectum (anat.)
肜 肜 [01\[ róng\]]	surname rong
肝 肝 [01\[ gān\]]	liver
肝炎 肝炎 [01\[ gān yán\]]	hepatitis
肝癌 肝癌 [01\[ gān ái\]]	liver cancer
肝硬化 肝硬化 [01\[ gān yìng huà\]]	cirrhosis
肝腸寸斷 肝肠寸断 [01\[ gān cháng cùn duàn\]]	lit. liver and guts cut to pieces (成语 saw); broken hearted;all cut up
肝臟 肝脏 [01\[ gān zàng\]]	liver
肟 肟 [01\[ wò\]]	oxime (chem.);oximide;-oxil
股 股 [01\[ gǔ\]]	share;portion;section;part;thigh;(classifier for smells
股份 股份 [01\[ gǔ fèn\]]	a share (in a company);stock
股份公司 股份公司 [01\[ gǔ fèn gōng sī\]]	joint-stock company
股份制 股份制 [01\[ gǔ fèn zhì\]]	(a company) based on share-holding
股價 股价 [01\[ gǔ jià\]]	stock price;share price
股市 股市 [01\[ gǔ shì\]]	stock market
股息 股息 [01\[ gǔ xī\]]	dividend
股本 股本 [01\[ gǔ běn\]]	capital stock;investment
股本金比率 股本金比率 [01\[ gǔ běn jīn bǐ lǜ\]]	equity ratio
股東 股东 [01\[ gǔ dōng\]]	stockholder
股權 股权 [01\[ gǔ quán\]]	equity shares;stock right
股民 股民 [01\[ gǔ mín\]]	the investors;a shareholder
股癬 股癣 [01\[ gǔ xuǎn\]]	tinea cruris
股票 股票 [01\[ gǔ piào\]]	share;stock (market)
股票交易所 股票交易所 [01\[ gǔ piào jiāo yì suǒ\]]	stock exchange
股票代號 股票代号 [01\[ gǔ piào dài hào\]]	ticker symbol (to identify share coupon)
股票市場 股票市场 [01\[ gǔ piào shì chǎng\]]	stock market;stock exchange
股集资 股集資 [01\[ gǔ jí zī\]]	share issue
股骨 股骨 [01\[ gǔ gǔ\]]	femur
肢 肢 [01\[ zhī\]]	limb
肢體 肢体 [01\[ zhī tǐ\]]	limbs
肥 肥 [01\[ féi\]]	loose-fitting;fat;fertile
肥力 肥力 [01\[ féi lì\]]	fertility (of soil)
肥厚 肥厚 [01\[ féi hòu\]]	plump;fleshy;fertile
肥城 肥城 [01\[ féi chéng\]]	(n) feicheng (city in shandong)
肥壯 肥壮 [01\[ féi zhuàng\]]	stout and strong
肥大 肥大 [01\[ féi dà\]]	loose fitting clothes;fat;stout;swelling (of internal organ);hypertrophy
肥實 肥实 [01\[ féi shí\]]	plump (of fruit);fat (of meat);fertile (of land)
肥效 肥效 [01\[ féi xiào\]]	effectiveness of fertilizer
肥料 肥料 [01\[ féi liào\]]	fertilizer;manure
肥東 肥东 [01\[ féi dōng\]]	(n) feidong (place in anhui)
肥沃 肥沃 [01\[ féi wò\]]	fertile
肥田粉 肥田粉 [01\[ féi tián fěn\]]	ammonium sulfate fertilizer
肥皂 肥皂 [01\[ féi zào\]]	soap
肥皂劇 肥皂剧 [01\[ féi zào jù\]]	soap opera
肥皂沫 肥皂沫 [01\[ féi zào mò\]]	soapy lather;foam
肥皂泡 肥皂泡 [01\[ féi zào pào\]]	soap bubble
肥碩 肥硕 [01\[ féi shuò\]]	fleshy (fruit);plump;large and firm-fleshed (limbs
肥缺 肥缺 [01\[ féi quē\]]	lucrative post
肥美 肥美 [01\[ féi měi\]]	fertile;luxuriant;plump;rounded
肥肉 肥肉 [01\[ féi ròu\]]	fat (e.g. pork fat);fat meat
肥胖 肥胖 [01\[ féi pàng\]]	fat
肥胖症 肥胖症 [01\[ féi pàng zhèng\]]	obesity
肥腸 肥肠 [01\[ féi cháng\]]	pig-gut (large intestine used as foodstuff)
肥西 肥西 [01\[ féi xī\]]	(n) feixi (place in anhui)
肥鄉 肥乡 [01\[ féi xiāng\]]	(n) feixiang (place in hebei)
肥頭大耳 肥头大耳 [01\[ féi tóu dà ěr\]]	robust and prosperous (a compliment in former times);fat person (modern)
肥鮮 肥鲜 [01\[ féi xiān\]]	fresh and tender (of food);delicious
肩 肩 [01\[ jiān\]]	shoulder
肩胛骨 肩胛骨 [01\[ jiān jiǎ gǔ\]]	scapula;shoulder blade
肩膀 肩膀 [01\[ jiān bǎng\]]	shoulder
肩負 肩负 [01\[ jiān fù\]]	to shoulder (a burden);to bear;to suffer (a disadvantage)
肪 肪 [01\[ fáng\]]	animal fat
肫 肫 [01\[ zhūn\]]	gizzard
肭 肭 [01\[ nà\]]	see 膃肭|腽肭
肯 肯 [01\[ kěn\]]	to agree;to consent;to be ready (to do sth);willing
肯塔基 肯塔基 [01\[ kěn tǎ jī\]]	kentucky (us state)
肯塔基州 肯塔基州 [01\[ kěn tǎ jī zhōu\]]	kentucky
肯定 肯定 [01\[ kěn dìng\]]	to be sure;to be certain;sure;certain;definite;to confirm;to affirm;affirmative
肯定並例句 肯定并例句 [01\[ kěn dìng bìng lì jù\]]	active conjoined sentence
肯定句 肯定句 [01\[ kěn dìng jù\]]	affirmative sentence
肯尼亞 肯尼亚 [01\[ kěn ní yà\]]	kenya
肯尼迪 肯尼迪 [01\[ kěn ní dí\]]	kennedy (proper name)
肯尼迪航天中心 肯尼迪航天中心 [01\[ kěn ní dí háng tiān zhōng xīn\]]	kennedy space center
肯尼迪角 肯尼迪角 [01\[ kěn ní dí jiǎo\]]	cape kennedy (florida)
肯德基 肯德基 [01\[ kěn dé jī\]]	kfc;kentucky fried chicken
肯德基炸雞 肯德基炸鸡 [01\[ kěn dé jī zhá jī\]]	kentucky fried chicken (kfc)
肯普索恩 肯普索恩 [01\[ kěn pǔ suǒ ēn\]]	(dirk) kempthorne (us senator from idaho)
肱 肱 [01\[ gōng\]]	brachium;humerus
肱三頭肌 肱三头肌 [01\[ gōng sān tóu jī\]]	triceps brachii (back of the upper arm)
肱二頭肌 肱二头肌 [01\[ gōng èr tóu jī\]]	bicipital muscle;biceps
肱骨 肱骨 [01\[ gōng gǔ\]]	humerus
育 育 [01\[ yù\]]	nourish;to rear
育水 育水 [01\[ yù shuǐ\]]	name of river;old name of baihe 白河 in henan
育空 育空 [01\[ yù kōng\]]	yukon (canadian territory adjacent to alaska)
肴 肴 [01\[ yáo\]]	meat dishes;mixed viands
肵 肵 [01\[ jìn\]]	table
肸 肸 [01\[ xì\]]	giggle;scatter
肺 肺 [01\[ fèi\]]	lung
肺刺激性毒劑 肺刺激性毒剂 [01\[ fèi cì jī xìng dú jì\]]	lung irritant
肺氣腫 肺气肿 [01\[ fèi qì zhǒng\]]	emphysema
肺水腫 肺水肿 [01\[ fèi shuǐ zhǒng\]]	pulmonary edema
肺泡 肺泡 [01\[ fèi pào\]]	pulmonary alveolus
肺炎 肺炎 [01\[ fèi yán\]]	pneumonia;inflammation of the lungs
肺炎克雷伯氏菌 肺炎克雷伯氏菌 [01\[ fèi yán kè léi bó shì jūn\]]	klebsiella pnenmoniae
肺炎雙球菌 肺炎双球菌 [01\[ fèi yán shuāng qiú jūn\]]	diplococcus pneumoniae
肺炎黴漿菌 肺炎黴浆菌 [01\[ fèi yán méi jiāng jūn\]]	mycoplasma pneumoniae
肺病 肺病 [01\[ fèi bìng\]]	lung disease
肺癌 肺癌 [01\[ fèi ái\]]	lung cancer
肺結核 肺结核 [01\[ fèi jié hé\]]	tuberculosis;tb
肼 肼 [01\[ jǐng\]]	hydrazine
肽 肽 [01\[ tài\]]	peptide
肽單位 肽单位 [01\[ tài dān wèi\]]	peptide unit (on protein chain)
肽基 肽基 [01\[ tài jī\]]	peptide group;peptide unit
肽聚糖 肽聚糖 [01\[ tài jù táng\]]	peptidoglycan (pg) or murein (polymer of sugars and amino acids forming cell wall)
肽鍵 肽键 [01\[ tài jiàn\]]	peptide bond (chem.);peptide linkage;bond in protein between carboxyl radical and amino radical
肽鏈 肽链 [01\[ tài liàn\]]	peptide chain (chain of amino acids making up protein)
胂 胂 [01\[ shèn\]]	arsine
胃 胃 [01\[ wèi\]]	stomach
胃口 胃口 [01\[ wèi kǒu\]]	appetite
胃液 胃液 [01\[ wèi yè\]]	gastric fluid
胃炎 胃炎 [01\[ wèi yán\]]	gastritis
胃疼 胃疼 [01\[ wèi téng\]]	stomach-ache
胃病 胃病 [01\[ wèi bìng\]]	stomach trouble;stomach illness
胃痛 胃痛 [01\[ wèi tòng\]]	stomachache
胃酸 胃酸 [01\[ wèi suān\]]	gastric acid
胄 胄 [01\[ zhòu\]]	descendants
胊 胊 [01\[ qú\]]	yoke
背 背 [01\[ bēi\]]	to be burdened;to carry on the back or shoulder
背 背 [01\[ bèi\]]	the back of a body or object;to turn one's back;to hide something from;to learn by heart;to recite from memory
背井離鄉 背井离乡 [01\[ bèi jǐng lí xiāng\]]	to leave one's native place
背信 背信 [01\[ bèi xìn\]]	to break faith
背信棄義 背信弃义 [01\[ bèi xìn qì yì\]]	to break faith with sb;perfidious
背側 背侧 [01\[ bèi cè\]]	back;back side
背光 背光 [01\[ bèi guāng\]]	be in a poor light;do something with one's back to the light;stand in one's own light
背包 背包 [01\[ bēi bāo\]]	knapsack;rucksack;infantry pack;field pack;blanket roll
背包袱 背包袱 [01\[ bēi bāo fú\]]	have a weight on one's mind;take on a mental burden
背叛 背叛 [01\[ bèi pàn\]]	betray;forsake
背叛者 背叛者 [01\[ bèi pàn zhě\]]	traitor
背地風 背地风 [01\[ bèi dì fēng\]]	behind sb's back;privately;on the sly
背城借一 背城借一 [01\[ bèi chéng jiè yī\]]	to make a last-ditch stand before the city wall (成语 saw); to fight to the last ditch;to put up a desperate struggle
背帶 背带 [01\[ bēi dài\]]	braces;suspenders;sling (for a rifle);straps (for a knapsack)
背影 背影 [01\[ bèi yǐng\]]	a view of sb's back;a figure viewed from behind
背後 背后 [01\[ bèi hòu\]]	behind;at the back;in the rear;behind sb's back
背心 背心 [01\[ bèi xīn\]]	a sleeveless garment
背斜 背斜 [01\[ bèi xié\]]	anticline (geol.
背景 背景 [01\[ bèi jǐng\]]	background;backdrop
背書 背书 [01\[ bèi shū\]]	to repeat a lesson;to learn by heart;to endorse a check
背棄 背弃 [01\[ bèi qì\]]	abandon;desert;renounce
背水一戰 背水一战 [01\[ bèi shuǐ yī zhàn\]]	lit. fight with one's back to the river (成语 saw); fig. to fight to win or die
背簍 背篓 [01\[ bēi lǒu\]]	a basket carried on the back
背約 背约 [01\[ bèi yuē\]]	break an agreement;go back on one's word;fail to keep one's promise
背脊 背脊 [01\[ bèi jǐ\]]	the back of the human body
背著手 背着手 [01\[ bèi zhe shǒu\]]	with one's hands clasped behind one's back
背誦 背诵 [01\[ bèi sòng\]]	recite;repeat from memory
背道而馳 背道而驰 [01\[ bèi dào ér chí\]]	run in the opposite direction;run counter to
背闊肌 背阔肌 [01\[ bèi kuò jī\]]	latissimus dorsi muscle (back of the chest)
背陰 背阴 [01\[ bèi yīn\]]	in the shade;shady
背離 背离 [01\[ bèi lí\]]	deviate from;depart from
背面 背面 [01\[ bèi miàn\]]	the back;the reverse side;the wrong side
背骨 背骨 [01\[ bèi gǔ\]]	spine
背黑鍋 背黑锅 [01\[ bēi hēi guō\]]	to be made a scapegoat;be unjustly blamed
胍 胍 [01\[ guā\]]	guanidine
胎 胎 [01\[ tāi\]]	fetus;litter;tire (of a wheel); abbr. of 輪胎|轮胎
胎兒 胎儿 [01\[ tāi ér\]]	the unborn child;fetus;embryo
胎盤 胎盘 [01\[ tāi pán\]]	placenta
胎面 胎面 [01\[ tāi miàn\]]	surface of tire;tread (of tire)
胏 胏 [01\[ zǐ\]]	dried meat with bone
胑 胑 [01\[ zhī\]]	wings of birds;legs of animals
胔 胔 [01\[ zì\]]	rotten meat;bones of dead animal
胖 胖 [01\[ pàng\]]	fat;plump
胖乎乎 胖乎乎 [01\[ pàng hū hū\]]	chubby
胖人 胖人 [01\[ pàng rén\]]	overweight person;fatty
胖子 胖子 [01\[ pàng zi\]]	fat person;fatty
胗 胗 [01\[ zhēn\]]	gizzard
胙 胙 [01\[ zuò\]]	confer upon;sacrificial flesh
胚 胚 [01\[ pēi\]]	fetus
胚層 胚层 [01\[ pēi céng\]]	germ layer;layer of tissue in embryology
胚珠 胚珠 [01\[ pēi zhū\]]	ovule
胚胎 胚胎 [01\[ pēi tāi\]]	embryo
胚胎學 胚胎学 [01\[ pēi tāi xué\]]	embryology
胚胎發生 胚胎发生 [01\[ pēi tāi fā shēng\]]	embryogenesis
胛 胛 [01\[ jiǎ\]]	shoulder blade
胝 胝 [01\[ zhī\]]	callous
胞 胞 [01\[ bāo\]]	the placenta;womb
胞嘧啶 胞嘧啶 [01\[ bāo mì dìng\]]	cytosine nucleotide (c
胞藻 胞藻 [01\[ bāo zǎo\]]	algae
胞衣 胞衣 [01\[ bāo yī\]]	afterbirth
胠 胠 [01\[ qū\]]	flank of animal;open
胡 胡 [01\[ hú\]]	beard;what?
胡亂 胡乱 [01\[ hú luàn\]]	carelessly;recklessly
胡作非為 胡作非为 [01\[ hú zuò fēi wéi\]]	to run amok (成语 saw); to commit outrages
胡佳 胡佳 [01\[ hú jiā\]]	hu jia (1974-)
胡來 胡来 [01\[ hú lái\]]	to act arbitrarily regardless of the rules;to mess with sth;to make a hash of things;to cause trouble
胡克 胡克 [01\[ hú kè\]]	hook or hooke (name);robert hooke (1635-1703)
胡克定律 胡克定律 [01\[ hú kè dìng lǜ\]]	hooke's law
胡吃海喝 胡吃海喝 [01\[ hú chī hǎi hē\]]	to eat and drink gluttonously;to pig out
胡吹 胡吹 [01\[ hú chuī\]]	to boast wildly
胡天 胡天 [01\[ hú tiān\]]	zoroastrianism
胡夫 胡夫 [01\[ hú fū\]]	khufu (pharoah
胡志強 胡志强 [01\[ hú zhì qiáng\]]	jason hu (taiwan foreign minister)
胡志明 胡志明 [01\[ hú zhì míng\]]	ho chi minh (vietnamese leader
胡志明市 胡志明市 [01\[ hú zhì míng shì\]]	ho chi minh city;saigon
胡思亂想 胡思乱想 [01\[ hú sī luàn xiǎng\]]	to indulge in flights of fancy (成语 saw); to let one's imagination run wild;to have a bee in one's bonnet;unrealistic utopian fantasy
胡扯 胡扯 [01\[ hú chě\]]	to chatter;nonsense;blather
胡扯八溜 胡扯八溜 [01\[ hú chě bā liū\]]	to talk nonsense
胡扯淡 胡扯淡 [01\[ hú chě dàn\]]	nonsense;irresponsible patter
胡桃 胡桃 [01\[ hú táo\]]	walnut
胡椒 胡椒 [01\[ hú jiāo\]]	pepper
胡椒薄荷 胡椒薄荷 [01\[ hú jiāo bò he\]]	peppermint
胡樂 胡乐 [01\[ hú yuè\]]	hu music;central asian music (e.g. as appreciated by tang literati)
胡涂 胡涂 [01\[ hú tu\]]	muddled;silly;confused;also written 糊涂
胡涂虫 胡涂虫 [01\[ hú tu chóng\]]	blunderer;bungler;also written 糊涂虫
胡溫新政 胡温新政 [01\[ hú wēn xīn zhèng\]]	hu jintao and wen jiabao new politics
胡琴 胡琴 [01\[ hú qin\]]	huqin;family of chinese two-stringed fiddles
胡琴兒 胡琴儿 [01\[ hú qín er\]]	family of chinese two-stringed fiddles
胡編亂造 胡编乱造 [01\[ hú biān luàn zào\]]	reckless invention;a cock and bull story
胡纏 胡缠 [01\[ hú chán\]]	to pester;to involve sb unreasonably
胡耀邦 胡耀邦 [01\[ hú yào bāng\]]	hu yaobang (1915-1989)
胡芫 胡芫 [01\[ hú yuán\]]	coriander
胡荽 胡荽 [01\[ hú suī\]]	coriander
胡蘆巴 胡芦巴 [01\[ hú lú bā\]]	fenugreek
胡蘿卜 胡萝卜 [01\[ hú luó bo\]]	carrot
胡蘿蔔素 胡萝卜素 [01\[ hú luó bo sù\]]	carotene
胡說 胡说 [01\[ hú shuō\]]	talk nonsense;drivel
胡說八道 胡说八道 [01\[ hú shuō bā dào\]]	to talk rubbish
胡適 胡适 [01\[ hú shì\]]	hu shi (1891-1962)
胡錦濤 胡锦涛 [01\[ hú jǐn tāo\]]	hu jintao (1942-)
胡鬧 胡闹 [01\[ hú nào\]]	to act willfully and make a scene
胡麻籽 胡麻籽 [01\[ hú má zǐ\]]	sesame seed
胤 胤 [01\[ yìn\]]	heir;inherit
胥 胥 [01\[ xū\]]	all;assist;to store;surname xu
胦 胦 [01\[ yāng\]]	the navel
胭 胭 [01\[ yān\]]	rouge
胭脂 胭脂 [01\[ yān zhī\]]	rouge
胭脂魚 胭脂鱼 [01\[ yān zhī yú\]]	mullet
胯 胯 [01\[ kuà\]]	thigh;leg
胯下之辱 胯下之辱 [01\[ kuà xià zhī rǔ\]]	lit. forced to crawl between sb's legs as humiliation (成语 saw);humiliation
胰 胰 [01\[ yí\]]	soap;pancreas
胰島 胰岛 [01\[ yí dǎo\]]	pancreas
胰島素 胰岛素 [01\[ yí dǎo sù\]]	insulin
胰液 胰液 [01\[ yí yè\]]	pancreatic fluid
胰腺 胰腺 [01\[ yí xiàn\]]	pancreas
胰臟 胰脏 [01\[ yí zàng\]]	pancreas
胱 胱 [01\[ guāng\]]	bladder
胲 胲 [01\[ hǎi\]]	hydroxylamine
胳 胳 [01\[ gē\]]	armpit
胳肢 胳肢 [01\[ gé zhi\]]	tickle
胳肢窩 胳肢窝 [01\[ gé zhi wō\]]	armpit
胳膊 胳膊 [01\[ gē bo\]]	arm
胳臂 胳臂 [01\[ gē bei\]]	arm
胴 胴 [01\[ dòng\]]	large intestine;torso
胸 胸 [01\[ xiōng\]]	chest;bosom;heart;mind;thorax
胸中 胸中 [01\[ xiōng zhōng\]]	one's mind
胸口 胸口 [01\[ xiōng kǒu\]]	pit of the stomach
胸噎 胸噎 [01\[ xiōng yē\]]	thoracic choke (animal harness)
胸圍 胸围 [01\[ xiōng wéi\]]	chest measurement;bust
胸大肌 胸大肌 [01\[ xiōng dà jī\]]	pectoralis major muscle (across the top of the chest)
胸寬 胸宽 [01\[ xiōng kuān\]]	width of chest
胸廓 胸廓 [01\[ xiōng kuò\]]	thorax
胸悶 胸闷 [01\[ xiōng mēn\]]	chest pain;chest distress
胸懷 胸怀 [01\[ xiōng huái\]]	one's bosom (the seat of emotions);breast;broad-minded and open;to think about;to cherish
胸有成竹 胸有成竹 [01\[ xiōng yǒu chéng zhú\]]	to plan in advance (成语 saw); a card up one's sleeve;forewarned is forearmed
胸椎 胸椎 [01\[ xiōng zhuī\]]	thoracic vertebra;the twelve thoracic vertebras behind the ribcage of humans and most mammals
胸槽 胸槽 [01\[ xiōng cáo\]]	cleavage (hollow between a woman's breasts)
胸牆 胸墙 [01\[ xiōng qiáng\]]	parapet;defensive wall;breastwork
胸甲 胸甲 [01\[ xiōng jiǎ\]]	breastplate
胸章 胸章 [01\[ xiōng zhāng\]]	lapel badge
胸罩 胸罩 [01\[ xiōng zhào\]]	brassiere (underwear);bra
胸肉 胸肉 [01\[ xiōng ròu\]]	brisket
胸脅 胸胁 [01\[ xiōng xié\]]	chest and hypochondrium;upper part of the body
胸脯 胸脯 [01\[ xiōng pú\]]	chest
胸腔 胸腔 [01\[ xiōng qiāng\]]	thoracic cavity
胸腺 胸腺 [01\[ xiōng xiàn\]]	thymus
胸腺嘧啶 胸腺嘧啶 [01\[ xiōng xiàn mì dìng\]]	thymine nucleotide (t
胸膛 胸膛 [01\[ xiōng táng\]]	chest
胸膜 胸膜 [01\[ xiōng mó\]]	pleural cavity (part of thorax containing lungs)
胸膜炎 胸膜炎 [01\[ xiōng mó yán\]]	plurisy
胸臆 胸臆 [01\[ xiōng yì\]]	inner feelings;what is deep in one's heart
胸襟 胸襟 [01\[ xiōng jīn\]]	lapel of jacket;heart;aspiration;vision
胸部 胸部 [01\[ xiōng bù\]]	chest
胸針 胸针 [01\[ xiōng zhēn\]]	brooch
胸音 胸音 [01\[ xiōng yīn\]]	chest voice
胸骨 胸骨 [01\[ xiōng gǔ\]]	sternum;breastbone
胹 胹 [01\[ ér\]]	overcooked;soft
胺 胺 [01\[ àn\]]	amine
胺基酸 胺基酸 [01\[ àn jī suān\]]	amino acid;also written 氨基酸
胻 胻 [01\[ héng\]]	calf (lower leg);(arch.) belly
胼 胼 [01\[ pián\]]	callous on hand or foot
胼胝 胼胝 [01\[ pián zhī\]]	callus
胼胝體 胼胝体 [01\[ pián zhī tǐ\]]	corpus callosum
能 能 [01\[ néng\]]	can;may;capable;energy;able;surname neng
能上能下 能上能下 [01\[ néng shàng néng xià\]]	ready to take any job
能不能 能不能 [01\[ néng bù néng\]]	can or cannot?;is it possible?;can we do it?
能事 能事 [01\[ néng shì\]]	particular abilities;one's forte
能人 能人 [01\[ néng rén\]]	capable person
能伸能屈 能伸能屈 [01\[ néng shēn néng qū\]]	flexible;ready to give and take
能力 能力 [01\[ néng lì\]]	capability;capable;able;ability
能力素質 能力素质 [01\[ néng lì sù zhì\]]	quality of capabilities (in ideological education)
能否 能否 [01\[ néng fǒu\]]	whether or not;can it or can't it;is it possible?
能夠 能够 [01\[ néng gòu\]]	be capable of;can;is able
能幹 能干 [01\[ néng gàn\]]	capable;competent
能彀 能彀 [01\[ néng gòu\]]	able to do sth;in a position to do sth;same as 能夠|能够
能愿動詞 能愿动词 [01\[ néng yuán dòng cí\]]	optative verb (能
能手 能手 [01\[ néng shǒu\]]	expert
能歌善舞 能歌善舞 [01\[ néng gē shàn wǔ\]]	(saying) good at singing and dancing
能源 能源 [01\[ néng yuán\]]	energy;power source
能源危機 能源危机 [01\[ néng yuán wēi jī\]]	energy crisis
能級 能级 [01\[ néng jí\]]	energy level
能耐 能耐 [01\[ néng nài\]]	ability;capability
能見度 能见度 [01\[ néng jiàn dù\]]	visibility
能詩善文 能诗善文 [01\[ néng shī shàn wén\]]	highly literate;lit. capable at poetry
能說會道 能说会道 [01\[ néng shuō huì dào\]]	can talk really well (成语 saw); the gift of the gab
能量 能量 [01\[ néng liàng\]]	energy;capabilities
能量守恆 能量守恒 [01\[ néng liàng shǒu héng\]]	conservation of energy
能量守恆定律 能量守恒定律 [01\[ néng liàng shǒu héng dìng lǜ\]]	the law of conservation of energy
胾 胾 [01\[ zì\]]	cut meat into pieces;diced meat
脂 脂 [01\[ zhī\]]	fat
脂肪 脂肪 [01\[ zhī fáng\]]	body fat
脂肪肝 脂肪肝 [01\[ zhī fáng gān\]]	fatty liver
脂肪酸 脂肪酸 [01\[ zhī fáng suān\]]	fatty acid
脂蛋白 脂蛋白 [01\[ zhī dàn bái\]]	lipoprotein
脂質體 脂质体 [01\[ zhī zhì tǐ\]]	liposome (bilayer lipid vesicle)
脅 胁 [01\[ xié\]]	side of body;threaten
脅迫 胁迫 [01\[ xié pò\]]	coerce;compel
脆 脆 [01\[ cuì\]]	brittle;fragile;crisp;crunchy;clear and loud voice;neat
脆弱 脆弱 [01\[ cuì ruò\]]	weak;frail
脆片 脆片 [01\[ cuì piàn\]]	chip
脆穀樂 脆谷乐 [01\[ cuì gǔ lè\]]	cheerios (breakfast cereal)
脆脆 脆脆 [01\[ cuì cuì\]]	crispy
脇 脇 [01\[ xié\]]	variant of 脅|胁;side of the human body
脈 脉 [01\[ mài\]]	mountain range;pulse
脈動 脉动 [01\[ mài dòng\]]	pulse;throbbing;pulsation
脈口 脉口 [01\[ mài kǒu\]]	location on wrist over the radial artery where pulse is taken in traditional chinese medicine
脈壓 脉压 [01\[ mài yā\]]	blood pressure
脈息 脉息 [01\[ mài xī\]]	pulse
脈搏 脉搏 [01\[ mài bó\]]	pulse;throbbing
脈案 脉案 [01\[ mài àn\]]	medical record
脈欂 脉欂 [01\[ mài bó\]]	beating (of heart)
脈沖 脉冲 [01\[ mài chōng\]]	pulsation (in electric currents);periodic variations
脈沖星 脉冲星 [01\[ mài chōng xīng\]]	pulsar
脈石 脉石 [01\[ mài shí\]]	veinstone (stone containing a vein of precious metal)
脈管 脉管 [01\[ mài guǎn\]]	vascular (made up of vessels)
脈管組織 脉管组织 [01\[ mài guǎn zǔ zhī\]]	vascular tissue
脈絡 脉络 [01\[ mài luò\]]	arteries and veins in general;network of blood vessels;fig. the general scheme of things
脈絡膜 脉络膜 [01\[ mài luò mó\]]	choroid (anat. vascular layer between sclera and retina)
脈衝星 脉冲星 [01\[ mài chōng xīng\]]	(astr.) pulsar
脈診 脉诊 [01\[ mài zhěn\]]	to feel pulse
脈象 脉象 [01\[ mài xiàng\]]	condition or type of pulse (in chinese medicine)
脈門 脉门 [01\[ mài mén\]]	pulse (in chinese medicine)
脊 脊 [01\[ jǐ\]]	spine;back;ridge
脊柱 脊柱 [01\[ jǐ zhù\]]	spinal column;columna vertebralis
脊椎 脊椎 [01\[ jǐ zhuī\]]	vertebra;backbone
脊椎動物 脊椎动物 [01\[ jǐ zhuī dòng wù\]]	vertebrate
脊椎動物門 脊椎动物门 [01\[ jǐ zhuī dòng wù mén\]]	vertebrata
脊椎骨 脊椎骨 [01\[ jǐ zhuī gǔ\]]	vertebra
脊樑 脊梁 [01\[ jǐ liang\]]	backbone;spine
脊樑骨 脊梁骨 [01\[ jǐ liang gǔ\]]	backbone
脊索 脊索 [01\[ jǐ suǒ\]]	notochord (internal skeletal rod in primitive fish)
脊索動物 脊索动物 [01\[ jǐ suǒ dòng wù\]]	chordata
脊索動物門 脊索动物门 [01\[ jǐ suǒ dòng wù mén\]]	chordata
脊線 脊线 [01\[ jǐ xiàn\]]	ridge line
脊肋 脊肋 [01\[ jǐ lèi\]]	ribcage
脊背 脊背 [01\[ jǐ bèi\]]	back
脊骨 脊骨 [01\[ jí gǔ\]]	backbone
脊髓 脊髓 [01\[ jǐ suǐ\]]	spinal chord
脊髓灰質炎 脊髓灰质炎 [01\[ jí suǐ huī zhì yán\]]	poliomyelitis
脑溢血 脑溢血 [01\[ nǎo yì xuè\]]	a cerebral hemorrhage;a stroke
脖 脖 [01\[ bó\]]	neck
脖子 脖子 [01\[ bó zi\]]	neck
脖領 脖领 [01\[ bó lǐng\]]	shirt collar
脖頸兒 脖颈儿 [01\[ bó jǐng er\]]	back of the neck;nape
脘 脘 [01\[ guǎn\]]	internal cavity of stomach
脛 胫 [01\[ jìng\]]	lower part of leg
脝 脝 [01\[ hēng\]]	fat;bloated
脞 脞 [01\[ cuǒ\]]	chopped meat;trifles
脡 脡 [01\[ tǐng\]]	brisket meat;straight
脢 脢 [01\[ méi\]]	meat on the back of an animal
脣 脣 [01\[ chún\]]	lip
脤 脤 [01\[ shèn\]]	sacrificial meat (raw)
脥 脥 [01\[ qiǎn\]]	pelvic cavity;lower abdomen
脧 脧 [01\[ juān\]]	fleece;extort;reduce
脩 脩 [01\[ xiū\]]	cultivate;repair;teacher's pay
脫 脱 [01\[ tuō\]]	to shed;to take off;to escape;to get away from
脫下 脱下 [01\[ tuō xià\]]	to take off (clothing)
脫光 脱光 [01\[ tuō guāng\]]	strip naked;strip nude
脫去 脱去 [01\[ tuō qù\]]	throw off
脫口 脱口 [01\[ tuō kǒu\]]	to blurt out
脫口而出 脱口而出 [01\[ tuō kǒu ér chū\]]	to blurt out;to let slip (an indiscreet remark)
脫手 脱手 [01\[ tuō shǒu\]]	(not of regular commerce) to sell or dispose of (goods etc)
脫掉 脱掉 [01\[ tuō diào\]]	strip off
脫毛 脱毛 [01\[ tuō máo\]]	to lose hair or feathers;molt;depilation;to shave
脫毛劑 脱毛剂 [01\[ tuō máo jì\]]	depilatory medicine
脫氧 脱氧 [01\[ tuō yǎng\]]	deoxidation
脫氧核糖 脱氧核糖 [01\[ tuō yǎng hé táng\]]	deoxyribose
脫氧核糖核酸 脱氧核糖核酸 [01\[ tuō yǎng hé táng hé suān\]]	dna
脫氧核苷酸 脱氧核苷酸 [01\[ tuō yǎng hé gān suān\]]	deoxyribonucleoside monophosphate;dnmp
脫氧脫糖核酸 脱氧脱糖核酸 [01\[ tuō yǎng tuō táng hé suān\]]	deoxyribonucleic acid (dna)
脫氫 脱氢 [01\[ tuō qīng\]]	dehydrogenation (removing hydrogen from organic compounds);opposite of hydrogenation 氰化
脫水 脱水 [01\[ tuō shuǐ\]]	to dry out;to extract water;dehydration;dehydrated;desiccation
脫水機 脱水机 [01\[ tuō shuǐ jī\]]	a device for extracting water (such as a centrifuge)
脫溶 脱溶 [01\[ tuō róng\]]	to precipitate (solid from a solution)
脫漏 脱漏 [01\[ tuō lòu\]]	omission;to leave out;missing
脫穎而出 脱颖而出 [01\[ tuō yǐng ér chū\]]	lit. a sharp point sticks out (成语 saw); fig. talent will reveal itself
脫節 脱节 [01\[ tuō jié\]]	to come apart
脫線 脱线 [01\[ tuō xiàn\]]	derailment;to jump the track (of train);to derail
脫脂 脱脂 [01\[ tuō zhī\]]	to remove fat;to skim (milk)
脫脫 脱脱 [01\[ tuō tuō\]]	toktoghan (1314-1355)
脫色劑 脱色剂 [01\[ tuō sè jì\]]	bleaching agent;decolorant
脫落 脱落 [01\[ tuō luò\]]	to omit;missing;to drop;to cut out;to shed
脫衣服 脱衣服 [01\[ tuō yī fú\]]	undress
脫軌 脱轨 [01\[ tuō guǐ\]]	leave the rails;derail;jump the track
脫逃 脱逃 [01\[ tuō táo\]]	to run away;to escape
脫鉤 脱钩 [01\[ tuō gōu\]]	to be out of touch
脫開 脱开 [01\[ tuō kāi\]]	to withdraw
脫險 脱险 [01\[ tuō xiǎn\]]	to escape (danger);to rescue;to come out alive
脫離 脱离 [01\[ tuō lí\]]	separate;break away
脫韁 脱缰 [01\[ tuō jiāng\]]	to throw off the reins;runaway (horse);fig. out of control
脫韁之馬 脱缰之马 [01\[ tuō jiāng zhī mǎ\]]	lit. a horse that has thrown off the reins (成语 saw); runaway horse;out of control
脫髮 脱发 [01\[ tuō fà\]]	baldness;to lose hair or feathers;to molt;depilation
脬 脬 [01\[ pāo\]]	bladder
脯 脯 [01\[ fǔ\]]	dried meat;preserved fruit
脯 脯 [01\[ pú\]]	chest;breast
脯子 脯子 [01\[ pú zi\]]	breast meat (of chicken etc)
脯氨酸 脯氨酸 [01\[ pú ān suān\]]	proline (pro)
脰 脰 [01\[ dòu\]]	neck;throat
脱臼 脱臼 [01\[ tuō jiù\]]	dislocation (of a joint)
脱貧 脫贫 [01\[ tuō pín\]]	to escape poverty
脲 脲 [01\[ niào\]]	carbamide;urea (nh2)2co;also written 尿素
脲醛 脲醛 [01\[ niào quán\]]	urea formaldehyde
脳 脳 [01\[ nǎo\]]	japanese variant of 腦|脑
脹 胀 [01\[ zhàng\]]	dropsical;swollen;to swell;to be bloated
脹大 胀大 [01\[ zhàng dà\]]	swollen
脹起 胀起 [01\[ zhàng qǐ\]]	bulge
脾 脾 [01\[ pí\]]	spleen
脾氣 脾气 [01\[ pí qì\]]	temperament;disposition;temper
脾臟 脾脏 [01\[ pí zàng\]]	spleen
腆 腆 [01\[ tiǎn\]]	make strong (as liquors);virtuous
腈 腈 [01\[ jīng\]]	acrylic
腈綸 腈纶 [01\[ jīng lún\]]	acrylic fibre
腊 腊 [01\[ là\]]	preserved (meat)
腋 腋 [01\[ yè\]]	armpit;axil (bot.
腋毛 腋毛 [01\[ yè máo\]]	armpit hair
腋生 腋生 [01\[ yè shēng\]]	axillary (bot.);budding in the angle between branch and stem
腋窩 腋窝 [01\[ yè wō\]]	armpit
腋臭 腋臭 [01\[ yè chòu\]]	armpit odor;underarm stink
腋芽 腋芽 [01\[ yè yá\]]	axillary bud;bud growing from axil of plant
腌漬 腌渍 [01\[ yān zì\]]	to pickle;cured;salted
腌臢 腌臜 [01\[ ā zā\]]	dirty;filthy;awkward;disgusting;nauseating
腌製 腌制 [01\[ yān zhì\]]	marinated;to make by pickling
腌貨 腌货 [01\[ yān huò\]]	pickles
腍 腍 [01\[ rěn\]]	be satiated;cooked;good-tasting
腎 肾 [01\[ shèn\]]	kidney
腎上腺 肾上腺 [01\[ shèn shàng xiàn\]]	adrenal glands
腎上腺皮質 肾上腺皮质 [01\[ shèn shàng xiàn pí zhì\]]	adrenal cortex
腎上腺素 肾上腺素 [01\[ shèn shàng xiàn sù\]]	adrenaline
腎上腺髓質 肾上腺髓质 [01\[ shèn shàng xiàn suǐ zhì\]]	adrenal medulla
腎炎 肾炎 [01\[ shèn yán\]]	kidney inflammation;nephritis
腎結石 肾结石 [01\[ shèn jié shí\]]	kidney stone
腎臟 肾脏 [01\[ shèn zàng\]]	kidney
腐 腐 [01\[ fǔ\]]	decay;rotten
腐乳 腐乳 [01\[ fǔ rǔ\]]	pickled tofu
腐刑 腐刑 [01\[ fǔ xíng\]]	castration (a form of punishment during the han period)
腐化 腐化 [01\[ fǔ huà\]]	to rot;to decay;to become corrupt
腐壞 腐坏 [01\[ fǔ huài\]]	rot
腐敗 腐败 [01\[ fǔ bài\]]	corruption;corrupt;rotten
腐敗罪 腐败罪 [01\[ fǔ bài zuì\]]	the crime of corruption
腐朽 腐朽 [01\[ fǔ xiǔ\]]	rotten;decayed;decadent;degenerate
腐爛 腐烂 [01\[ fǔ làn\]]	to rot;to become gangrenous
腐生蘭 腐生兰 [01\[ fǔ shēng lán\]]	cymbidium macrorrhizum lindl.
腐肉 腐肉 [01\[ fǔ ròu\]]	rotting flesh;carrion
腐臭 腐臭 [01\[ fǔ chòu\]]	rotten (smell);stinking;putrid
腐蝕 腐蚀 [01\[ fǔ shí\]]	corrosion;to corrode (degrade chemically);to rot;corruption
腐蝕劑 腐蚀剂 [01\[ fǔ shí jì\]]	a corrosive (chemical)
腑 腑 [01\[ fǔ\]]	internal organs
腒 腒 [01\[ jū\]]	dried poultry
腓 腓 [01\[ féi\]]	calf of leg;decay;protect
腓利門書 腓利门书 [01\[ féi lì mén shū\]]	epistle of st paul to philemon
腓力 腓力 [01\[ féi lì\]]	philip
腓尼基 腓尼基 [01\[ féi ní jī\]]	phoenician
腓特烈斯塔 腓特烈斯塔 [01\[ féi tè liè sī tǎ\]]	fredrikstad (city in østfold
腓立比 腓立比 [01\[ féi lì bǐ\]]	philip;philppi
腓立比書 腓立比书 [01\[ féi lì bǐ shū\]]	epistle of st paul to the philipians
腔 腔 [01\[ qiāng\]]	cavity of body;tune
腔腸動物 腔肠动物 [01\[ qiāng cháng dòng wù\]]	coelenterata (such as jellyfish)
腔調 腔调 [01\[ qiāng diào\]]	accent
腔隙 腔隙 [01\[ qiāng xì\]]	lacuna;gap
腕 腕 [01\[ wàn\]]	wrist
腕隧道症候群 腕隧道症候群 [01\[ wàn suì dào zhèng hòu qún\]]	carpal tunnel syndrome (pain in the hands due to pressure on the median nerve);median neuropathy at the wrist
腜 腜 [01\[ méi\]]	quickening of the fetus
腠 腠 [01\[ còu\]]	the tissue between the skin and the flesh
腥 腥 [01\[ xīng\]]	fishy (smell)
腦 脑 [01\[ nǎo\]]	brain
腦下垂體 脑下垂体 [01\[ nǎo xià chuí tǐ\]]	pituitary glands (at the base of the skull)
腦出血 脑出血 [01\[ nǎo chū xuè\]]	cerebral hemorrhage
腦力 脑力 [01\[ nǎo lì\]]	mental
腦力勞動 脑力劳动 [01\[ nǎo lì láo dòng\]]	mental labor;intellectual work
腦力激盪法 脑力激荡法 [01\[ nǎo lì jī dàng fǎ\]]	brain storming
腦功能特化 脑功能特化 [01\[ nǎo gōng néng tè huà\]]	specialization of brain function
腦回 脑回 [01\[ nǎo huí\]]	lobe of the brain
腦子 脑子 [01\[ nǎo zi\]]	brains;mind
腦島 脑岛 [01\[ nǎo dǎo\]]	insula
腦幹 脑干 [01\[ nǎo gàn\]]	brain stem
腦性麻痺 脑性麻痹 [01\[ nǎo xìng má bì\]]	cerebral palsy
腦成像技術 脑成像技术 [01\[ nǎo chéng xiàng jì shù\]]	brain imaging technique
腦橋 脑桥 [01\[ nǎo qiáo\]]	pons varolii (bundle of nerve fibers in the brain)
腦死亡 脑死亡 [01\[ nǎo sǐ wáng\]]	brain death
腦殻 脑壳 [01\[ nǎo ké\]]	skull
腦水腫 脑水肿 [01\[ nǎo shuǐ zhǒng\]]	hydrocephalus
腦海 脑海 [01\[ nǎo hǎi\]]	the mind;the brain
腦溝 脑沟 [01\[ nǎo gōu\]]	sulcus (groove or fissure dividing lobes of the brain)
腦炎 脑炎 [01\[ nǎo yán\]]	brain fever;encephalitis;meningitis
腦瘤 脑瘤 [01\[ nǎo liú\]]	brain tumor
腦神經 脑神经 [01\[ nǎo shén jīng\]]	cranial nerves
腦筋 脑筋 [01\[ nǎo jīn\]]	brains;mind;head;way of thinking
腦細胞 脑细胞 [01\[ nǎo xì bāo\]]	brain cell
腦脊液 脑脊液 [01\[ nǎo jí yè\]]	cerebrospinal fluid
腦膜 脑膜 [01\[ nǎo mó\]]	meninx;meninges;membranes lining the brain
腦膜炎 脑膜炎 [01\[ nǎo mó yán\]]	meningitis
腦血管屏障 脑血管屏障 [01\[ nǎo xuè guǎn píng zhàng\]]	blood brain barrier
腦袋 脑袋 [01\[ nǎo dài\]]	head;skull;brains;mental capability
腦門 脑门 [01\[ nǎo mén\]]	forehead
腦電圖 脑电图 [01\[ nǎo diàn tú\]]	electroencephalogram (eeg)
腦電圖版 脑电图版 [01\[ nǎo diàn tú bǎn\]]	electroencephalogram (eeg)
腦震蕩 脑震荡 [01\[ nǎo zhèn dàng\]]	(med.) cerebral concussion
腧 腧 [01\[ shù\]]	an acupoint;an (insertion) point in acupuncture
腧穴 腧穴 [01\[ shù xué\]]	an acupoint (insertion point in acupuncture)
腫 肿 [01\[ zhǒng\]]	swollen
腫塊 肿块 [01\[ zhǒng kuài\]]	swelling;growth;tumor;lump
腫大 肿大 [01\[ zhǒng dà\]]	swelling;enlargement;hypertrophy
腫瘤 肿瘤 [01\[ zhǒng liú\]]	tumor
腫瘤切除術 肿瘤切除术 [01\[ zhǒng liú qiè chú shù\]]	lumpectomy
腫瘤學 肿瘤学 [01\[ zhǒng liú xué\]]	oncology;study of tumors
腬 腬 [01\[ róu\]]	greasy (cantonese)
腮 腮 [01\[ sāi\]]	gills;lower part of cheeks
腮腺 腮腺 [01\[ sāi xiàn\]]	parotid gland;saliva gland in cheek
腮腺炎 腮腺炎 [01\[ sāi xiàn yán\]]	mumps
腯 腯 [01\[ tú\]]	fat (of pigs)
腰 腰 [01\[ yāo\]]	waist;lower back;pocket;middle
腰圍 腰围 [01\[ yāo wéi\]]	waist measurement;girth
腰子 腰子 [01\[ yāo zi\]]	kidney
腰帶 腰带 [01\[ yāo dài\]]	belt
腰果 腰果 [01\[ yāo guǒ\]]	cashew nuts
腰果雞丁 腰果鸡丁 [01\[ yāo guǒ jī dīng\]]	chicken with cashew nuts
腰椎 腰椎 [01\[ yāo zhuī\]]	lumbar vertebra (lower backbone)
腰椎間盤 腰椎间盘 [01\[ yāo zhuī jiān pán\]]	intervertebral disk
腰椎間盤突出 腰椎间盘突出 [01\[ yāo zhuī jiān pán tū chū\]]	slipped disc;vertebral herniation;prolapsed disc
腰椎間盤突出癥 腰椎间盘突出症 [01\[ yāo zhuī jiān pán tū chū zhèng\]]	herniated lumbar disc
腰纏萬貫 腰缠万贯 [01\[ yāo chán wàn guàn\]]	lit. ten thousand strings of cash in money belt (成语 saw); carrying lots of money;extremely wealthy;loaded
腰肉 腰肉 [01\[ yāo ròu\]]	loin
腰部 腰部 [01\[ yāo bù\]]	waist;small of the back
腱 腱 [01\[ jiàn\]]	gristle;cartilage
腱子 腱子 [01\[ jiàn zi\]]	sinew
腳 脚 [01\[ jiǎo\]]	foot;leg;base;kick
腳 脚 [01\[ jué\]]	role
腳下 脚下 [01\[ jiǎo xià\]]	under the foot
腳位 脚位 [01\[ jiǎo wèi\]]	foot position (in dance)
腳凳 脚凳 [01\[ jiǎo dèng\]]	footstool
腳印 脚印 [01\[ jiǎo yìn\]]	footprint
腳手架 脚手架 [01\[ jiǎo shǒu jià\]]	scaffolding
腳本 脚本 [01\[ jiǎo běn\]]	script
腳步 脚步 [01\[ jiǎo bù\]]	footstep;step
腳氣病 脚气病 [01\[ jiǎo qì bìng\]]	beriberi
腳誤 脚误 [01\[ jiǎo wù\]]	foot fault (tennis etc)
腳趾 脚趾 [01\[ jiǎo zhǐ\]]	toe
腳跟 脚跟 [01\[ jiǎo gēn\]]	heel
腳踏 脚踏 [01\[ jiǎo tà\]]	pedal
腳踏實地 脚踏实地 [01\[ jiǎo tà shí dì\]]	to have one's feet firmly planted on the ground (成语 saw); realistic without flights of fancy;steady and serious character
腳踏車 脚踏车 [01\[ jiǎo tà chē\]]	bicycle;bike (taiwan)
腳踝 脚踝 [01\[ jiǎo huái\]]	ankle
腳蹼 脚蹼 [01\[ jiǎo pǔ\]]	flippers;fins
腳違例 脚违例 [01\[ jiǎo wéi lì\]]	foot fault (tennis etc)
腳鐐 脚镣 [01\[ jiǎo liào\]]	fetters;leg-irons
腴 腴 [01\[ yú\]]	fat on belly;fertile;rich
腶 腶 [01\[ duàn\]]	dried meat
腸 肠 [01\[ cháng\]]	intestines
腸壁 肠壁 [01\[ cháng bì\]]	wall of intestine;lining of gut
腸毒素 肠毒素 [01\[ cháng dú sù\]]	enterotoxins
腸炎 肠炎 [01\[ cháng yán\]]	enteritis
腸病毒 肠病毒 [01\[ cháng bìng dú\]]	enterovirus
腸胃 肠胃 [01\[ cháng wèi\]]	stomach and intestine;digestive system
腸胃道 肠胃道 [01\[ cháng wèi dào\]]	digestive tract
腸蠕動 肠蠕动 [01\[ cháng rú dòng\]]	peristalsis (wave movement of gut wall)
腸道 肠道 [01\[ cháng dào\]]	intestines;gut
腹 腹 [01\[ fù\]]	abdomen;stomach;belly
腹地 腹地 [01\[ fù dì\]]	hinterland;interior;outback
腹瀉 腹泻 [01\[ fù xiè\]]	diarrhea;to have the runs
腹痛 腹痛 [01\[ fù tòng\]]	belly-ache;stomach pain
腹直肌 腹直肌 [01\[ fù zhí jī\]]	rectus abdominis muscle (front of the belly)
腹股溝 腹股沟 [01\[ fù gǔ gōu\]]	groin (anat.)
腹腔 腹腔 [01\[ fù qiāng\]]	abdominal cavity
腹誹 腹诽 [01\[ fù fěi\]]	silent curse or disagreement;unspoken criticism
腹足 腹足 [01\[ fù zú\]]	gastropod (class of mollusks including snails)
腹足綱 腹足纲 [01\[ fù zú gāng\]]	gastropod (class of mollusks including snails)
腹部 腹部 [01\[ fù bù\]]	abdomen;belly;flank
腺 腺 [01\[ xiàn\]]	gland
腺嘌呤 腺嘌呤 [01\[ xiàn biāo líng\]]	adenine nucleotide (a
腺嘌呤核甘三磷酸 腺嘌呤核甘三磷酸 [01\[ xiàn biāo líng hé gān sān lín suān\]]	adenosine triphosphate (atp)
腺垂體 腺垂体 [01\[ xiàn chuí tǐ\]]	pituitary gland
腺病毒 腺病毒 [01\[ xiàn bìng dú\]]	adenovirus
腺癌 腺癌 [01\[ xiàn ái\]]	adenocarcinoma
腺苷 腺苷 [01\[ xiàn gān\]]	adenosine
腿 腿 [01\[ tuǐ\]]	leg
膀 膀 [01\[ bǎng\]]	upper arm;wing
膀 膀 [01\[ bàng\]]	to flirt
膀 膀 [01\[ pāng\]]	puffed (swollen)
膀 膀 [01\[ páng\]]	bladder
膀子 膀子 [01\[ bǎng zi\]]	upper arm;arm;wing
膀胱 膀胱 [01\[ páng guāng\]]	urinary bladder;bladder
膀胱氣化 膀胱气化 [01\[ páng guāng qì huà\]]	bladder qi4 transformation in traditional chinese medicine
膀胱炎 膀胱炎 [01\[ bǎng guāng yán\]]	cystitis
膀臂 膀臂 [01\[ bǎng bì\]]	upper arm;arm;reliable helper;right-hand man
膂 膂 [01\[ lǚ\]]	backbone;strength
膂力 膂力 [01\[ lǚ lì\]]	strength;bodily strength;brawn
膃 腽 [01\[ wà\]]	blubber (animal fat)
膃肭 腽肭 [01\[ wà nà\]]	fur seal or its blubber;see 膃肭獸|腽肭兽 and 膃肭臍|腽肭脐
膃肭獸 腽肭兽 [01\[ wà nà shòu\]]	fur seal;callorhinus ursinus linnaeus
膃肭臍 腽肭脐 [01\[ wà nà qí\]]	penis and testes of fur seal used in traditional chinese medicine
膆 嗉 [01\[ sù\]]	crop of a bird;fat
膇 膇 [01\[ zhuì\]]	swelling of foot
膈 膈 [01\[ gé\]]	diaphragm
膊 膊 [01\[ bó\]]	shoulder;upper arm
膋 膋 [01\[ liáo\]]	fat on intestines
膏 膏 [01\[ gāo\]]	ointment;paste
膏膏 膏膏 [01\[ gāo gāo\]]	to anoint
膕 膕 [01\[ guó\]]	hollow
膗 膗 [01\[ chuái\]]	ugly and fat;too fat to move
膘 膘 [01\[ biāo\]]	fat of a stock animal
膙 膙 [01\[ jiǎng\]]	callous
膚 肤 [01\[ fū\]]	skin
膚淺 肤浅 [01\[ fū qiǎn\]]	skin deep;superficial;shallow
膛 膛 [01\[ táng\]]	chest (of body);hollow space;throat
膜 膜 [01\[ mó\]]	membrane;film
膜翅目 膜翅目 [01\[ mó chì mù\]]	hymenoptera (insect order including ants and bees)
膝 膝 [01\[ xī\]]	knee
膝上型 膝上型 [01\[ xī shàng xíng\]]	laptop (computer)
膝上型電腦 膝上型电脑 [01\[ xī shàng xíng diàn nǎo\]]	laptop (computer)
膝蓋 膝盖 [01\[ xī gài\]]	knee
膟 膟 [01\[ lǜ\]]	sacrificial flesh
膠 胶 [01\[ jiāo\]]	glue;gum
膠南 胶南 [01\[ jiāo nán\]]	jiaonan county level city in qingdao 青島|青岛
膠南市 胶南市 [01\[ jiāo nán shì\]]	jiaonan county level city in qingdao 青島|青岛
膠印 胶印 [01\[ jiāo yìn\]]	offset printing
膠卷 胶卷 [01\[ jiāo juǎn\]]	film;film roll
膠原 胶原 [01\[ jiāo yuán\]]	collagen (protein)
膠原纖維 胶原纤维 [01\[ jiāo yuán xiān wéi\]]	collagen fiber
膠原質 胶原质 [01\[ jiāo yuán zhì\]]	collagen (protein)
膠合板 胶合板 [01\[ jiāo hé bǎn\]]	plywood
膠囊 胶囊 [01\[ jiāo náng\]]	a capsule (medical or pharmaceutical);a caplet
膠子 胶子 [01\[ jiāo zǐ\]]	gluon (elementary particle)
膠州 胶州 [01\[ jiāo zhōu\]]	jiaozhou county level city in qingdao 青島|青岛
膠州市 胶州市 [01\[ jiāo zhōu shì\]]	jiaozhou county level city in qingdao 青島|青岛
膠州灣 胶州湾 [01\[ jiāo zhōu wān\]]	gulf of jiaozhou (shandong province)
膠帶 胶带 [01\[ jiāo dài\]]	tape
膠接 胶接 [01\[ jiāo jiē\]]	to splice;a glued joint;a bond
膠木 胶木 [01\[ jiāo mù\]]	bakelite
膠水 胶水 [01\[ jiāo shuǐ\]]	glue
膠泥 胶泥 [01\[ jiāo ní\]]	clay
膠濟鐵路 胶济铁路 [01\[ jiāo jì tiě lù\]]	jiaonan-jinan railway
膠片 胶片 [01\[ jiāo piàn\]]	(photographic) film
膠片佩章 胶片佩章 [01\[ jiāo piàn pèi zhāng\]]	film badge
膠狀 胶状 [01\[ jiāo zhuàng\]]	colloid (chem.);gelatinous
膠粘 胶粘 [01\[ jiāo nián\]]	sticky;viscid;adhesive
膠粘劑 胶粘剂 [01\[ jiāo nián jì\]]	adhesive
膠結 胶结 [01\[ jiāo jié\]]	to glue;to cement;a bond
膠輪 胶轮 [01\[ jiāo lún\]]	pneumatic tire;rubber tire
膠體 胶体 [01\[ jiāo tǐ\]]	colloid
膣 膣 [01\[ zhì\]]	vagina
膦 膦 [01\[ lìn\]]	phosphine
膨 膨 [01\[ péng\]]	swollen
膨脹 膨胀 [01\[ péng zhàng\]]	to expand;to inflate;to swell
膩 腻 [01\[ nì\]]	greasy;tired of
膩人 腻人 [01\[ nì rén\]]	greasy;boring
膩友 腻友 [01\[ nì yǒu\]]	intimate friend
膩味 腻味 [01\[ nì wei\]]	tired of sth;fed up with
膩子 腻子 [01\[ nì zi\]]	putty (same as 泥子);frequent caller;hanger-on
膩煩 腻烦 [01\[ nì fán\]]	bored;to be fed up with;sick and tired of sth
膰 膰 [01\[ fán\]]	cooked meat used in sacrifice
膲 膲 [01\[ jiāo\]]	the three divisions of the viscera (med.)
膳 膳 [01\[ shàn\]]	meals
膳食 膳食 [01\[ shàn shí\]]	meal
膴 膴 [01\[ hū\]]	big piece of meat;dried meat
膵 膵 [01\[ cuì\]]	pancreas
膷 膷 [01\[ xiāng\]]	hashed beef;soup
膺 膺 [01\[ yīng\]]	breast;receive
膻 膻 [01\[ shān\]]	rank odor (of sheep or goats)
膽 胆 [01\[ dǎn\]]	the gall;the nerve;courage;guts;gall bladder
膽囊 胆囊 [01\[ dǎn náng\]]	gall bladder
膽固醇 胆固醇 [01\[ dǎn gù chún\]]	cholesterol
膽大 胆大 [01\[ dǎn dà\]]	daring
膽子 胆子 [01\[ dǎn zi\]]	courage;nerves
膽小 胆小 [01\[ dǎn xiǎo\]]	cowardice;timid
膽小鬼 胆小鬼 [01\[ dǎn xiǎo guǐ\]]	coward
膽怯 胆怯 [01\[ dǎn qiè\]]	timid;cowardly
膽汁 胆汁 [01\[ dǎn zhī\]]	gall;bile
膽略 胆略 [01\[ dǎn lüè\]]	courage and resource
膽石症 胆石症 [01\[ dǎn shí zhèng\]]	gallstone
膽管 胆管 [01\[ dǎn guǎn\]]	bile duct
膽紅素 胆红素 [01\[ dǎn hóng sù\]]	bilirubin
膽結石 胆结石 [01\[ dǎn jié shí\]]	gall stone
膽綠素 胆绿素 [01\[ dǎn lǜ sù\]]	biliverdin
膽色素 胆色素 [01\[ dǎn sè sù\]]	bilirubin
膽量 胆量 [01\[ dǎn liàng\]]	nerve
膽鹼酯酶 胆碱酯酶 [01\[ dǎn jiǎn zhǐ méi\]]	choline esterase (che)
膾 脍 [01\[ kuài\]]	chopped meat or fish
膿 脓 [01\[ nóng\]]	pus
膿包 脓包 [01\[ nóng bāo\]]	pustule;worthless person;good-for-nothing;useless weakling
膿泡 脓泡 [01\[ nóng pào\]]	pustule;pussy pimple;same as 脓包
膿皰 脓疱 [01\[ nóng pào\]]	pimple containing pus
臀 臀 [01\[ tún\]]	butt;buttocks
臀部 臀部 [01\[ tún bù\]]	butt;buttocks
臂 臂 [01\[ bì\]]	arm
臂章 臂章 [01\[ bì zhāng\]]	armband;armlet;shoulder emblem
臂紗 臂纱 [01\[ bì shā\]]	(black) armband
臂膀 臂膀 [01\[ bì bǎng\]]	arm
臃 臃 [01\[ yōng\]]	see 臃腫|臃肿
臃腫 臃肿 [01\[ yōng zhǒng\]]	lit. overweight
臄 臄 [01\[ jué\]]	palate;sausage
臆 臆 [01\[ yì\]]	feelings;opinion;thoughts
臆測 臆测 [01\[ yì cè\]]	assumption;guess
臇 臇 [01\[ juǎn\]]	fat
臉 脸 [01\[ liǎn\]]	face
臉孔 脸孔 [01\[ liǎn kǒng\]]	face
臉形 脸形 [01\[ liǎn xíng\]]	shape of face
臉盆 脸盆 [01\[ liǎn pén\]]	washbowl;basin for washing hands and face
臉紅 脸红 [01\[ liǎn hóng\]]	red-faced;blushing
臉色 脸色 [01\[ liǎn sè\]]	complexion;look
臉蛋 脸蛋 [01\[ liǎn dàn\]]	cheek;face
臉蛋兒 脸蛋儿 [01\[ liǎn dàn 5r\]]	a child's cheek (face)
臉譜 脸谱 [01\[ liǎn pǔ\]]	types of facial makeup in operas
臉面 脸面 [01\[ liǎn miàn\]]	face
臉頰 脸颊 [01\[ liǎn jiá\]]	cheek
臉龐 脸庞 [01\[ liǎn páng\]]	face
臊 臊 [01\[ sāo\]]	smell of urine
臊 臊 [01\[ sào\]]	bashfulness
臌 臌 [01\[ gǔ\]]	dropsical;swollen
臍 脐 [01\[ qí\]]	navel
臍屎 脐屎 [01\[ qí shǐ\]]	a newborn baby's excrement
臍帶 脐带 [01\[ qí dài\]]	umbilical cord
臍梗 脐梗 [01\[ qí gěng\]]	umbilical cord
臍橙 脐橙 [01\[ qí chéng\]]	navel orange
臍輪 脐轮 [01\[ qí lún\]]	manipūra or manipura
臏 膑 [01\[ bìn\]]	kneecap;patella
臐 臐 [01\[ xūn\]]	lamb soup
臑 臑 [01\[ nào\]]	biceps (in chinese medicine);(arch.) forelimbs of livestock animal
臓 臓 [01\[ zàng\]]	japanese variant of 臟|脏
臕 臕 [01\[ biāo\]]	fat;gross
臘 腊 [01\[ là\]]	december;preserved (meat)
臘月 腊月 [01\[ là yuè\]]	twelfth lunar month
臘腸 腊肠 [01\[ là cháng\]]	sausage
臙 臙 [01\[ yān\]]	rouge
臚 胪 [01\[ lú\]]	belly;skin;to state
臛 臛 [01\[ huò\]]	meat broth
臝 臝 [01\[ luǒ\]]	naked
臟 脏 [01\[ zàng\]]	viscera;(anatomy) organ
臟器 脏器 [01\[ zàng qì\]]	internal organs
臟腑 脏腑 [01\[ zàng fǔ\]]	inner organs
臠 脔 [01\[ luán\]]	skinny;sliced meat
臢 臜 [01\[ zā\]]	dirty;filthy
臢 臢 [01\[ zāng\]]	dirty;filthy
臣 臣 [01\[ chén\]]	statesman;vassal;courtier;minister;official
臣子 臣子 [01\[ chén zǐ\]]	official in feudal court;subject
臣服 臣服 [01\[ chén fú\]]	to acknowledge allegiance to (some regime);to serve
臥 卧 [01\[ wò\]]	to lie;to crouch
臥不安 卧不安 [01\[ wò bù ān\]]	restless insomnia
臥位 卧位 [01\[ wò wèi\]]	berth
臥佛 卧佛 [01\[ wò fó\]]	reclining buddha
臥倒 卧倒 [01\[ wò dǎo\]]	to lie down;to drop to the ground
臥內 卧内 [01\[ wò nèi\]]	bedroom
臥具 卧具 [01\[ wò jù\]]	bedding
臥室 卧室 [01\[ wò shì\]]	bedroom
臥床 卧床 [01\[ wò chuáng\]]	a bed
臥底 卧底 [01\[ wò dǐ\]]	to hide (as an undercover agent);an insider (in a gang of thieves);a mole
臥式 卧式 [01\[ wò shì\]]	lying;horizontal
臥房 卧房 [01\[ wò fáng\]]	bedroom;a sleeping compartment (on a train)
臥果兒 卧果儿 [01\[ wò guǒ 5r\]]	a poached egg
臥榻 卧榻 [01\[ wò tà\]]	a couch;a narrow bed
臥病 卧病 [01\[ wò bìng\]]	ill in bed;bed-ridden
臥薪嚐膽 卧薪尝胆 [01\[ wò xīn cháng dǎn\]]	(expr.) lit. lying on firewood
臥虎 卧虎 [01\[ wò hǔ\]]	crouching tiger;fig. major figure in hiding;concealed talent
臥虎藏龍 卧虎藏龙 [01\[ wò hǔ cáng lóng\]]	crouching tiger
臥車 卧车 [01\[ wò chē\]]	a sleeping car;wagon-lits
臥軌 卧轨 [01\[ wò guǐ\]]	lying on railway lines (to stop a train by threatening suicide)
臥鋪 卧铺 [01\[ wò pù\]]	a bed (on a train);a couchette
臥龍 卧龙 [01\[ wò lóng\]]	lit. hidden dragon; fig. emperor in hiding;nickname of zhuge liang 諸葛亮|诸葛亮;refers to wolong giant panda nature reserve 臥龍大熊貓保護區|卧龙大熊猫保护区 in wenchuan county
臥龍大熊貓保護區 卧龙大熊猫保护区 [01\[ wò lóng dà xióng māo bǎo hù qū\]]	wolong giant panda nature reserve in wenchuan county
臥龍自然保護區 卧龙自然保护区 [01\[ wò lóng zì rán bǎo hù qū\]]	wolong nature reserve in wenchuan county
臧 臧 [01\[ zāng\]]	good;lucky;surname zang
臨 临 [01\[ lín\]]	to face;to overlook;to arrive;to be (just) about to;just before
臨刑 临刑 [01\[ lín xíng\]]	facing execution
臨別 临别 [01\[ lín bié\]]	on parting;facing separation
臨別贈言 临别赠言 [01\[ lín bié zèng yán\]]	words of advice on parting
臨到 临到 [01\[ lín dào\]]	to befall
臨危 临危 [01\[ lín wēi\]]	dying (from illness);facing death;on one's deathbed
臨危授命 临危授命 [01\[ lín wēi shòu mìng\]]	to sacrifice one's life in a crisis
臨問 临问 [01\[ lín wèn\]]	to go personally to consult subordinates (of a high official)
臨城 临城 [01\[ lín chéng\]]	(n) lincheng (place in hebei)
臨場 临场 [01\[ lín chǎng\]]	to take an exam;to take part in a race;to go personally to the place
臨夏 临夏 [01\[ lín xià\]]	(n) linxia (city in gansu)
臨夏回族自治州 临夏回族自治州 [01\[ lín xià huí zú zì zhì zhōu\]]	linxia hui autonomous prefecture in gansu
臨夏州 临夏州 [01\[ lín xià zhōu\]]	linxia hui autonomous prefecture;abbr. for 臨夏回族自治州|临夏回族自治州
臨安 临安 [01\[ lín ān\]]	lin'an county in zhejiang
臨安縣 临安县 [01\[ lín ān xiàn\]]	lin'an county in zhejiang
臨寫 临写 [01\[ lín xiě\]]	to copy (a model of calligraphy or painting)
臨川 临川 [01\[ lín chuān\]]	linchuan district of fuzhou city 撫州市|抚州市
臨川區 临川区 [01\[ lín chuān qū\]]	linchuan district of fuzhou city 撫州市|抚州市
臨帖 临帖 [01\[ lín tiě\]]	to practice calligraphy from a model
臨床 临床 [01\[ lín chuáng\]]	clinical
臨戰 临战 [01\[ lín zhàn\]]	just before the contest;on the eve of war
臨摹 临摹 [01\[ lín mó\]]	to copy (a model of calligraphy or painting etc)
臨時 临时 [01\[ lín shí\]]	at the instant sth happens;temporary;interim;ad hoc
臨時工 临时工 [01\[ lín shí gōng\]]	day laborer;temporary work
臨時抱佛腳 临时抱佛脚 [01\[ lín shí bào fó jiǎo\]]	lit. to clasp the buddha's feet when danger arises (成语 saw); fig. to profess devotion only when in trouble;doing things at the last minute;making a hasty last-minute effort
臨時政府 临时政府 [01\[ lín shí zhèng fǔ\]]	provisional government
臨時的本地管理接口 临时的本地管理接口 [01\[ lín shí de běn dì guǎn lǐ jiē kǒu\]]	interim local management interface;ilmi
臨月兒 临月儿 [01\[ lín yuè 5r\]]	the month childbirth is due
臨朐縣 临朐县 [01\[ lín qú xiàn\]]	linqu county in shandong
臨朝 临朝 [01\[ lín cháo\]]	to hold a court audience;to govern from the imperial throne (applies esp. to empress dowager or regent)
臨桂 临桂 [01\[ lín guì\]]	(n) lingui (place in guangxi)
臨武 临武 [01\[ lín wǔ\]]	(n) linwu (place in hunan)
臨死 临死 [01\[ lín sǐ\]]	facing death;at death's door
臨死不怯 临死不怯 [01\[ lín sǐ bù qiè\]]	equanimity in the face of death;to face dangers with assurance
臨江 临江 [01\[ lín jiāng\]]	linjiang county level city in baishan 白山
臨江市 临江市 [01\[ lín jiāng shì\]]	linjiang county level city in baishan 白山
臨汾 临汾 [01\[ lín fén\]]	línfén prefecture level city in shānxī 山西
臨汾地區 临汾地区 [01\[ lín fén dì qū\]]	(n) linfen district (district in shanxi)
臨汾市 临汾市 [01\[ lín fén shì\]]	línfén prefecture level city in shānxī 山西
臨沂 临沂 [01\[ lín yí\]]	linyi prefecture level city in shandong
臨沂地區 临沂地区 [01\[ lín yí dì qū\]]	(n) linyi district (district in shandong)
臨沂市 临沂市 [01\[ lín yí shì\]]	linyi prefecture level city in shandong
臨沭 临沭 [01\[ lín shù\]]	(n) linshu (place in shandong)
臨河 临河 [01\[ lín hé\]]	(n) linhe (city in inner mongolia)
臨泉 临泉 [01\[ lín quán\]]	(n) linquan (place in anhui)
臨洮 临洮 [01\[ lín táo\]]	(n) lintao (place in gansu)
臨海 临海 [01\[ lín hǎi\]]	linhai county in east zhejiang
臨海水土誌 临海水土志 [01\[ lín hǎi shuǐ tǔ zhì\]]	seaboard geographic gazetteer (c. 275) by shen ying 沈瑩|沈莹
臨海縣 临海县 [01\[ lín hǎi xiàn\]]	linhai county in east zhejiang
臨淄區 临淄区 [01\[ lín zī qū\]]	(n) linzi (area in shandong)
臨淵羨魚不如退而結網 临渊羡鱼不如退而结网 [01\[ lín yuān xiàn yú bù rú tuì ér jié wǎng\]]	rather than admiring fish
臨清 临清 [01\[ lín qīng\]]	(n) linqing (city in shandong)
臨渴穿井 临渴穿井 [01\[ lín kě chuān jǐng\]]	lit. face thirst and dig a well (成语 saw); fig. not to make adequate provision;to act when it is too late
臨湘 临湘 [01\[ lín xiāng\]]	(n) linxiang (city in hunan)
臨滄 临沧 [01\[ lín cāng\]]	lincang prefecture level city in yunnan
臨滄地區 临沧地区 [01\[ lín cāng dì qū\]]	(n) lincang district (district in yunnan)
臨滄市 临沧市 [01\[ lín cāng shì\]]	lincang prefecture level city in yunnan
臨漳 临漳 [01\[ lín zhāng\]]	(n) linzhang (place in hebei)
臨潭 临潭 [01\[ lín tán\]]	(n) lintan (place in gansu)
臨潼 临潼 [01\[ lín tóng\]]	(n) lintong (place in shaanxi)
臨澤 临泽 [01\[ lín zé\]]	(n) linze (place in gansu)
臨澧 临澧 [01\[ lín lǐ\]]	(n) linli (place in hunan)
臨猗 临猗 [01\[ lín yī\]]	(n) linyi (place in shanxi)
臨猗縣 临猗县 [01\[ lín yī xiàn\]]	linyi county in shanxi
臨產 临产 [01\[ lín chǎn\]]	to face childbirth;about to give birth;refers esp. to the onset of regular contractions
臨界 临界 [01\[ lín jiè\]]	critical;boundary
臨界狀態 临界状态 [01\[ lín jiè zhuàng tài\]]	critical state;criticality
臨界質量 临界质量 [01\[ lín jiè zhì liàng\]]	critical mass
臨界點 临界点 [01\[ lín jiè diǎn\]]	critical point;boundary point
臨盆 临盆 [01\[ lín pén\]]	at childbirth;in labor
臨眺 临眺 [01\[ lín tiào\]]	to observe from afar;to look into the distance from a high place
臨終 临终 [01\[ lín zhōng\]]	approaching one's end;with one foot in the grave
臨縣 临县 [01\[ lín xiàn\]]	lin county in shanxi
臨蓐 临蓐 [01\[ lín rù\]]	at childbirth;in labor
臨行 临行 [01\[ lín xíng\]]	on leaving;on the point of departure
臨街 临街 [01\[ lín jiē\]]	facing the street
臨街房 临街房 [01\[ lín jiē fáng\]]	the store front;the part of a house facing the street serving as a store
臨西 临西 [01\[ lín xī\]]	(n) linxi (place in hebei)
臨視 临视 [01\[ lín shì\]]	to observe personally
臨近 临近 [01\[ lín jìn\]]	close to;approaching
臨邑 临邑 [01\[ lín yì\]]	(n) linyi (place in shandong)
臨門 临门 [01\[ lín mén\]]	to arrive home;facing one's home;home-coming;(soccer) facing the goalmouth
臨陣 临阵 [01\[ lín zhèn\]]	to prepare for battle
臨難 临难 [01\[ lín nàn\]]	in peril;facing disaster
臨頭 临头 [01\[ lín tóu\]]	the critical moment
臨颍縣 临颍县 [01\[ lín yǐng xiàn\]]	linying county in henan
臨高 临高 [01\[ lín gāo\]]	(n) lingao (place in hainan)
自 自 [01\[ zì\]]	from;self;oneself;since
自上而下的加工 自上而下的加工 [01\[ zì shàng ér xià de jiā gōng\]]	top-down processing
自下而上的加工 自下而上的加工 [01\[ zì xià ér shàng de jiā gōng\]]	bottom-up processing
