at the instant sth happens	52-57739-B
at the knees	44-34643-S
at the last hurdle	9-49161-S
at the last minute	52-57896-S
at the masses	36-23189-S
at the minimum	60-17578-B
at the mouth	38-36124-S
at the net volleyball	29-32881-S
at the news	51-57577-S
at the nose	38-8060-S,56-30338-S
at the opportune historic moment	25-61640-S
at the outset	60-16052-B,65-30430-B
at the peak	7-40006-B
at the perilous peak proverb	40-63881-S
at the present	4-22394-B,4-22969-B,15-36089-B,42-49406-B
at the present stage	42-51191-B
at the present time	45-16495-B,51-35149-B
at the right moment	12-31509-B,12-34724-B,31-40069-B
at the right time	35-35989-S
at the risk of one s life	8-11717-B,27-40665-B,27-40782-S,27-51593-S,27-52347-S
at the same time	1-10572-B,1-24251-B,5-11900-S,8-6102-S,12-48253-B,12-48377-B,15-35779-B,24-34455-S,34-58955-S,53-22529-B
at the same time as y	12-48043-S
at the scene	9-9486-S,43-66914-B,59-162-S
at the scheduled time	21-19401-B
at the seam	50-11701-S
at the side 成语 saw	42-45557-S
at the sky in sorrow	45-16804-S
at the stake	40-20179-S
at the surface of the water	14-34495-S
at the time of	44-59199-B
at the time of going to press	44-32386-B
at the turn of the 20th century	38-61764-S
at the very least	60-17578-B
at the waist	5-10207-S,23-26088-S,23-26150-S
at the wrist	52-38801-S
at the wrist in traditional chinese medicine	20-31604-S,20-31707-S
at the wrong time 成语 saw	43-18074-S
at theater	31-13333-S
at this juncture	62-6321-B,62-6396-B
at this moment	42-48679-B,62-5015-B,62-5503-B
at this time	62-5423-B,62-5503-B
at this very moment	35-41508-B
at top of the page	45-35658-S
at top speed	40-24757-B
at transplanting or still unripe	31-15096-S
at unexpected good news	14-8065-S
at unexpected good news 成语 saw	14-7241-S,17-10423-S
at unfairness	36-25072-S
at university	20-39621-S,30-3830-S
at using something	14-3805-S
at west lake in hangzhou	30-59260-S
at what time	43-16745-B
at which two lines meet	3-71517-S
at wife s parent s house	60-1971-S
at will	4-43119-B,66-43747-B
at wits end	1-17121-S
at work	7-34543-S
at work etc	56-45431-S
at work 成语 saw	70-31065-S
at worst	17-4218-B
at xianyang 咸陽市 咸阳市 in shaanxi	3-25640-S
at yanshi	3-41520-S
at yingchuan	10-32091-S
at your convenience	3-12592-B
at yueyang 岳陽市 岳阳市	21-19753-S
at zhoushan 舟山市 in zhejiang	31-52842-S
at 端午	71-61573-S
atabrine or quinacrine	66-9921-B
atayal or tayal	37-48860-B
atchoo	65-69072-S
atelier	43-58454-B
atheism	40-58258-B
atheist	40-58310-B
athena	66-54459-B
athens	66-54509-S
athens capital of greece	66-54399-B
atherosclerosis	10-1771-B,56-27854-B
athlete	62-38865-B,62-39060-B,63-237-B
athlete carrying olympic flame	40-22272-B
athlete s foot	69-27913-B
athletes	47-1349-S,55-34231-S
athletic	46-2595-B
athletic shoes	42-53060-B
athletic supporter	1-42591-B
athletic track	60-36417-B
athletics	1-39222-S,1-39294-S,10-47890-S,37-15030-S,43-37429-S,53-23816-S,53-27777-S,60-39690-S,60-45644-S,60-45900-S,61-13394-S
athletics competition	24-4960-S,43-38128-S,60-544-S
athletics event	26-34178-S,35-14466-S,48-1591-S,60-39755-S,64-24166-S,64-56209-S,65-5362-S
athletics tournament	48-373-B
atkins name	66-9296-B
atlanta	3-61801-B
atlantic	10-30030-S
atlantic coast	55-26195-S
atlantic mid ocean ridge	17-34938-B,17-35029-B
atlantic ocean	17-34880-B
atlantic treaty organization nato	10-30099-S
atlantis	17-34829-B
atlas	17-11378-B,31-28921-S
atlas mountains of north africa	66-9181-B
atlas titan in greek mythology	66-9181-B
atm	11-58516-B,28-40367-B,28-42947-S,43-62228-B,53-1758-B,53-2608-B,67-63717-B
atm card	28-40299-B
atmosphere	2-74929-S,15-42971-S,17-23636-B,17-23689-B,17-23731-B,17-23994-B,20-52205-S,25-13347-B,35-37754-S,36-24441-B,36-25356-B,36-28717-B,36-30229-B,36-37740-S,47-48018-B,59-10340-S,68-55210-B
atmospheric circulation	17-24222-B
atmospheric conditions	36-25558-B
atmospheric drag	47-48636-B
atmospheric nuclear test	17-24048-B
atmospheric particles	68-60355-B
atmospheric pollution	26-2647-S
atmospheric pressure	17-23785-B,17-23847-B,17-23919-B,36-27869-B
atmospheric warming	17-24148-B
atoll	36-10222-S
atom	6-52852-S,11-31684-B,46-31892-S,67-27926-S
atom bomb	11-32040-B
atom determining its chemical properties	6-53313-S
atomic	11-31684-B,24-21697-S
atomic bomb	7-30040-S
atomic bomb misfire	28-37777-S
atomic clock	11-32929-B
atomic demolition munition	11-32219-B
atomic energy	11-32629-B
atomic energy agency	15-15474-S
atomic energy agency and nobel laureate	22-6078-S
atomic energy agency caea	2-55335-S
atomic energy agency iaea	15-15596-S
atomic energy research institute	31-8649-S
atomic fission	33-61861-B
atomic mass	11-32788-B,11-32857-B
atomic nucleus	11-32094-B
atomic number	11-31972-B,33-63676-B
atomic pile original form of nuclear reactor	11-31881-B
atomic power station	11-32688-B
atomic radius	11-31729-B
atomic reactor	11-31799-B
atomic scientist	11-32322-B
atomic scientists	11-32422-S
atomic weapon	11-32152-B
atomic weight	11-32857-B
atomizer	14-37462-B,67-45471-B
atoms	43-5700-S
atoms in a crystal	31-56002-S
atone for a crime	27-10328-S
atonement	60-4736-B
atonement jewish holiday	60-4779-S
atp	1-38747-S,52-45563-S
atractylodes atractylodes macrocephaia	44-40218-S
atractylodes macrocephaia	44-40218-S
atresia of vagina as birth defect	20-12671-S,46-5487-S
atrial fibrillation	24-33563-B
atrocious features revealed	7-2453-S
atrocious way of treating a guest	29-8933-B
atrocities that cry to heaven	6-43703-S
atrocity	25-47170-B,32-349-B,35-62680-S
atropa belladonna	64-4510-S,68-46547-S
atrophy	44-16426-B,61-61986-B
atrophy of muscle or organ	54-42088-S
atropine c17h23no3	66-2416-B
atropinemimetic drug	29-28062-B
atropinization	66-4880-B
attach	28-18831-B,62-22000-S,66-15092-S,66-15160-B,66-15676-S
attach importance to sth	64-405-S
attach most importance to	40-31748-S
attach oneself to	5-25850-S
attache	11-40917-B
attached	39-19979-S,66-15092-S,66-15524-B
attached after verb to indicate action in progress	54-53160-S
attached as shield to horse or to the axle of a chariot	30-64366-S,64-20481-S
attached to	15-65518-S,25-35162-S,26-3701-S,45-47061-S,50-43516-B,66-51589-B,66-51629-S
attached to a unit	63-38074-S
attached to a wall	41-45750-S
attached to name of publishing houses	32-12663-B
attached to one another	25-12546-S
attached to one s native land and unwilling to leave it	19-25778-S
attached to sb	33-44372-S
attached to the plant	54-12427-S
attached with the letter	66-43028-B
attaches fertilized ovum to the uterus	39-27828-S
attaching fetus to uterus before the development of the placenta	11-25908-S
attachment	15-65518-B,66-16081-B
attachment email	66-15201-B
attachment station	14-22132-S,67-1405-S
attaché	35-45926-S
attack	3-12870-S,4-54853-S,5-28056-S,6-23608-S,8-49549-S,11-49630-S,11-49800-S,12-34540-S,16-63892-S,17-70559-S,17-70627-S,23-29475-S,23-29630-S,23-31361-S,23-63037-S,24-37575-S,24-37665-S,24-59663-S,26-45023-S,27-4934-S,27-11484-B,27-68149-S,27-68512-S,28-54924-B,29-32950-S,29-47116-S,29-47168-S,29-47506-B,29-47554-S,29-47554-S,29-48304-S,44-34428-S,45-62606-S,47-53375-S,47-53786-S,50-22650-S,53-7453-S,56-39315-B,56-39459-S,56-39459-S,57-12180-S,57-12267-S,57-12267-S,61-45427-S,61-46439-S,61-57920-S,62-35835-S,65-25516-S
attack a fleeing enemy	61-56281-S,61-56710-S
attack against siege	11-46026-B
attack against the guomindang s encircle and annihilate campaign	11-45906-S
attack aircraft	29-47747-S
attack and defense	29-48225-B
attack and destroy	29-19793-S,35-64900-S
attack and meet it	25-59815-S
attack and occupy	29-47230-B
attack brush movement in painting	6-19933-S,35-39311-S
attack by a hidden enemy	31-62495-B
attack e g football forwards	29-47813-S
attack esp surprise attack	57-12267-S
attack for a long time without success	3-9385-S
attack from an unexpected direction	61-43243-S
attack from the air	47-49454-B
attack from the rear	26-64201-S
attack from two sides	17-70559-B,17-70627-B
attack in force	9-46681-S
attack it 成语 saw	51-11461-S
attack military	62-29933-B
attack of a serious illness	32-48-S
attack of wind	13-6624-S
attack on a grand scale	17-17476-S
attack on sb	17-31606-S
attack one another	20-50705-S
attack or criticism	45-62535-S
attack sb	23-62670-S
attack submarine	29-47635-S,33-55565-S
attack the weak 成语 saw	62-56679-S,62-56839-S
attack to mislead the enemy	44-4921-S
attack verbally or in writing	27-11522-S
attack 成语 saw	8-35789-S
attacked from both inside and out	57-1607-B
attacked on all sides	45-53565-B
attacked the vital organs of the human body	56-46472-S
attacked the vitals 成语 saw	44-8690-S
attacker	57-12346-B
attackers outside	57-1607-S
attacking army has reached the city gates	8-2245-S
attacks	20-48177-S,56-24109-S
attain	62-52372-B,62-52737-S,70-22885-B
attain a formal title	35-34509-S
attain a result	26-9585-B
attain gradually	69-45442-S
attain perfection 成语 saw	53-21047-S
attain private ends by abusing public position	6-6513-S
attainment in learning or art	58-12294-S
attempt	4-46337-B,14-30302-S,16-36844-S,18-32750-S,18-32881-S,26-22252-S,58-2103-S,58-12612-S
attempt a comeback	63-59343-S
attempt all tasks at once	1-9428-S
attempt at assassination	32-59210-S
attempt or effort	4-14066-S
attempt the impossible	4-36415-S
attempt to convince	10-10918-S
attempt to find an opportunity to speak	14-30023-S
attempt to reform the qing dynasty in 1898	26-5663-S,26-5808-S,26-5949-S,44-54549-S
attempt to seize power	13-63687-S
attempt vainly	18-32881-S
attempted coup d etat against emperor wu of han 漢武帝 汉武帝	21-63021-S
attend	8-39260-S,11-38732-B,61-62148-S
attend a banquet etc	60-15313-S
attend a burial	61-63990-B
attend a lecture	52-1838-B
attend a meeting	65-37438-S
attend a meeting as a nonvoting delegate	8-66669-S
attend a ritual	57-43365-S
attend after work lit spare time college	34-33513-S
attend class	1-55853-S
attend class or university	1-45053-S
attend college	36-53867-S
attend court	52-0-S
attend official functions	38-14636-B,55-0-B
attend on	5-20874-B
attend school	1-48535-S
attend school on a temporary basis	6-1337-S
attend simultaneously to two or more things	8-7004-S
attend to	23-41105-S,30-35196-S,41-7507-S,41-8902-S,41-9849-S,68-48720-S
attend to one s proper duties	1-73670-S
attend to some business	24-45796-S
attendance at work	7-34543-S
attendance register	51-32565-S
attendance roll	51-32503-B
attendance roll book	71-38685-B
attendant	5-21042-B,8-39325-B,8-67671-S,32-42703-B,47-46147-S,60-38010-B,60-38095-B,66-43268-B
attendant of the bride or bridegroom at a wedding	6-55344-B
attendant on an airplane	3-12712-B
attendants of buddha	14-47845-S
attended to	3-30760-S
attending classes	60-52173-S
attentative	10-8738-B
attention	6-4536-S,7-40386-S,8-27609-S,8-27677-S,14-6607-S,17-31308-S,23-27595-S,23-27695-S,24-36874-B,28-37925-S,37-43983-S,37-44448-B,37-44708-B,37-54104-S,45-57149-S,48-33819-S,51-55126-S,53-26459-S
attention deficit and hyperactivity disorder adhd	16-54574-B
attention deficit hyperactivity disorder adhd	37-44500-B
attention of criminals	23-31361-S
attention on	21-27138-S,40-17708-S
attention on one phrase without regard to the meaning of the whole piece	30-59714-S
attention on sth	37-44708-S
attention order to troops	47-61243-B
attention to	2-1747-S,2-2300-S,2-17314-S,2-18632-S,2-47998-S,28-42738-S,34-53821-S,37-44382-S,37-44932-S,42-53278-S,42-55441-S,42-56241-S,58-54974-S,65-56004-S
attention to detail	1-11646-S,1-11876-S
attention to my task	8-56820-S
attention to outside matters	7-47401-S
attention to sth	8-56820-S,15-34671-S,20-3700-S,28-40963-S
attention to trivia saps the will	42-40017-S
attentive	4-24801-B,10-9315-S,13-10567-B,35-65816-S,39-19979-B,49-31612-B
attentive to	65-55252-B
attentively	6-48727-S,6-48779-S,18-58407-B,27-47689-S,37-44786-S,43-34881-B
attenuate	56-48218-S
attenuation	7-12588-S
attic	65-47909-B
attire	26-7129-S,45-5320-S,45-6066-S,47-51675-B,56-61392-B
attired	57-22478-S
attitude	5-5817-S,6-8283-S,14-43916-S,18-44713-B,23-44972-S,24-35691-S,25-45820-B,25-45956-B,33-39490-B,35-61154-S,36-31830-S,47-13856-B,60-56400-B
attitude depending on the circumstances	66-45313-S
attitude of one s own	42-19607-S
attitude of the heart	24-33192-B
attitudes	14-60267-S
attorney general	13-40472-S
attract	23-27332-S,27-41031-B,27-43566-S,29-13274-S,58-24226-S,61-53628-S
attract attention	23-27595-S,23-27695-S
attract criticism	34-60695-S
attract interest	13-3314-S
attract jade 成语 saw	27-27976-S
attract one another	45-27349-S
attract worldwide attention	53-26459-B
attracting electrons	66-36870-S
attraction	23-28065-B,30-69166-S
attraction e g electrostatic	45-27349-S
attraction in chengdu 成都	35-43849-S
attraction in gravitation or electrostatics	13-3046-B
attractions caapa	2-64411-S
attractive	32-41730-B,32-41793-B,41-42892-B
attractive force	13-3046-B
attractive force such as gravitation	13-3367-B
attractive spectacle	14-9089-S
attractive woman	4-9911-S,4-10590-S
attractive young man usually derog 	20-68082-B
attractiveness	13-3367-B
attractor math	13-3474-B
attractor network	13-3532-B
attracts the wind 成语 saw	34-60695-S
attribute	21-27489-B,24-60540-B,35-11822-S
attributed to confucius by zhuangzi 莊子 庄子	13-32621-S
attributes	4-9383-S
attribution	35-53553-B
attributive modifier	19-47713-B
attrition	38-31752-S
atush or artux city and county in qizilsu kyrghiz autonomous prefecture in xinjiang 克孜勒蘇柯爾克孜自治州 克孜勒苏柯尔克孜自治州	65-69128-B
atush or artux city in qizilsu kyrghiz autonomous prefecture in xinjiang 克孜勒蘇柯爾克孜自治州 克孜勒苏柯尔克孜自治州	65-69358-B
atush or artux county in qizilsu kyrghiz autonomous prefecture in xinjiang 克孜勒蘇柯爾克孜自治州 克孜勒苏柯尔克孜自治州	65-69588-B
atushi city near kashgar in xinjiang	65-69128-B,65-69358-B
atypical	43-60902-B
atypical pneumonia	67-62980-B,67-63070-B
au	17-47416-B,64-7316-S,67-67182-S
au prince capital of haiti	17-57881-S
aubergine	54-6957-B
auckland new zealand city	18-12816-B
auction	26-7624-S,27-29187-S,27-29187-S,27-30115-B,27-30227-B,34-52804-S,48-316-S,48-1403-S
auction company	31-28270-S
auction house	27-30156-B,55-38129-S
auctioneer	27-30156-B
audacious	17-32371-B
audi	18-16390-B
audibility threshold	52-2033-B
audible	52-373-B,66-50475-S
audience	7-35747-S,11-63233-S,11-63233-B,19-55742-S,20-52736-S,32-24455-B,39-37149-S,39-37149-S,39-45624-S,48-4143-S,52-991-B,52-1151-S,52-58504-S,57-37388-S,57-42071-B,57-43240-B
audience of a website	50-5430-S
audience of emperor	32-48900-S
audience reaction boos and jeers	5-56104-S
audience silent with expectation	39-36618-S
audience with the emperor	57-40782-S,57-40849-S
audio card computer	68-16442-B
audio subscription service	29-15369-S
audio tape	64-42707-B,68-14041-B
audiovisual	45-23888-B,68-13946-B
audit	17-35403-S,20-22646-S,20-22839-S,57-29219-S,57-29327-S
audit and determine	57-29018-S
audit and write off	57-29381-S
audition	68-3156-S,68-3156-B
auditor	20-22901-B
auditorium	47-8213-B
auditory canal	16-50022-B
auditory meatus	16-50022-S
auditory meatus canal in temporal bone of skull housing auditory nerves	7-31070-S
auditory nerves	7-31070-S
auditory tube	13-31031-B
audrey	18-17229-B,18-17308-B
auger	64-43032-B,65-8620-S
augite	61-14183-B
augment	9-57643-B,16-27508-S
augurs ill 成语 saw	38-3178-S
august	2-49271-S,7-51716-B,18-45700-B,18-49030-B,32-26708-S,32-59654-S,51-47876-S,53-56819-S
august 1945	7-48581-S,7-48676-S,49-35916-S,49-36023-S,57-49674-S
august december 1940	44-52173-S
august novel by william faulkner 威廉·福克納 威廉·福克纳	7-51768-S
august wilhelm von hofmann 1818 1892	67-42271-B
augustin de coulomb 1736 1806	22-65370-S
augustin louis cauchy 1789 1857	33-48215-B
augustine	51-45983-S
augustinus 354 430	51-45983-S
augusto pinochet 1915 2006	45-276-S
augustus name	18-13029-B
aulacophora femoralis	56-11896-B,56-22804-B
aum shinrikyo	18-13348-B
aung san 1915 1947	31-18036-B,51-16728-B
aung san suu kyi 1945 	31-18091-B,31-18170-B,51-16784-B
aunt	4-58134-S,4-58819-B,11-56791-S,11-57124-S,11-57424-B,17-14164-B,18-39501-S,18-39536-S,18-39693-S,18-39782-S,18-39872-S,18-39954-S,18-40322-S,18-40384-S,18-43202-B,18-43552-S,18-43631-S,18-43704-S,18-62541-B,18-62613-B,18-62694-B,46-53148-S,53-21622-B,66-903-S
aunt affectionate term for an elderly woman	17-13989-B
aunt by marriage	11-57124-B
aunty	51-26350-B
aural vertigo	51-39546-B
aurel stein 1862 1943	30-39530-S
aurelius 121 180	69-39469-S
aurelius augustinus 354 430	51-45983-B
aureus mrsa	27-6920-S
auricula judae	71-30362-S
auricularia auricula judae	71-30362-B
auriga constellation	47-6839-B
auroleus phillipus theostratus bombastus von hohenheim	22-22592-S
aurora	35-30783-B
aurora astronomy	34-34196-B
auschwitz concentration camp	18-14280-B,18-14364-B
auspicious	6-4334-B,12-39116-B,17-8966-S,42-61325-B,46-63478-B,46-63524-B,47-2648-B
auspicious animal	17-51977-B
auspicious animal such as the dragon	42-62247-B
auspicious day	53-40708-B
auspicious herb	54-42406-B
auspicious occasion	14-28194-B
auspicious portent in astrology	49-28760-S
austen 1775 1817	42-42872-S
austen name	18-14057-S,18-14622-S
austere	27-39962-B
austerities	5-48432-S
austerities to become a daoist immortal	5-48520-S
austerity	8-20163-B
austin	18-14057-B,18-14622-B
austin or austen name	18-14057-B,18-14622-B
australe constellation	10-65769-S
australia	11-1500-S,16-29346-S,31-19101-S,40-2737-B,40-2824-S,40-2927-S,57-20139-S,57-20239-S
australia and new zealand	40-3648-B
australia and new zealand army corps anzac	40-3648-B
australia and new zealand the day 25 april commemorating the anzac landing at gallipoli in 1915	40-3302-S
australia continent	40-3481-B
australia relations	2-75863-S
australia state of australia	57-20139-S
australia 澳大利亞 澳大利亚	40-2536-S
australian	40-2737-B
australian capital territory	40-3028-B
australian capital territory act around canberra 堪培拉	69-24242-B
australian dollar	40-2686-B,40-3150-B
australian mammal	56-50152-S
australian mining corporation	9-46328-S,24-41206-S
australian non flying bird	69-2587-S
australian rules football	40-3199-B
australian state	30-44949-S
australis constellation	10-67287-S
austria	18-13096-B,18-13136-B,30-66669-S,30-66748-S,33-34926-S,33-66113-S,50-949-S
austria 奧地利	18-12639-S
austria 奧地利 奥地利 and australia 澳大利亞 澳大利亚	40-2536-S
austrian town on the border with hungary	54-41532-S
austrinus constellation	11-5698-S
austronesian	10-70495-B
autarchy	53-12976-B
authentic	11-34257-B,15-45343-B,45-44038-B,46-33798-B,46-34130-B,62-49955-B
authentic painting or calligraphy	45-44935-B
authenticate	58-20665-S,58-21727-S,62-12819-S
authenticated	46-26836-B,46-33016-B
authenticity	6-24369-S
author	5-6440-B,5-8751-B,6-27509-S,9-37842-B,29-27198-S,29-27314-S,48-15791-S,54-26424-S
author of a manuscript	29-16125-B
author of some project	9-35166-B
author or artist	4-33145-S
author s preface	53-5366-B
authorise	57-28945-S
authorised issue	41-8618-S
authoritative	2-28529-S,2-32595-S,32-35934-B,35-18672-B,35-18749-B
authoritative and fair	12-56605-B
authorities	1-50319-S,1-54754-S,2-61187-S,16-11082-S,19-23654-S,19-41604-B,26-57311-S,35-14143-S,43-42930-S,43-67091-B,53-15585-S
authorities concerned	16-9842-S
authorities in china	15-8316-S
authority	1-45851-S,3-31139-B,5-64506-S,7-37962-S,11-62145-S,17-14992-B,17-23312-B,18-49199-B,18-49406-S,22-3902-S,24-7106-S,24-16755-S,25-6841-S,29-18149-S,32-35882-S,32-62606-S,33-40537-B,35-18253-B,35-18672-B,35-18749-S,35-18915-B,35-19210-S,35-19262-S,38-45774-S,39-5713-S,51-34311-S,51-68757-B,60-27241-S,60-27460-S,68-32266-S,68-34180-S,69-28307-S
authority fda	69-2785-S
authority knowledgeable person	21-61304-B
authority or capability	40-51147-S
authority over the household	17-63223-B
authority over the whole country	18-49081-S
authority to dispose of sth	29-39483-B
authority used for private interests 成语 saw	6-6513-S
authorization	32-12454-S,32-56406-S,58-3268-B
authorization through a checkpoint	62-12819-S
authorize	28-12434-S
authorized	11-62145-B
authorized strength	50-21269-B
authors	38-59478-S,48-17202-S
autism	53-15255-B,53-15306-B
auto race	60-1036-B
auto teller	53-1758-B
auto vice city computer game	5-42415-S,5-42514-S,5-42624-S
autobiographical notes as introduction to a book	53-5366-B
autobiography	53-1354-B
autocracy	20-38181-B,20-38239-B,20-40097-B
autocratic rule	2-66421-S
autograph	48-40267-S,68-42875-B,68-42937-B
autoimmune disease	53-15671-B
automated quotations	49-16437-S
automatic	10-59956-S,53-1715-B
automatic car windows	65-60298-S
automatic clutch	53-3188-B
automatic control	53-2534-B,53-6934-B
automatic firearm	23-47765-S
automatic gear change	53-2456-B,53-2693-B
automatic operation	53-2138-B
automatic reaction of organism	11-46587-S
automatic transmission	53-2693-B
automatic transmission gear change	53-2847-B
automatic walkway	53-2929-B
automatically	53-9536-B
automation	5-36081-S,34-50708-S,53-1925-B,53-1980-B,61-35117-S,62-13410-S
automation international trade shanghai co	59-29019-S
automobile	7-29931-B,37-1246-B,53-3012-B,60-60040-S
automobile expo	37-1448-B
automotive industry corp saic	1-52525-S,1-52645-S
autonomous	45-2340-S,53-0-B,53-13227-B,53-14422-S
autonomous banner	53-8318-B
autonomous city	53-8187-B
autonomous county	53-8416-B
autonomous county county in guangxi	17-8296-S
autonomous county county in hunan	15-62294-S
autonomous county county in yunnan	16-28830-S
autonomous county in baishan 白山	65-17588-S,65-17841-S,65-17995-S
autonomous county in benxi 本溪 本溪	32-65265-S,32-65405-S,34-7355-S,34-7499-S
autonomous county in chaoyang 朝陽 朝阳	14-1512-S
autonomous county in fushun 撫順 抚顺	30-56738-S,38-59244-S
autonomous county in fuxin 阜新 阜新	65-58940-S
autonomous county in gansu	17-51797-S,23-38787-S,33-25324-S,52-2625-S,52-2764-S
autonomous county in guangxi	1-37336-S,20-7039-S,22-10808-S,43-6071-S,56-11042-S,63-27000-S,64-13475-S,65-59964-S,66-37858-S,71-57891-S
autonomous county in guizhou	1-43434-S,37-26979-S,42-29892-S,70-26372-S
autonomous county in hainan	31-21136-S,33-19495-S,34-49048-S,44-41420-S,66-30881-S
autonomous county in hebei	17-17304-S,19-10759-S,20-24655-S,59-20299-S,59-20376-S,59-20512-S,67-60138-S
autonomous county in hubei	3-49518-S,65-20661-S
autonomous county in hunan	30-49430-S,36-60372-S,53-62570-S,62-15161-S,71-16190-S
autonomous county in inner mongolia	53-8318-B
autonomous county in liaoning	10-36108-S,20-26836-S,20-26971-S,20-27106-S,21-36845-S,70-52010-S
autonomous county in mianyang prefecture 綿陽 绵阳	10-31163-S
autonomous county in qinghai	3-44695-S,10-24980-S,24-16956-S,36-19695-S,37-19215-S,65-23017-S
autonomous county in qingyuan 清远	62-19851-S,62-19988-S,62-21149-S,62-21323-S
autonomous county in shaoguan 韶关	3-22306-S,3-22441-S
autonomous county in sichuan	21-39623-S,32-54613-S,46-6997-S,47-11313-S,63-36513-S,69-43386-S,69-43460-S,71-35130-S
autonomous county in siping 四平	4-51531-S,4-51690-S,4-52001-S
autonomous county in songyuan 松原	9-25338-S,9-25524-S
autonomous county in xinjiang	40-44210-S
autonomous county in yunnan	11-1308-S,20-18721-S,20-19532-S,21-21606-S,21-39092-S,31-49756-S,31-54107-S,37-19533-S,39-26130-S,39-56015-S,40-17048-S,47-0-S,49-10849-S,55-44550-S,57-21027-S,60-41767-S,71-10180-S
autonomous county in zhejiang	31-53525-S
autonomous county near hami in xinjiang	22-9541-S,22-9636-S
autonomous county 伊通滿族自治縣 伊通满族自治县	4-51830-S,4-52099-S
autonomous county 寧洱哈尼族彝族自治縣 宁洱哈尼族彝族自治县	20-18553-S,20-18885-S,31-49569-S,31-49923-S
autonomous prefecture	24-25104-S,24-52909-S,31-20320-S,41-56045-S,41-56141-S,41-56237-S,43-13520-S,43-13865-S,52-56943-S,53-8121-B,61-50896-S
autonomous prefecture in central yunnan	34-30838-S
autonomous prefecture in gansu	43-13634-S,52-56814-S
autonomous prefecture in guizhou	71-34703-S,71-34948-S,71-35417-S
autonomous prefecture in hubei	25-2443-S
autonomous prefecture in jilin province 吉林省 in northeast china	23-19237-S
autonomous prefecture in north sichuan	65-70212-S,66-0-S
autonomous prefecture in north xinjiang	3-49048-S,3-49216-S
autonomous prefecture in northwest hunan	39-12625-S
autonomous prefecture in qinghai	38-16022-S,38-16103-S,38-16196-S,38-16497-S,38-16652-S,38-23728-S,38-23818-S,38-23920-S,42-30508-S,42-30587-S,42-30678-S,71-17035-S,71-17132-S
autonomous prefecture in sichuan	38-39046-S
autonomous prefecture in south qinghai	33-37179-S,33-37265-S,33-37363-S
autonomous prefecture in west yunnan surrounded on three sides by myanmar burma	24-25204-S
autonomous prefecture in xinjiang	4-50565-S,7-15350-S,7-15462-S,7-15594-S,11-8497-S
autonomous prefecture in xinjiang 克孜勒蘇柯爾克孜自治州 克孜勒苏柯尔克孜自治州	65-69128-S,65-69358-S,65-69588-S
autonomous prefecture in yunnan	17-28076-S
autonomous prefecture of xinjiang	22-10644-S
autonomous prefecture 伊犁哈薩克自治州 伊犁哈萨克自治州	4-50395-S
autonomous prefecture 博爾塔拉蒙古自治州 博尔塔拉蒙古自治州	39-22308-S,39-22601-S,48-53979-S,48-54140-S
autonomous prefecture 大理白族自治州 in yunnan	17-27806-S
autonomous prefecture 延邊朝鮮族自治州 延边朝鲜族自治州	13-25852-S,13-26000-S,15-25328-S,15-25473-S,19-25478-S,19-25622-S,30-10241-S,30-10389-S,36-64001-S,36-64153-S,42-60345-S,42-60495-S,71-57240-S,71-57392-S
autonomous prefecture 延邊朝鮮族自治州 延边朝鲜族自治州 in jilin province 吉林省 in northeast china	23-18701-S,23-18869-S,23-19057-S
autonomous prefecture 湘西土家族苗族自治州	12-42134-S,12-42306-S
autonomous prefecture 黔南布依族苗族自治州	51-16589-S
autonomous region	7-31872-S,30-52769-S,53-8061-B,57-21964-S,57-22146-S,65-65731-S,69-22273-S
autonomous region in south china	23-14691-S
autonomous region in south china 廣西壯族自治區 广西壮族自治区	10-69439-S,10-69610-S,10-69778-S,34-1595-S
autonomous region ningsia in gansu	20-17056-S,20-17139-S
autonomous region 內蒙古自治區 内蒙古自治区	7-31641-S
autonomous region 新疆維吾爾自治區 新疆维吾尔自治区	30-52557-S
autonomous region 新疆維吾爾自治區 新疆维吾尔自治区 in west china	40-39271-S,40-39476-S
autonomous system	53-142-B
autonomy	15-41713-S,53-8020-B
autopolyploid polyploid with chromosomes of single species	14-19404-B
autopsy	21-11335-B,21-11377-B,21-11440-B,69-58223-S
autoradiography	53-2223-B
autoteller	28-40367-S,53-2608-S
autotroph	43-27086-B
autres	35-66143-S,36-1329-S,36-1517-S,36-1880-S
autumn	31-15050-S,31-34166-S,47-14193-B,47-14260-B,47-14438-B,47-14479-B,47-15377-S,47-15812-S,47-61675-S,68-59699-S
autumn 770 476 bc and warring states 475 221 bc periods	31-34629-S
autumn 770 476 bc and warring states 475 221 periods	31-34761-S
autumn annals	21-58976-S,31-34526-S
autumn annals 春秋	31-34293-S,71-10831-S
autumn annals 春秋 edited by confucius	70-40126-S
autumn breeze	47-16091-B
autumn breeze passes the ear 成语 saw	47-16329-S
autumn by dong zhongshu	31-35032-S
autumn equinox	47-14316-S,47-14374-S
autumn festival	2-76974-S,32-29138-S
autumn festival on 15th of 8th lunar month	2-77033-S
autumn festival on lunar 15th august	32-26708-S,53-56819-S
autumn for a crop in spring	47-14727-S
autumn gale sweeps away the fallen leaves 成语 saw	47-16151-S
autumn grain crops	47-15758-B
autumn harvest uprising	47-14854-B
autumn harvest 成语 saw	47-14532-S
autumn irrigation	47-15431-B
autumn leaves	68-61660-S
autumn period	69-16668-S
autumn period 770 476 bc	31-34166-S,31-34409-S,31-34938-S,67-48896-S
autumn plowing	47-15893-B
autumn rain	47-16047-B
autumn scenery	47-14932-B
autumn vegetables	47-15942-B
autumn weather	47-14260-B,47-16466-S
autumn wind	47-16091-B
autumnal leaves	49-12830-S
autumnal sadness	13-46656-B
auxiliary	5-51686-B,9-31594-B,61-8644-B,66-15524-B
auxiliary ingredients in a cooking recipe	61-9244-B
auxiliary organizations	56-57114-B
auxiliary showing sth happened in the past	5-19119-B
auxiliary verb	9-61173-B
auxiliary verb introducing future action may be able to	20-36848-B
auxiliary word	58-24897-B
auxiliary word performing the grammatical functions of mood	13-66256-S
av	68-13946-B
avail	10-5907-S,18-2351-S,24-5338-S,40-56130-S,40-61403-S
avail oneself of	3-12362-S,60-19166-B
available	7-13502-S,8-41411-S,12-12856-B,30-44083-S,42-50461-S,59-53089-B,63-52658-S
available out of a mediocre bunch	46-1124-S
avalanche	67-16397-B
avant garde	9-23553-B
avarice	59-39278-B
avaricious	18-55111-B,25-16502-B,25-37973-B,59-39011-B
avatamsaka sutra of the huayan school	54-32946-B,54-33076-B
avebury stone circle near stonehenge	15-57929-B
avenge	16-8663-S,24-13071-B,25-1673-S
avenge private wrongs	7-58035-S
avenue	17-35908-B
avenue des champs elysés paris	69-25891-B,69-25981-B
aver	43-43352-S
average	9-56710-S,21-64239-S,22-38131-B,22-40014-B,26-24985-S,31-51359-B,62-7015-B,62-51125-S,70-10993-S
average dose	22-38406-B
average in financial analysis	47-26276-S
average income	22-38550-B
average index used in financial analysis	15-48363-S,47-26383-S
average people	31-51773-B
average person	1-19078-B
average rate	22-47848-S
average temperature	22-38684-B
average value	15-47345-B,22-38243-B
average values	15-48305-S
average year	22-31097-B
avert	63-6085-S
avert disaster	10-25111-S
aviation	36-22814-S,53-35022-B,69-239-B
aviation accidents and incidents	47-50793-B
aviation industries of china avic	2-63209-B
aviation industry	53-35066-B,53-35399-B
aviation of china caac	2-60533-S
aviation science	53-35336-B
aviator	69-289-B
avic	2-63209-S
avicennae	8-10338-S
avici	66-14475-S,66-14538-S
avicida	67-8419-S
aviculare knot weed	54-48780-S
avid	59-39011-B,59-39278-B
avila	66-10589-B
aviv	41-59162-S
aviv jaffa	41-59162-S
aviv 特拉維夫 特拉维夫 from the book of ezekiel 以西結書 以西结书	31-33426-S
avocado	11-2542-B
avocado persea americana	41-47890-B,70-48917-B
avogadro 1776 1856	65-66288-S
avogadro s law	65-66378-B
avogadro s number	65-66477-B,65-66615-B
avoid	2-8354-S,4-36027-S,7-20160-S,7-20381-S,7-21419-S,9-46036-S,12-14454-S,14-57954-S,24-42452-S,28-32176-S,43-20252-S,45-34037-S,60-57871-B,60-57979-S,61-53301-B,63-5989-S,63-6085-S,63-7797-S,67-11634-S
avoid arousing suspicion	63-6465-B
avoid arousing suspicions	23-28488-S
avoid as taboo	8-61472-S,24-42146-B
avoid attending classes	60-52173-B
avoid by all means	8-61472-S
avoid calamity 成语 saw	60-31337-S
avoid certain foods	24-42190-B
avoid contact	66-50332-S
avoid difficulties	57-47508-S
avoid disasters i e traditional superstitions	46-51920-S
avoid doing anything that may arouse suspicion	63-6465-B
avoid embarassment or ridicule	57-48138-S
avoid esp responsibility	28-30146-S
avoid evil	63-7092-S
avoid evil spirits	63-7582-S
avoid immorality	39-57461-S
avoid mentioning	58-46829-S
avoid rain	15-61126-S
avoid sb out of dislike	18-58779-S
avoid sth as taboo	26-13788-S
avoid sth essential because of a slight risk	14-59606-S
avoid the battle ax 成语 saw	2-35456-S
avoid the enemy when he is fresh and strike him when he is tired and withdraws	63-6163-B
avoid the important and dwell on the trivial	63-7636-B
avoid the strong and attack the weak 成语 saw	62-56679-S,62-56839-S
avoid work	6-22628-S
avoidance	63-7369-S
avoided	7-20222-S,66-47774-S
avoiding calamity	47-9970-S
await	32-51064-S,48-17202-B,48-18596-B
await eagerly	45-49182-S
await expectantly	32-51455-S
await job assignment term used only in mainland china	23-65093-S
await success or failure 成语 saw	15-51688-S
awaiting diagnosis	5-62829-B
awaiting solution	23-65255-B
awaiting trial	5-62506-B
awaits excavation	47-23950-S,47-25250-S
awake	38-65482-B,45-55546-B,57-41048-B,63-47987-S
awake drug	28-41051-S,28-41205-S
awake from sleep	20-11606-B
awake sb from ignorance	13-65580-S
awaken	12-9782-S,25-57103-B,43-33750-S,57-41330-S,63-47987-S
awaken from a dream	69-60389-S
awakened to the truth	57-41330-B
award	15-28412-S,28-11844-S,28-11963-S,34-52202-B,42-16551-B,42-16661-B,42-16766-S,42-16999-S,61-59555-S,64-12923-S,68-32056-B,68-32361-S
award a bonus	8-57164-S
award a medal	68-32002-S
award a prize	28-12482-S,68-32266-S
award an honor	14-28383-S,28-12177-S
award money	42-17111-B
award prize for music recording	54-57371-S
awarded by eu since 1988	55-23734-S
awarded damages	49-27665-S
awards	64-17714-S
aware	20-10982-B,24-29595-S,25-30258-S,45-63058-S,53-13729-B,57-41048-B,57-41330-S,59-801-S
aware of	25-43043-S,45-64931-S
awareness	6-63104-S,12-6008-S,25-30258-B,25-40770-S,25-42931-B,34-43856-S,45-14851-S,45-15577-S,45-33026-B,57-41227-B,58-21789-B,58-28445-S,62-51038-S
awat county in aksu prefecture	66-9521-B
awati place in xinjiang	66-9451-S
away	1-48200-S,2-2228-S,3-10079-S,3-26830-S,3-26889-S,5-5891-S,5-5943-S,8-45711-S,8-46153-S,8-65146-S,9-16783-S,9-38287-S,11-37536-S,11-38635-S,12-61-S,18-7562-S,18-17723-S,21-8874-S,21-8874-S,22-28338-S,22-48329-S,26-15259-S,26-46980-S,26-50953-S,26-51062-S,26-51124-S,26-51193-S,27-0-S,27-18279-S,27-37519-S,27-40856-S,27-55473-S,28-4526-S,28-49382-S,29-5098-S,29-5199-S,29-10393-S,29-10626-S,29-16196-S,29-28291-S,29-58356-S,31-7939-S,34-18065-S,34-18533-S,35-8473-S,35-54643-S,37-14135-S,37-21703-S,38-2864-S,38-5317-S,38-28924-S,38-29877-S,38-31454-S,38-31601-S,38-31601-S,38-31601-S,38-32102-S,38-32759-S,39-17679-S,39-35081-S,40-50255-S,40-53454-S,45-51918-S,46-564-S,47-26732-S,47-27321-S,47-58805-S,51-31018-S,52-34409-S,52-34642-S,53-67037-S,55-15614-S,55-30430-S,56-16047-S,57-32105-S,60-9375-S,60-10923-S,60-28549-S,60-28852-S,60-56650-S,61-64273-S,61-64888-S,61-65313-S,61-65514-S,61-65586-S,62-16451-S,62-38485-S,62-43182-S,62-58752-S,62-61153-S,62-67199-S,63-5616-S,66-48248-S,67-8589-S,67-46603-S,67-48446-S,69-31620-S,69-56382-S,69-62703-S,69-63160-S,70-1128-S
away a goat in passing 成语 saw	68-24662-S
away a tear	27-67533-S
away all one has	6-48547-S
away by a whim	24-38896-S
away by passion e g to commit a crime	51-35558-S
away cares	30-7968-S
away clumsily in all directions with no overall vision	33-14314-S
away despite difficulties	53-67037-S
away everything	22-27288-S
away evil	28-11342-S
away filth and bring in fresh water 成语 saw	28-45128-S,40-5307-S
away food	16-50860-S,45-3745-S
away for the summer holidays	63-7136-S
away from	29-30386-S,29-30386-S,52-32243-S,60-9940-S,60-9940-S,63-5989-S,63-7797-S
away from a famine stricken region	61-65368-S
away from a straight line	6-13387-S
away from evil and follow virtue	29-44350-S
away from home	8-46514-B,20-1931-S,30-68209-S,43-63808-B,60-52116-S,65-52839-S
away from home temporarily	20-2840-S
away from one s present position	16-44425-S
away from one’s native place	67-10589-B
away from pursuers	65-26508-S
away from the central administration	15-40988-S
away from trouble	63-8183-S
away in compound verbs	60-9375-B
away in the confusion	60-19224-S
away incessantly	46-40900-S
away land from its owners	27-19832-S
away lands	62-63600-S
away like a rat 成语 saw	27-13948-S,27-14086-S
away lit	57-30800-S
away money recklessly	1-9947-S,10-51803-S
away obstruction	44-1400-S
away of a monk or nun	46-46169-S
away of buddh monks	15-23228-S
away often fig 	28-11251-S
away over time	38-30347-S
away scared	71-50037-S
away so that no one knows about it 成语 saw	38-51200-S
away the fallen leaves 成语 saw	47-16151-S
away the soul after death	40-50255-S
away the time	38-33031-S
away to make better decisions	61-46766-S
away usu food	22-28864-S
away with	46-20852-S,64-33491-S
away with flowery speech to the detriment of what you want to say	1-67379-S,1-67577-S
away with it	1-68053-S
awe	18-45700-B,26-4214-S,26-4249-S,67-40173-S,69-62905-B
awe inspiring	18-45526-B,18-45700-B,18-49352-B,32-46433-B,60-7673-B
awe inspiring authority	18-49406-B
awe inspiring manner	18-45157-B
awe inspiring presence	18-49481-B
awesome	37-40143-B,66-52977-B
awful	12-12908-B
awful condition	1-5398-S
awfully	1-66895-B,23-65615-B
awhile	68-59064-S
awkard speaker	27-39841-B
awkard speech	23-46684-S
awkward	2-8660-B,21-11160-B,23-46757-B,27-38852-B,27-39620-B,27-40233-B,40-57001-S,47-30755-S,48-7513-B,48-7607-B,48-7777-B,48-49572-B,52-36413-B,60-49385-B,60-49453-B,60-49515-B
awkward and clumsy	34-38975-B
awkward in speech	48-7439-B
awkward person	9-12755-S
awkward position	11-63489-S
awkward sounding	27-38031-B
awkward writing or speech	23-46757-B
awl	64-42992-B,64-43032-B,64-43074-S,65-7468-B
awl 成语 saw	59-35994-S,59-36120-S
awning	12-44089-S
awol	65-33728-B
awol absent without leave	29-18629-B
ax	4-55149-S,26-4922-S,29-21528-S,30-38306-B,33-47539-S,64-24374-S
ax and boiling cauldron 成语 saw	30-38177-S
ax handle you need an ax	4-55149-S,29-21528-S
ax to slaughter a chicken	9-34347-S
ax with a wide blade	20-26291-B
ax 成语 saw	2-35456-S,30-38074-S,44-39629-S
axe	30-38032-B,30-38349-B,33-29979-S,64-21055-B,64-31213-S,64-57068-S
axil bot	52-36007-B
axil of plant	52-36283-S
axillary bot 	52-36090-B
axillary bud	52-36283-B
axiom	7-61865-S
axiomatic	7-61865-B
axiomatic method	7-61921-S
axis	2-81906-S,3-8088-B,10-60635-S,10-61160-S,15-45245-S,22-64929-S,31-42664-S,36-40635-S,61-5283-B
axis in chinese architecture	20-53738-S
axis in coordinate geometry	35-34329-S
axis in mechanics	3-8088-S
axis in polar coordinates	34-36070-S
axis line	2-81960-S,61-5622-S
axis of evil	63-18711-S
axis of nerve cell	61-5483-S
axis of rotation	31-1494-B,61-28886-B
axis of symmetry	20-53738-B
axis or artery	22-52962-S
axis x axis in polar coordinates	34-36070-S
axle	10-60635-S,61-1795-S,61-5283-B,61-16772-B,61-18323-S
axle archaic	35-10685-S
axle of a chariot	30-64366-S,64-20481-S
axle of car	24-2223-S
axle outside of hub	61-5677-S
axon	61-5373-B
axon long thin axis of nerve cell	61-5483-B
axon of nerve cell	58-3807-S,70-5294-S
axonal transport	61-5411-B
axoneme long thread of nerve cell	61-5553-B
ayatollah	57-17755-S
ayatollah religious leader in shia islam	65-65973-B
aydingkol in xinjiang	53-46647-S
ayeyarwaddy river	4-50019-S,4-50230-S,5-25366-S
ayshe	65-66241-B,65-66773-B
azalea	33-10756-B
azalea also written 杜鵑花 杜鹃花	33-10466-S
azerbaijan	22-5461-S,65-70015-B
azerbaijan person	65-70081-B
azha festival of sacrifice on tenth of twelfth month of muslim lunar calendar	12-3790-S
azimuth	30-61563-B,30-61654-B
azoic dyes	8-18083-B
azor and father of achim in matthew 1 13	29-8000-S
azor son of eliakim and father of zadok in matthew 1 13 14	3-59195-B
azores islands	3-64374-B
azov in southern russia	3-64301-S
azrael angel of death of jewish and islamic mythology	35-58882-B
azuki bean	49-13405-B
azure	17-53373-B,55-11528-B
azure blue	46-10765-B
azure dragon chinese constellation	67-60066-B
azurite	46-10765-B
azurite 2cuco3 cu oh 2	46-10765-S
aéronautique internationale fai	15-18981-S
b	3-15521-S,3-15575-S,3-15642-S,3-15642-S,3-16740-S,3-16784-S,3-16784-S,3-40628-S,46-27055-S,48-28696-S,60-43346-S
b and p for aspirated pinyin p etc	18-47519-S
b c	1-24314-S,2-43444-S,3-15093-S,16-36293-S,22-1372-S,22-62001-S,26-4973-S,43-39052-S,44-22738-S,61-32214-S
b dick cheney 1941 	8-61320-S
b in microsoft dos and windows system	45-11686-S
b not mind s eye	24-35993-S
b or d	40-6639-S
b or p	66-64361-S
b or roman ii in list a b c	3-15093-S
b r industrial automation international trade shanghai co	59-29019-B
b riemann 1826 1866	71-27020-S
b10 of the 60 year cycle	3-16898-S
b12 of the 60 year cycle	3-15377-S
b2	33-63771-S
b2 of the 60 year cycle	3-15219-S
b3	41-4156-S,54-38284-S
b4 of the 60 year cycle	3-15447-S
b6 of the 60 year cycle	3-15915-S
b8 of the 60 year cycle	3-16053-S
ba	4-22014-S,64-35070-S
ba county in chongqing 重慶市 重庆市	22-8988-B
ba county in tianjin	67-49941-B
ba fa quan eight methods martial art	7-52067-B
ba ji quan eight extremes fist martial art	7-51904-B
ba jin 1904 2005	22-10259-B
ba maw	22-9297-B
ba3	65-7564-S
baal	22-3804-B
baarin 1236 1295	4-59296-S
baarin baruun khoshuu	22-7129-S,22-7217-S
baarin züün khoshuu	22-7315-S,22-7402-S
baath party	24-15897-B
baau	11-42064-S
babao in haidian district of beijing	7-50778-S
babao revolutionary cemetery in haidian district of beijing	7-50862-S
babble	13-53678-S,14-44943-S
babble in one s sleep	58-22943-S
babble like an idiot 成语 saw	58-26363-S
babe	60-1079-S
babesiosis	22-10123-B
babies	58-19786-S
baboon	42-6915-S
babur 1483 1530	22-5307-S
babuza	59-28306-B
baby	14-62615-B,18-20085-S,18-49751-B,18-49782-B,18-50197-B,18-62129-B,18-62164-B,18-62300-B,20-29317-B,20-30676-B,20-62814-B,30-52236-S,34-18195-S,34-18323-S,36-14151-B,38-54362-S,43-31274-S,43-45332-S
baby animal	47-25459-B
baby carriage	18-50032-B
baby face	18-49900-B
baby in one s arms	27-12810-S
baby on back	50-39521-S,57-7637-S,57-9535-S
baby rabbit	18-61463-B
baby s bottle	18-23701-S,18-24531-S
baby s excrement	52-52921-S
baby s feeding bottle	18-24297-B
baby s one month old birthday	39-38947-B
baby talk	32-43688-S
baby tooth	3-22610-B,3-23769-B
baby transport	18-50032-B
babylon	12-1927-S,22-7876-B
babylonian script	34-29942-S
babylonian time keeping and astronomy	10-43224-S
bacchus	22-3428-B,36-62322-S,63-40311-B
bach	22-10223-B
bachelor	7-10129-B,7-10206-B,14-21972-B,26-40994-S,32-3123-B,32-57403-S,32-57463-B,42-21369-B
bachelor degree	19-17480-B
bachelor s degree	16-35994-B,19-17529-B
bachelorhood	14-21908-B
bachu place in xinjiang	22-7814-S
bacillary dysentery	49-33705-B
bacillus	33-3051-S,33-3143-S,40-29874-B,49-42179-S,49-42308-S,71-49800-S
bacillus anthracis	40-29923-B
bacillus any rod shaped bacteria	34-8949-B
bacillus calmette guérin vaccine	11-12838-B
bacillus natto	49-17920-S
bacillus subtilis	33-38961-B
bacillus subtilis formerly bacillus natto	49-17920-B
bacillus the diphteria bacterium	44-37316-S
back	4-343-S,5-3115-S,5-60085-S,5-61660-S,6-17865-S,6-56693-S,11-27977-S,11-28150-S,11-45109-S,11-45809-S,11-47853-S,11-49189-S,11-49557-S,11-49732-S,11-49732-S,11-53653-S,11-56330-S,14-52530-S,14-54252-S,14-54515-S,14-54564-S,14-54730-S,14-55027-S,14-55268-S,14-55541-S,14-55661-S,14-56940-S,14-56940-S,14-58498-S,14-58672-S,18-5047-S,21-20969-S,21-34822-S,22-28380-S,23-43153-S,23-66697-B,24-2380-S,24-2380-S,24-2541-B,24-2882-B,24-2949-S,24-14721-S,25-54240-S,26-22323-S,26-22403-S,26-22970-S,26-23057-S,26-25723-S,27-10926-S,27-10989-S,27-14886-S,27-36398-S,27-62003-S,27-69869-S,28-51378-S,28-51487-S,28-57730-S,29-4610-S,29-20015-S,29-38198-S,29-38505-S,29-40493-S,29-42038-S,30-24726-S,31-61155-S,31-62495-S,32-47833-S,35-53185-S,40-46475-S,42-11111-S,44-27349-S,45-60420-S,49-3700-S,50-27674-S,50-39521-S,51-13678-S,52-5283-S,52-16428-S,52-16781-B,52-17233-S,52-17586-S,52-17668-S,52-17668-S,52-18190-S,52-18412-S,52-18854-S,52-30555-B,52-31310-B,52-42012-S,52-42912-S,53-40533-S,57-7637-S,57-9535-S,57-63716-S,59-31102-S,59-45085-S,61-21996-S,61-21996-S,61-27238-S,61-49390-S,61-57461-S,61-60930-S,61-61322-S,61-62041-S,61-62665-S,61-63140-S,61-64170-S,61-68495-S,62-49022-S,62-64107-S,63-9417-S,63-9834-S,63-9893-S,63-10074-S,63-10134-S,63-59111-S,64-32882-S,65-30075-S,65-65125-S,69-45055-S,69-45091-S,69-49464-S,69-53162-S
back a percentage of the takings	43-50141-S,43-50258-S
back a trick	43-48410-S
back after a defeat	11-49630-S
back an army	23-68324-S
back and forth	5-10643-S,5-17354-B,9-18085-S,23-60349-S,23-61936-S,23-62912-S,23-66214-S,23-66257-S,24-9768-S,29-29869-S,60-38863-S,60-53029-S
back and forth again and again	5-17460-B
back and forward	28-55170-S
back and lower of chariot	61-8365-B
back and neck	30-36300-S
back approval or acceptance	5-38150-S
back at history	14-58553-S
back axle of car	24-2223-B
back biting	26-22403-B,26-22970-B,26-23057-B
back biting talk	8-23291-B
back budget etc	50-15113-S
back burner	33-11264-S
back cautiously	45-60604-S
back chair	68-523-S
back corners of mouth	13-28001-S
back cover of a book	20-33098-S
back differences 成语 saw	36-53676-S
back door	24-2766-S,60-11548-S,65-34530-S,65-34530-S
back door or under the counter connections	60-11548-B
back down	17-71542-S
back end	24-191-B
back end of a ship	53-37897-B
back for planting	43-50890-S
back history	5-60574-S,61-68194-S
back home	12-52308-S,63-30526-S
back in full	63-10415-S
back in gas burner	14-56863-S
back in novel or film	5-57858-S
back in one s proper surroundings	18-32123-S
back in order	11-50532-S
back in water 成语 saw	18-32123-S
back information	11-56426-S
back midway	60-46139-S
back of a body or object	52-16428-S
back of a tiger	41-12379-S
back of a tiger and waist of a bear	55-47709-B
back of an animal	52-31970-S
back of beyond	66-46940-S
back of neck	68-21323-B,68-21832-B
back of one s hand	3-28416-S
back of the chest	52-18658-S
back of the human body	52-18353-S
back of the neck	52-31692-B
back of the skull	33-32973-S
back of the tongue against the soft palate	24-3194-S
back of the upper arm	52-14040-S
back of tongue	53-29950-B
back of tympanic chamber	3-23024-S
back of water	39-9856-S
back on	4-64911-S
back on a deal	11-48269-S,51-21590-S
back on a marriage contract	59-62577-S
back on form	29-60429-B
back on one s word	11-45809-S,52-18252-S,69-4081-S
back on one s words	26-21358-S
back on sb	18-58779-S
back or shoulder	52-16358-S
back or within limits	62-48950-S
back out of a promise	11-48269-S,51-21590-S
back over sth that happened	11-48038-S
back propagation algorithm	11-44258-B
back row	23-68218-S
back rows of seats	5-57922-S
back sarcastically	11-45647-S
back sb up	4-26405-S,30-14214-S
back section	24-2592-B
back side	52-16781-B
back sloping comma 、 punct used to separate items in a list	68-32985-S
back the clock	24-13666-S
back the dead	54-54426-S
back the spoils	61-59306-S
back to	61-59008-S
back to a previous topic	2-34293-S
back to back	6-17865-S
back to front	5-61773-S,68-45593-B
back to his country	62-64192-S
back to his former post	19-41763-S
back to its origin	61-57971-S
back to its origins	61-58459-S
back to its source	39-23623-S,61-58139-S
back to life	29-64502-S
back to life 成语 saw	18-35667-S
back to normal after an upheaval	31-8055-S
back to one s mind	38-13843-S
back to one s roots	35-54338-S
back to one s superior	14-57062-S
back to song and yuan periods	22-44990-S,58-7862-S
back to the dim and distant past	39-16104-S
back to the han	39-49187-S
back to the light	52-16828-S
back to the right path by repeated word and example	25-39302-S
back to the river 成语 saw	52-18052-S
back to the source	28-31185-S,61-58459-S,61-67716-S
back to the start 成语 saw	49-36835-S,62-27819-S
back up	6-14265-B
back up sb	5-5478-S
back upon	14-56809-S
back wing of insect	24-1067-B
back without delay	45-20424-S
back yili province to qing china in exchange for compensation payment and unequal treaty rights	29-45849-S
back 成语 saw	36-13471-S,50-64323-S,51-13678-S,66-40276-S
backbite	14-26589-B,58-5936-B
backbiting	58-5878-B
backboard	48-41949-B
backbone	24-44908-B,33-52958-S,52-30659-B,52-30905-B,52-30953-B,52-31347-B,52-42323-S,52-46431-B,68-20530-B,70-142-B,70-563-S
backbone cable	3-5200-B
backbone network	3-5115-B,70-193-B
backdrop	22-33628-B,40-40878-B,52-17853-B
backed security	59-52689-S
backfield	24-1307-B
backgammon	67-2365-B
background	5-19626-S,8-45903-S,9-48506-S,17-50499-S,22-59972-B,32-63408-B,52-17853-B
background count	32-63451-B
background investigation	32-63521-B
background knowledge	15-19258-S,68-28473-B
background narrator or commentator in a play	30-67184-B
background of a painting	40-40878-B
background radiation	32-63601-B
background texture	59-59918-B
backing	29-38198-B,29-38505-S
backlighting lighting design	61-66085-B
backlog	47-38984-B
backlog of work	16-6308-S
backpack	27-63855-B
backs up from downstream to upstream because of blockage	5-58954-S
backs up into the house because of a blockage	5-58742-S
backscatter	11-50059-B
backspin	1-60190-S
backstage	24-1209-B
backstage supporter	24-1209-B
backstroke	4-40412-B
backswing golf	1-50952-B
backup	5-58954-B,6-28281-B,6-29020-B
backup regulator	6-29085-B
backup ring	6-29214-B
backward	12-62992-B,25-32150-S,54-49799-B
backward explicit congestion notification	61-66444-B
backward masking	23-68264-B
backward position	1-63487-B
backward somersault	12-59792-B,12-63036-B
backward step	65-30075-S
backwards	5-59971-S,5-61501-S,5-61994-S,32-47833-B,61-65778-B,61-66382-B
backwards and forwards	5-17556-B
backwards from 10 down to 0	5-57922-S
backyard	52-8432-S,59-10542-S
bacon	3-53989-S,15-66231-B,41-33843-B,63-46175-B,63-46250-B
bacon 1561 1626	23-32613-S,37-34060-S
bacteria	3-23618-S,11-34587-S,33-67971-S,34-8949-S,44-12141-S,44-12141-S,47-60494-S,53-19571-S,54-28269-B,54-28305-B,56-41936-S,60-64552-S,64-56281-S,67-41080-B,68-5256-S,68-5517-S,68-5586-S,71-46049-B
bacteria pathogen	42-52615-S
bacteria that do not retain gram stain	68-5397-S
bacteria without cell wall	29-37692-S
bacterial	49-33652-B
bacterial colony	54-28684-S
bacterial inhibitor	7-32918-S
bacterial manure	54-28535-B
bacterial pathogen	44-9161-S
bacterial tracheitis inflammation of the windpipe	36-29530-B
bacteriophage	14-36093-B
bacterium	24-21364-B,40-29923-S,44-37316-S,56-14093-S,67-41751-S
bacterium causing gut infection	52-5844-S
bad	2-1907-B,2-3050-S,2-3646-S,2-14428-S,2-26880-B,2-30281-S,2-32052-S,2-35836-S,2-36174-S,6-28404-S,8-48969-S,12-13172-S,14-33682-B,16-34417-B,16-34473-S,16-35431-S,18-27261-S,18-28713-S,20-10236-B,21-64239-B,23-30737-S,35-55563-B,38-42151-B,39-9254-S,42-2184-S,47-57979-B,48-62985-S,48-62985-B,53-15990-S,53-16048-S,59-11720-S,62-40189-S,62-45390-S,63-9952-S,65-10505-S,65-18384-S,69-44460-S
bad act	56-32347-B
bad action	16-34473-B
bad and it cannot be sold	63-40807-S
bad appearance	55-8739-B
bad as an uncaring heart	13-32621-S
bad as each other	1-865-S
bad as not enough 成语 saw	62-47207-S
bad breath	11-69301-B
bad chap	71-50348-S
bad debt	5-61375-B,13-7992-B,16-35386-B
bad deeds	25-21703-S
bad egg	16-35207-B
bad example of others	12-49154-S
bad examples	19-17423-S
bad faith in a marriage	16-47678-B
bad food	12-27037-S
bad form	2-336-B,2-11222-B,17-68366-B
bad guy	16-34670-B,16-34837-B,25-20310-B
bad habit	25-19364-B,25-20481-B,25-22661-B,25-22872-B,26-14136-S
bad habits	9-26648-S,33-43573-B,37-6239-S,66-16464-B
bad habits through long custom	33-43573-S
bad happened	8-34207-S
bad harvest	25-22000-S
bad health	27-13514-S
bad informal abbr of 不好	19-15884-B
bad intent	32-30707-S
bad intermingled	71-61068-S
bad kind	16-35051-B
bad language	13-53268-S,25-19748-B
bad language at sb	25-23374-S,25-23672-S
bad locations	15-44296-S
bad luck	5-61723-S,5-62067-S,8-14445-B,14-13628-S,14-13737-S,25-24039-B,40-39840-S,48-62985-S,60-49600-B,61-68630-B,67-41123-S
bad luck in astrology	12-39010-S
bad mannered	37-9077-B
bad manners	29-8933-S
bad mood	2-18452-S,38-30917-B
bad name	25-19803-B
bad old practices die hard	47-40461-B
bad omen	2-22473-S
bad people intermingled	53-42995-S
bad person	38-55224-S,39-8428-S,47-2099-B
bad person cantonese slang	70-46351-B
bad record esp of a public official	9-60672-B
bad same as 壞 坏	19-15840-B
bad situation	39-9254-S,66-32248-S,67-15405-S
bad state	24-15239-S
bad temper	16-35106-B
bad tempered	36-25801-B
bad tempered and unpleasant person	14-12922-B
bad terms	2-1520-S,2-15901-S
bad times	31-39030-B
bad ways	1-60832-S
badaling	7-53215-B
badaojiang district in baishan city 白山市	7-53023-B,7-53114-B
baden region in germany	22-8852-B
badge	6-50498-B,24-30112-B,24-30409-B,33-53249-S,42-58449-S,52-25298-S,52-49148-S,58-61072-B,59-23618-B
badge e g with miniature portrait of great national leader	6-50498-S
badge worn by civil officials of the 5th grade	71-997-S
badger	42-5959-S,42-26708-B,59-27238-B
badger like wild animal	42-15313-B
badly	16-18840-S,16-18931-S,25-46765-B,25-49236-S,46-19827-S
badly battered	71-52376-B
badly damaged	35-63487-B
badly frightened	23-63642-B,24-53771-B
badminton	26-50771-S,34-29184-S,51-15807-B
badminton federation	15-18775-S
badminton team competition	39-14943-S,55-41618-S
badong place in hubei	22-6975-S
baekdu mountain	65-17675-S
baekje korean kingdom 18bc 660 ad	44-54843-S
baektu	44-48678-S
bafa six harmonies eight methods martial art	7-66690-S
baffle	51-10348-S,61-54283-S
baffle pier	46-15444-B
baffling	54-24881-B,54-24994-B
bag	5-59439-S,8-19827-S,10-13136-B,10-13686-B,11-69609-S,22-14453-S,26-33751-S,26-41320-S,27-63971-B,28-37874-B,28-41315-S,28-60528-S,30-68721-S,39-59648-S,41-20227-S,44-64814-S,45-205-S,45-55381-S,50-9086-S,50-9086-S,50-25434-S,54-10882-S,54-11571-S,54-13820-S,56-50071-B,56-50117-B,56-56342-S,56-60349-S,60-118-S,67-48257-S,68-6517-S,68-13129-S,69-25127-S
bag containing spores on stem of fungi	54-28388-S
bag for changing film	31-63029-S
bag from a restaurant	26-41320-S
bag full of fragence used on dragonboat festival	69-24970-S
bag of books 成语 saw	28-13280-S
bag which holds 30 pecks i e approx 3 kg dry measure	22-25796-S
bagan pagan	55-1076-B
bagan pagan dynasty of myanmar burma	55-1122-B
bagdad	55-24315-S
baggage	26-52675-S,60-24398-S
baggage handler	56-33879-B
baggara herders used by the sudanese government against darfur rebels	59-53751-S
baggins	36-11298-S
baghdad capital of iraq	22-7747-B
baghdad green zone	49-64474-B
baghlan province of north afghanistan	22-7574-B,22-7654-B
bags of eyes	45-51872-B
baguazhang a form of chinese boxing	7-49721-B,7-49803-B
baguette	37-30288-B,65-15650-B
bahadur deuba former prime minister of nepal	24-27729-S
bahamas	22-4306-S,27-55798-S
bahamonde 1892 1975	5-4273-S
bahrain	22-7089-B,69-40724-S,71-12453-S
bahru city in malaysia	30-47430-S
baht	37-48817-S
bai	33-40719-S,44-35806-S
bai 701 762	33-4760-S
bai 936 1012	19-36135-S
bai autonomous prefecture in yunnan	17-28076-S
bai autonomous prefecture 大理白族自治州 in yunnan	17-27806-S
bai chongxi 1893 1966	44-38812-B
bai juyi 772 846	44-38457-B
bai pai nationality	44-39764-S
bai pu 1226 1306	44-40639-B
bai qi 258 bc	44-46583-B
bai suzhen	44-43923-S
bai xingjian c 776 826	44-46113-B
bai 李白 701 762	63-46862-S
bai2 sha1	69-1819-S
baicheng city 白城市	37-62415-S,37-62491-S
baicheng district district in jilin	44-37604-S
baicheng place in xinjiang	27-45121-S
baicheng prefecture level city in jilin province 吉林省 in northeast china	44-37491-B,44-37701-B
baicheng 白城	17-14513-S,17-14654-S,37-62577-S,37-62654-S,62-10099-S,62-10165-S,64-55109-S,64-55177-S
baidi town in chongqing 重慶 重庆	44-38938-B
baidu	44-53566-B
baidu online encyclopedia	44-53604-B
baien 1723 1789	1-37783-S
baien 三浦·梅園 三浦·梅园	6-53205-S
baihe place in shaanxi	44-41546-S
baihe 白河 in henan	38-48013-S,38-48097-S,52-14291-S
baihequan fujian white crane martial art	44-49883-B
baihua 白话 in some context in beijing opera	68-17980-S
baiju war of 506 bc	33-41745-B
baikal	59-28954-S
baikonur cosmodrome	27-46301-B
baikonur russian space launch site in kazakhstan	27-46198-B
bail	5-39643-B,5-40452-S,5-40452-B,61-65086-S
bail i e scoop water	26-25878-S,53-21354-S
bail money	57-62134-S
bail out	60-44482-S
bailang place in tibet	44-40104-S
baile choitín	59-28864-S
bailiff	64-55324-B
bailiff of feudal yamen	22-103-B
bailor	5-39470-B
bailu or white dew	44-47994-B
baima or white horse temple in luoyang	44-49140-S
bainqen or panchen lama	42-47436-B,42-47494-B
baiquan place in heilongjiang	27-45947-S
bairin left banner of baarin züün khoshuu	22-7315-B,22-7402-B
bairin right banner or baarin baruun khoshuu	22-7129-B,22-7217-B
baise prefecture level city in guangxi	44-56364-S,44-56533-S
baisha gongnong area area in sichuan	44-41181-S
baisha lizu autonomous county in hainan	44-41420-B
baishan city 白山市	7-53023-S,7-53114-S,36-60090-S,36-60171-S
baishan prefecture level city in jilin province 吉林省 in northeast china	44-38579-B,44-38690-B
baishan 白山	29-14860-S,29-14925-S,52-58941-S,52-59021-S,65-17588-S,65-17841-S,65-17995-S,67-60464-S,67-60529-S
baisheng	44-51687-B
baishi 1864 1957	71-54117-S
baishui place in shaanxi	44-40844-S
baishuijiang nature reserve between shaanxi and gansu	44-40909-S
bait	13-63957-S,58-24567-B,64-19637-S,69-13124-B,70-38766-S
baited trap	69-13156-S
baixiang place in hebei	33-41994-S
baiyangdian	44-41678-S
baiyao 565 648	33-4809-S
baiyin prefecture level city in gansu	44-46994-B,44-47105-B
baiyu place in sichuan	44-42213-S
baiyun airport guangzhou	44-47858-B
bajie	59-25548-S
bak	34-60161-S
bak 1941 	33-3407-S
bak choy	20-68276-B
bak mei white eyebrow chinese martial art	44-42873-S
bake	40-26387-S,40-40636-B,40-41116-S,40-41602-B,40-41787-B,40-44749-S,40-44859-S,41-26069-S
bake e g mineral ore	40-44989-S
baked seseme seed coated cake	41-27891-B
bakelite	52-48897-B,63-41615-S,63-41713-S
bakelite early plastic	67-31060-B
baker	71-13504-B
baker name	59-28819-B
bakeri	55-22753-S
baking pan	69-10132-B
baking soda	21-60-B,55-39014-B
baking soda used to leaven bread	40-45059-B,44-32624-B,60-16594-B
baking tray	40-42101-B
baku capital of azerbaijan	22-5461-B
bakufu	19-56410-S,19-56461-S
bakufu or tent government	22-34287-B
bakuninism	22-7499-B
balakirev	22-5909-S
balance	9-24666-S,12-19755-S,20-51542-B,22-44782-B,22-44837-B,23-49660-S,26-3050-S,29-41194-S,34-8882-S,35-19054-B,46-15218-S,46-36500-S,46-36631-S,49-40806-B,49-44830-B,58-36030-S,59-49436-S,61-66887-S,71-46712-S
balance after stroke	51-6396-S
balance an account	32-22101-S
balance arm	47-23198-S
balance beam	22-44914-B
balance between income and expenditure	29-41279-B
balance career and family	8-7004-S
balance financial	22-922-B
balance of a watch or clock	29-30840-B
balance of black and white in tv screen setup	20-51591-S
balance of power	9-47428-B,15-47452-B
balance of power 成语 saw	10-7515-B
balance of trade	8-45764-S
balance resources	27-71043-S
balance sheet	4-27437-S,5-64154-S,6-165-S,6-1407-S,12-23253-S,35-17949-S,59-45916-S,59-52795-B
balance wheel	29-30840-B
balanced	15-48470-B,47-34200-B
balcony	34-51192-S,34-51511-B,61-1287-S,66-36566-B
bald	6-60354-B,7-7041-B,7-11632-B,47-11023-B,47-41420-S,58-57844-S,68-41320-S,70-24485-S,70-25476-B,70-27822-B
bald eagle	6-60436-B,44-48911-B,47-11223-B,51-7437-S
bald head	47-11139-B
bald headed person disrespectful	7-13958-B
baldness	47-11182-B,52-34930-B
baldr or baldur	11-8653-B
baldur	11-8653-S
bale of cotton	65-41197-S
bale out water	26-66194-S
baleful	41-4675-B
bales of cloth	49-48008-S,49-48071-S
bali	22-9480-S,22-9899-S
bali island	21-38644-B,21-38710-B
bali island in indonesia	22-4179-B,22-4237-B
balkan	22-8338-B
balkan peninsula	22-8387-B
balkans	37-40528-S,37-40582-S
balkenende 1956 	22-8171-S
ball	3-11924-S,6-37731-S,15-24265-B,15-24501-B,23-46884-B,26-46926-S,29-26504-S,29-26644-S,29-26644-S,31-1151-S,34-18836-S,35-6454-S,36-17049-B,42-51378-B,42-51878-S,45-39122-S,53-32592-B,60-12136-S,60-47448-S,70-18158-S,70-18215-S,70-36607-S
ball baseball	43-47485-S
ball bearing	39-34602-B
ball boy tennis	42-52334-B
ball game	33-30715-S,45-65598-S,65-38946-S
ball games	42-52560-S
ball i e on the line	16-33392-S
ball in billiards	36-4218-S
ball in pingpong	44-31533-S
ball in soccer	66-45900-S
ball in sport	42-51830-B
ball in western magic	36-41637-S
ball lightly sport	61-10511-S
ball math 	65-38946-S
ball of fluff containing seeds	49-50379-B
ball of string	50-16587-B
ball point pen	48-15005-S
ball rugby	35-339-S
ball sense	42-51878-B
ball served by the goal keeper	65-23203-S
ball snack	69-5601-S
ball sport	29-19847-S
ball sports	42-52784-S,42-53108-B
ball tennis or table tennis	30-35967-S
ball volleyball	28-27068-S
ball within bounds sports	43-47485-B
ballad	36-22910-B,45-66622-B,58-57889-S
ballad and dancing monologue	58-45633-S
ballad tune in southern dialects	23-50063-B
ballads	58-58863-S
ballast	64-54794-S
ballet	53-32104-B,53-53910-B,53-53949-B
ballistic	23-50245-B
ballistics	20-35521-B
balloon	36-29294-B,41-19933-S
ballot	2-29318-S,2-78235-S,7-61202-S,46-64520-S,63-844-B
ballot box	27-3070-B,46-64340-B
ballot in share dealing	27-17642-S
balloting	45-9592-S
ballpoint	15-24265-B
ballpoint pen	11-32539-B,15-24443-B
ballroom	53-32346-B
ballroom dancing	3-71670-B,15-10292-S,53-32399-B
balls	3-1776-B,5-41860-S,34-57601-S,40-30921-S,42-52090-S,54-42477-S,54-42524-S
balls moth balls	34-57601-S,54-42524-S
ballycotton irish baile choitín	59-28864-B
balm	37-23448-B
balmy	53-62279-B,68-60030-B
balochi national minority of pakistan and afghanistan	5-51464-B
balochistan pakistan	5-51562-B
balsam	69-26711-B,69-29644-B,70-51618-B
balsamic vinegar	69-30904-B
balsamina	70-51618-S
balsaminaceae a flower family including impatiens balsamina	70-51618-B
baltic	22-8133-B
baltic sea	37-40986-B
baltimore	22-8538-B
balu chaung river	37-56498-S,37-56579-S
balustrade	35-16024-B
balzac	22-8468-S
bama yaozu autonomous county in guangxi	22-10808-B
bamako capital of mali	22-10933-B
bamboo	30-32870-S,46-19229-S,47-10729-S,48-1882-B,48-1911-S,48-2237-B,48-17128-S,48-20058-S,48-22320-S,48-22422-S,48-22556-S,48-22761-S,48-22761-S,48-23182-B,48-24781-B,48-27563-B,48-27563-S,48-30418-B,48-32597-B,48-32816-B,48-32942-S,48-32992-S,48-35521-S,48-35791-B,48-39684-B,48-40013-S,48-40066-B,48-43998-S,53-65866-S,54-9906-S,54-28840-B,55-1534-S
bamboo air pipe used to aerate granary	36-29732-B
bamboo and silk writing materials before paper	48-2561-B
bamboo and wood	48-2687-B
bamboo archaic	48-13903-B,48-13942-B
bamboo basket	48-22458-S,55-7182-B
bamboo basket used to serve dimsum 點心 点心 such as jiǎozi 餃子 饺子	48-44105-S
bamboo bow or crossbow	48-23515-S
bamboo brush for utensils	48-13992-B
bamboo carriage	48-3606-S
bamboo conduit	34-13698-B,48-22556-B
bamboo drying frame	40-41315-B,40-41370-B
bamboo fish traditionally used by daoist priests	39-42849-S,70-39180-S
bamboo fish trap	48-19983-B,48-44837-B
bamboo flute	48-5668-B
bamboo flute with 7 or 8 holes	48-3745-B,48-34768-B
bamboo flute with 8 holes	48-23386-B
bamboo for fishing rod	48-42151-S
bamboo frame for drying clothes	48-32847-B
bamboo grove	48-30418-B
bamboo growing tall along water	55-1586-B
bamboo hat	48-33235-B
bamboo ladle	48-4044-S
bamboo mat	48-8102-S,48-34429-S,48-44758-S,54-23109-B
bamboo mat for sitting	48-22924-B
bamboo mold	48-13764-B
bamboo or birch for corporal punishment	33-29748-B
bamboo or wicker scoop	43-53189-S
bamboo or wood	34-45422-S
bamboo or wood railings	48-44944-S
bamboo pen for sheep or cattle	34-22982-S
bamboo pipe	48-2995-B,48-3053-B
bamboo plant	48-32770-S
bamboo pole	48-22846-B
bamboo raft	48-2642-B,48-39714-B
bamboo rain hat	48-5831-B
bamboo reed instrument	57-53806-S,57-53924-S
bamboo rope	48-19575-B
bamboo screen	48-13510-B,48-23597-B
bamboo sedan chair	48-27821-B
bamboo shavings bambusa tuldoides used in chinese medicine	48-3330-B
bamboo shoot	48-20023-B
bamboo shoots	48-2948-B,48-24717-B
bamboo slats	50-49972-S
bamboo splints for baskets	48-35143-B
bamboo strips	33-48656-S,48-3890-S,48-5782-S
bamboo tokens on a counting board	48-43053-S
bamboo trestlework	34-22982-S
bamboo tube	48-2995-B,48-25414-S,67-44626-B
bamboo utensil	48-44877-B
bamboo with a big knife chop leaving the minor details to clear up later	61-44878-S
bamboo with black patches	48-4094-B
bamboo with thin	48-23253-B
bamboo writing slips in ancient times joined together to form whole scrolls	48-3099-B
bamboo 成语 saw	46-19108-S
bamboos good for poles	48-34223-B
bamboos placed across wooden frames on which grain may be stored in damp climates	48-4191-B
bambusa tuldoides used in chinese medicine	48-3330-S
ban	7-42605-S,11-58658-S,11-58858-B,33-46621-S,42-46221-S,47-218-B,47-317-B,47-1132-S,50-54905-B,62-57912-S,65-36192-S,65-40123-S,70-40926-S
ban chao 33 102	42-47774-B
ban e g for athletes	47-1349-S
ban e g on weapons	47-1524-S
ban gu 32 92	42-46673-B
ban ki moon 1944 	39-57789-B
ban on alcohol	26-14267-S,47-1594-B,47-1662-B
ban on logging	47-268-S
ban on widow remarrying	24-9982-S
ban treaty	7-42693-S,47-894-S
banal	5-33368-B
banality	66-29129-B
banana	53-53715-B,55-14170-B,69-30715-B
banco delta asia s a r l	10-38497-B
bancorp	12-36384-B
band	22-27849-B,22-28427-B,33-11410-B,34-47643-B,34-50083-B,35-6511-S,35-26445-S,37-39724-S,38-2930-S,44-65967-S,49-23954-S,57-12472-S,58-34132-S,60-65691-S,61-14457-S,61-17065-S,62-37265-S,68-42023-S,68-42023-S
band aid	9-36000-B
band aid loan	63-18262-B
band for the hair	50-28258-B
band of accomplice	8-31206-B
band on the edge of a dress	56-55681-S
band type of pop group	43-45804-S
banda aceh	42-48123-B
bandage	30-18456-B,35-6646-S,50-38967-B
bandai toy company	54-43385-B
bandar seri begawan capital of brunei	30-42984-B
banded marble	46-8557-S
bandit	10-37396-B,10-37425-B,11-65812-S,15-29980-B,18-25521-S,20-6470-B,23-44861-B,38-2930-S,45-6418-B,45-6480-B,61-68435-S,68-31352-B
bandit as one s father 成语 saw	58-22059-S
bandit chieftain	39-1951-B
bandit den	10-37536-B
bandits	9-38575-S,9-38616-S,10-9795-S,10-9836-S,10-13550-S,14-29310-S,14-44222-S,23-63296-S,30-7490-S,38-59096-S,44-37022-S,53-16181-S,54-14319-B
bandits secret jargon	71-33202-B
bandits used by the nationalist government in their 1930s campaigns against the communists	9-38657-S
bandits with guns	34-44204-B
bandung city in indonesia	54-48256-B
bandwidth	7-70445-S,22-28468-B,68-41742-B,68-41802-B
bandy legged	50-56574-B
bandy legs	16-44193-B
bane	7-16812-B,36-7248-B
bane buddh 	34-32591-B
bang	3-12168-S,13-27737-B,13-41580-B,13-66545-S,14-444-S,14-31734-S,61-31606-B,61-31892-S,63-59214-B
bang 256 or 247 195 bc	9-43248-S,39-51513-S
bang bang car	60-51069-S
bang car	60-51069-S
bang hair	70-24559-B,70-25209-B
bang in cosmology	17-27111-S
bang 劉邦 刘邦 256 or 247 195 bc	39-51386-S
bang 劉邦 刘邦 in his tent trusts his general a thousand miles away to make better decisions	61-46766-S
bang 劉邦 刘邦 of han and xiangyu 項羽 项羽 of chu	34-30346-S
bangalore	42-46388-B
bange place in tibet	42-47003-S
